time_myr,r_over_R0,radius_cm,velocity_km_s,pressure_erg_cm3,sfr_msun_yr,gas_msun,formed_msun,incident_shell_msun,central_gas_msun,other_shell_msun,halo_msun,gravity_dyne,accretion_dyne,pressure_dyne,uv_dyne,lya_dyne,sn_per_myr,uv_erg_s,lya_erg_s,shell_temperature_K,force_multiplier,shell_loading_msun_myr
0.000000000000000000e+00,1.000000000000000000e+00,3.284137371462504940e+20,1.349156865721391763e-01,0.000000000000000000e+00,4.335262237771667256e-03,1.571841851494696364e+07,0.000000000000000000e+00,1.571841851494696364e+07,0.000000000000000000e+00,0.000000000000000000e+00,1.000000000000000000e+08,-2.692041823144736050e+32,-4.632926617389898747e+30,0.000000000000000000e+00,0.000000000000000000e+00,0.000000000000000000e+00,0.000000000000000000e+00,0.000000000000000000e+00,0.000000000000000000e+00,nan,nan,6.113292879886081209e+04
5.000000000000000000e-01,1.000000000000000000e+00,3.286266869203102597e+20,1.350031684942484544e-01,2.211962660685078211e-12,4.343102519103018110e-03,1.574684512825939246e+07,2.169590550515800714e+03,1.574684512825939246e+07,0.000000000000000000e+00,0.000000000000000000e+00,1.001946519227354228e+08,-2.698659084145404305e+32,-4.644954624216261288e+30,3.001879897127264741e+30,0.000000000000000000e+00,0.000000000000000000e+00,2.214298304089353131e+00,1.066197729888819551e+40,1.961747432280803541e+39,nan,nan,6.125192522019227181e+04
1.000000000000000000e+00,1.000000000000000000e+00,3.288397747750929695e+20,1.350907071413160465e-01,9.192542972666023899e-12,4.350958144207346841e-03,1.577532737369555607e+07,4.343105076398700476e+03,1.577532737369555607e+07,0.000000000000000000e+00,0.000000000000000000e+00,1.003896827391810715e+08,-2.705293335093123936e+32,-4.657013858161065148e+30,1.249148920347307518e+31,0.000000000000000000e+00,0.000000000000000000e+00,3.949568272010562708e+00,1.409500668937438445e+40,2.517455947148334143e+39,nan,nan,6.137115327034582151e+04
1.500000000000000000e+00,1.000000000000000000e+00,3.290530008001329234e+20,1.351783025501235302e-01,1.953338259341756851e-11,4.358829142940221987e-03,1.580386535950320214e+07,6.520551256995648146e+03,1.580386535950320214e+07,0.000000000000000000e+00,0.000000000000000000e+00,1.005850931868608892e+08,-2.711944620000331828e+32,-4.669104400296175398e+30,2.657780018070183652e+31,0.000000000000000000e+00,0.000000000000000000e+00,5.313811294645129024e+00,1.625458668648341545e+40,2.828843390483280352e+39,nan,nan,6.149061340019146155e+04
2.000000000000000000e+00,1.000000000000000000e+00,3.292663650850222899e+20,1.352659547574762422e-01,3.261284104166883196e-11,4.366715545215331395e-03,1.583245919414078444e+07,8.701936786597594619e+03,1.583245919414078444e+07,0.000000000000000000e+00,0.000000000000000000e+00,1.007808840047343075e+08,-2.718612982993676154e+32,-4.681226331903932274e+30,4.443173133284204215e+31,0.000000000000000000e+00,0.000000000000000000e+00,6.483239807957720480e+00,1.786013740313732805e+40,3.039388847296382658e+39,nan,nan,6.161030606147672370e+04
2.500000000000000000e+00,1.000000000000000000e+00,3.294798677194114990e+20,1.353536638002034720e-01,4.806208931482900339e-11,4.374617381004591507e-03,1.586110898627788574e+07,1.088726937446184456e+04,1.586110898627788574e+07,0.000000000000000000e+00,0.000000000000000000e+00,1.009770559331992716e+08,-2.725298468314321536e+32,-4.693379734477705119e+30,6.556472984758631732e+31,0.000000000000000000e+00,0.000000000000000000e+00,7.527161057749538919e+00,1.915030712800413675e+40,3.195437726467613344e+39,nan,nan,6.173023170682856289e+04
3.000000000000000000e+00,1.000000000000000000e+00,3.296935087930089800e+20,1.354414297151584345e-01,6.562674537841278221e-11,4.382534680338259249e-03,1.588981484479560889e+07,1.307655674485862255e+04,1.588981484479560889e+07,0.000000000000000000e+00,0.000000000000000000e+00,1.011736097140948623e+08,-2.732001120318239798e+32,-4.705564689722433943e+30,8.964199721896707768e+31,0.000000000000000000e+00,0.000000000000000000e+00,8.481476375220037056e+00,2.023538593644416990e+40,3.317747091702988972e+39,nan,nan,6.185039078975493612e+04
3.500000000000000000e+00,1.000000000000000000e+00,3.299072883955813581e+20,1.355292525392180758e-01,8.511663456432743705e-11,4.390467473305051729e-03,1.591857687878701836e+07,1.526980663707293570e+04,1.591857687878701836e+07,0.000000000000000000e+00,0.000000000000000000e+00,1.013705460907041728e+08,-2.738720983476510810e+32,-4.717781279555182240e+30,1.164147816946437582e+32,0.000000000000000000e+00,0.000000000000000000e+00,9.367670449554003298e+00,2.117584971868746250e+40,3.417341026466297711e+39,nan,nan,6.197078376464656321e+04
4.000000000000000000e+00,1.000000000000000000e+00,3.301212066169534546e+20,1.356171323092834335e-01,1.063817136358021920e-10,4.398415790052250321e-03,1.594739519755752385e+07,1.746702680545859039e+04,1.594739519755752385e+07,0.000000000000000000e+00,0.000000000000000000e+00,1.015678658077571243e+08,-2.745458102375622243e+32,-4.730029586105683612e+30,1.456879705172525519e+32,0.000000000000000000e+00,0.000000000000000000e+00,1.019981751290100291e+01,2.200859610685809603e+40,3.500737453537648082e+39,nan,nan,6.209141108677865850e+04
4.500000000000000000e+00,1.000000000000000000e+00,3.303352635470084178e+20,1.357050690622793321e-01,1.292994387683076681e-10,4.406379660785825561e-03,1.597626991062531061e+07,1.966822501945495605e+04,1.597626991062531061e+07,0.000000000000000000e+00,0.000000000000000000e+00,1.017655696114332527e+08,-2.752212521717764647e+32,-4.742309691716902463e+30,1.773031203131458339e+32,0.000000000000000000e+00,0.000000000000000000e+00,1.098774770346973284e+01,2.275787209785908632e+40,3.572090184730153916e+39,nan,nan,6.221227321231261885e+04
5.000000000000000000e+00,1.000000000000000000e+00,3.305494592756875919e+20,1.357930628351546043e-01,1.537669487389569907e-10,4.414359115770541235e-03,1.600520112772174552e+07,2.187340906362049282e+04,1.600520112772174552e+07,0.000000000000000000e+00,0.000000000000000000e+00,1.019636582493645549e+08,-2.758984286321135174e+32,-4.754621678945577254e+30,2.111279654996635086e+32,0.000000000000000000e+00,0.000000000000000000e+00,1.173864061832036043e+01,2.344048874696388678e+40,3.634194967957420654e+39,nan,nan,6.233337059829779901e+04
5.500000000000000000e+00,1.000000000000000000e+00,3.307637938929907139e+20,1.358811136648820639e-01,1.796960722203014790e-10,4.422354185330079276e-03,1.603418895879180357e+07,2.408258673765324056e+04,1.603418895879180357e+07,0.000000000000000000e+00,0.000000000000000000e+00,1.021621324706383198e+08,-2.765773441120241661e+32,-4.766965630562785134e+30,2.470497267310242050e+32,0.000000000000000000e+00,0.000000000000000000e+00,1.245793687850625453e+01,2.406860296919567605e+40,3.689016140223761653e+39,nan,nan,6.245470370267318503e+04
5.961762928451997290e+00,1.000000000000000000e+00,3.309618608947223593e+20,1.359624815935141506e-01,2.048738884003810668e-10,0.000000000000000000e+00,1.606101035093099438e+07,2.612637339990586042e+04,1.606101035093099438e+07,0.000000000000000000e+00,0.000000000000000000e+00,1.023457716756511480e+08,-2.772058886313505292e+32,-4.778394052067615881e+30,2.820021203888602206e+32,0.000000000000000000e+00,0.000000000000000000e+00,1.309782124137793957e+01,2.460813691944188757e+40,3.734413055266576087e+39,nan,nan,6.256696772712047095e+04
6.000000000000000000e+00,1.000000066796710829e+00,3.309782895972353311e+20,1.365190283166990703e-01,2.070099453984663734e-10,0.000000000000000000e+00,1.606340290645099990e+07,2.612637339990586042e+04,1.606340290645099990e+07,0.000000000000000000e+00,0.000000000000000000e+00,1.023609930257999003e+08,-2.772609083798249618e+32,-4.779558410789753784e+30,2.849706214403842089e+32,0.000000000000000000e+00,0.000000000000000000e+00,1.314987534994215324e+01,2.316233431615082403e+40,3.459810634338136505e+39,nan,nan,6.257627298426913330e+04
6.500000000000000000e+00,1.000182091633320836e+00,3.312531876062506516e+20,2.409346582623594357e-01,2.328318488927287753e-10,0.000000000000000000e+00,1.609472148455331288e+07,2.612637339990586042e+04,1.609472148455331288e+07,0.000000000000000000e+00,0.000000000000000000e+00,1.025602406668556929e+08,-2.779310213246219655e+32,-4.833181917486415404e+30,3.210497847861755633e+32,0.000000000000000000e+00,0.000000000000000000e+00,1.139770769157855668e+01,1.394672497250169968e+40,1.717304964624582592e+39,nan,nan,6.269807890280918218e+04
7.000000000000000000e+00,1.001251825824239772e+00,3.318224966095756329e+20,5.052093511793430691e-01,2.541062815804707707e-10,0.000000000000000000e+00,1.612610102487006970e+07,2.612637339990586042e+04,1.612610102487006970e+07,0.000000000000000000e+00,0.000000000000000000e+00,1.027598761472757906e+08,-2.783557523174487155e+32,-4.950273916803160159e+30,3.515903270765668858e+32,0.000000000000000000e+00,0.000000000000000000e+00,1.031277755642240557e+01,1.110629491654430066e+40,1.220162050499634254e+39,nan,nan,6.282012191891166003e+04
7.500000000000000000e+00,1.003910030964550115e+00,3.329191773841490575e+20,9.057940236149822910e-01,2.710042165001436408e-10,0.000000000000000000e+00,1.615754164606539719e+07,2.612637339990586042e+04,1.615754164606539719e+07,0.000000000000000000e+00,0.000000000000000000e+00,1.029599002219970077e+08,-2.783403374163743497e+32,-5.121865057413484662e+30,3.774535703714990077e+32,0.000000000000000000e+00,0.000000000000000000e+00,9.565667626113858901e+00,9.440013366114156889e+39,9.495690608344005229e+38,nan,nan,6.294240249409156240e+04
8.000000000000000000e+00,1.008750816058066935e+00,3.347414028544544604e+20,1.421261455346557012e+00,2.829817891566172982e-10,0.000000000000000000e+00,1.618904346703440137e+07,2.612637339990586042e+04,1.618904346703440137e+07,0.000000000000000000e+00,0.000000000000000000e+00,1.031603136474255919e+08,-2.777246721432148256e+32,-5.339757865124849182e+30,3.984622801684955684e+32,0.000000000000000000e+00,0.000000000000000000e+00,8.993050305861709504e+00,8.287575226057805067e+39,7.738356874604567304e+38,nan,nan,6.306492109076217457e+04
8.500000000000000000e+00,1.016263841555625103e+00,3.374531761852025405e+20,2.029548185395772641e+00,2.894850636302897583e-10,0.000000000000000000e+00,1.622060660690362006e+07,2.612637339990586042e+04,1.622060660690362006e+07,0.000000000000000000e+00,0.000000000000000000e+00,1.033611171814401895e+08,-2.763880769585615313e+32,-5.595436491966819255e+30,4.142505226263938987e+32,0.000000000000000000e+00,0.000000000000000000e+00,8.529608482952426129e+00,7.423764379914726345e+39,6.491627538493935580e+38,nan,nan,6.318767817223691964e+04
9.000000000000000000e+00,1.026830238899557601e+00,3.411828633629845094e+20,2.707581591519204522e+00,2.902216267396601495e-10,0.000000000000000000e+00,1.625223118503146432e+07,2.612637339990586042e+04,1.625223118503146432e+07,0.000000000000000000e+00,0.000000000000000000e+00,1.035623115833946615e+08,-2.742549922489009180e+32,-5.879915169119666514e+30,4.245355423206312726e+32,0.000000000000000000e+00,0.000000000000000000e+00,8.141586756204215902e+00,6.743869894217178911e+39,5.557616152296247348e+38,nan,nan,6.331067420273103926e+04
9.500000000000000000e+00,1.040719242856004589e+00,3.460219572756696269e+20,3.431838980195185851e+00,2.852978561287443966e-10,0.000000000000000000e+00,1.628391732100869901e+07,2.612637339990586042e+04,1.628391732100869901e+07,0.000000000000000000e+00,0.000000000000000000e+00,1.037638976141209900e+08,-2.712982656879710277e+32,-6.183957422176200583e+30,4.292553226172425582e+32,0.000000000000000000e+00,0.000000000000000000e+00,7.808979386363622766e+00,6.190625078790418998e+39,4.831152056802783793e+38,nan,nan,6.343390964736341266e+04
1.000000000000000000e+01,1.058088714434637589e+00,3.520251316038969590e+20,4.179362657061276742e+00,2.752471200316040357e-10,0.000000000000000000e+00,1.631566513465885073e+07,2.612637339990586042e+04,1.631566513465885073e+07,0.000000000000000000e+00,0.000000000000000000e+00,1.039658760359320790e+08,-2.675382784496595482e+32,-6.498480477725212377e+30,4.286274560164844343e+32,0.000000000000000000e+00,0.000000000000000000e+00,7.518846470948925109e+00,5.729340708611908362e+39,4.250278277169306087e+38,nan,nan,6.355738497215825191e+04
1.050000000000000000e+01,1.078990893559447439e+00,3.592120362170012140e+20,4.928903097343880546e+00,2.609611462688550236e-10,0.000000000000000000e+00,1.634747474603870139e+07,2.612637339990586042e+04,1.634747474603870139e+07,0.000000000000000000e+00,0.000000000000000000e+00,1.041682476126247495e+08,-2.630374808499136643e+32,-6.815015805782250689e+30,4.231433070011905591e+32,0.000000000000000000e+00,0.000000000000000000e+00,7.262313663518357387e+00,5.337474017027166680e+39,3.775789184144435329e+38,nan,nan,6.368110064404691366e+04
1.100000000000000000e+01,1.103383314909742285e+00,3.675708197969942938e+20,5.661927099631226312e+00,2.435543859999697953e-10,0.000000000000000000e+00,1.637934627543871664e+07,2.612637339990586042e+04,1.637934627543871664e+07,0.000000000000000000e+00,0.000000000000000000e+00,1.043710131094825119e+08,-2.578911308005818053e+32,-7.126120750275140443e+30,4.135117672567593357e+32,0.000000000000000000e+00,0.000000000000000000e+00,7.032998490568856731e+00,4.999583436798898880e+39,3.381516140759879768e+38,nan,nan,6.380505713086962351e+04
1.150000000000000000e+01,1.131143762633169958e+00,3.770630127331118285e+20,6.363312517208032482e+00,2.242046395665082211e-10,0.000000000000000000e+00,1.641127984338351153e+07,2.612637339990586042e+04,1.641127984338351153e+07,0.000000000000000000e+00,0.000000000000000000e+00,1.045741732932785451e+08,-2.522158724230058462e+32,-7.425668680672959460e+30,4.005736021669879481e+32,0.000000000000000000e+00,0.000000000000000000e+00,6.826180033133725900e+00,4.704674349126556152e+39,3.049270372467312762e+38,nan,nan,6.392925490137728775e+04
1.200000000000000000e+01,1.162087542147334229e+00,3.876292021067224842e+20,7.021653428850653356e+00,2.040111594350736136e-10,0.000000000000000000e+00,1.644327557063231058e+07,2.612637339990586042e+04,1.644327557063231058e+07,0.000000000000000000e+00,0.000000000000000000e+00,1.047777289322785884e+08,-2.461380588996242818e+32,-7.708985247960920014e+30,3.852092990577676646e+32,0.000000000000000000e+00,0.000000000000000000e+00,6.638223603799640493e+00,4.444640609075097904e+39,2.765968863105603542e+38,nan,nan,6.405369442523325415e+04
1.250000000000000000e+01,1.195985228502055797e+00,3.991948879886474936e+20,7.629194524532042720e+00,1.838966262109040277e-10,0.000000000000000000e+00,1.647533357817939296e+07,2.612637339990586042e+04,1.647533357817939296e+07,0.000000000000000000e+00,0.000000000000000000e+00,1.049816807962437719e+08,-2.397834453495853738e+32,-7.972836217651256837e+30,3.682591683440635729e+32,0.000000000000000000e+00,0.000000000000000000e+00,6.466321280056868126e+00,4.213377097035741888e+39,2.521968164902547528e+38,nan,nan,6.417837617301503633e+04
1.300000000000000000e+01,1.232579318481885844e+00,4.116759965064966308e+20,8.181479160097930858e+00,1.645605184442583378e-10,0.000000000000000000e+00,1.650745398725455813e+07,2.612637339990586042e+04,1.650745398725455813e+07,0.000000000000000000e+00,0.000000000000000000e+00,1.051860296564335972e+08,-2.332692687300894518e+32,-8.215299065063697335e+30,3.504665729331799641e+32,0.000000000000000000e+00,0.000000000000000000e+00,6.308210104187201850e+00,4.006156345879150237e+39,2.309975058969814263e+38,nan,nan,6.430330061621616187e+04
1.350000000000000000e+01,1.271598698439133868e+00,4.249836844461865697e+20,8.676822193165889985e+00,1.464764371672476215e-10,0.000000000000000000e+00,1.653963691932357661e+07,2.612637339990586042e+04,1.653963691932357661e+07,0.000000000000000000e+00,0.000000000000000000e+00,1.053907762856089175e+08,-2.266990600514013119e+32,-8.435561857175473991e+30,3.324467920482560571e+32,0.000000000000000000e+00,0.000000000000000000e+00,6.162079279400687781e+00,3.819274020042459928e+39,2.124389497088501790e+38,nan,nan,6.442846822724798403e+04
1.400000000000000000e+01,1.312770368526892328e+00,4.390282450668914606e+20,9.115713984693639915e+00,1.299187741323849891e-10,0.000000000000000000e+00,1.657188249608865939e+07,2.612637339990586042e+04,1.657188249608865939e+07,0.000000000000000000e+00,0.000000000000000000e+00,1.055959214580346197e+08,-2.201599997277742424e+32,-8.633691712412758572e+30,3.146782319711769598e+32,0.000000000000000000e+00,0.000000000000000000e+00,6.026432967275776598e+00,3.649762866321611910e+39,1.960819800381648555e+38,nan,nan,6.455387947944128973e+04
1.450000000000000000e+01,1.355828316058973027e+00,4.537220751089126605e+20,9.500237576474553691e+00,1.150035677932093658e-10,0.000000000000000000e+00,1.660419083948891424e+07,2.612637339990586042e+04,1.660419083948891424e+07,0.000000000000000000e+00,0.000000000000000000e+00,1.058014659494828731e+08,-2.137223133028578031e+32,-8.810405862558541347e+30,2.975096090009392222e+32,0.000000000000000000e+00,0.000000000000000000e+00,5.900037749072955862e+00,3.495228720492665860e+39,1.815793345181888346e+38,nan,nan,6.467953484704832954e+04
1.500000000000000000e+01,1.400519747099336021e+00,4.689817687193934889e+20,9.833551148514727558e+00,1.017319631258961359e-10,0.000000000000000000e+00,1.663656207170080021e+07,2.612637339990586042e+04,1.663656207170080021e+07,0.000000000000000000e+00,0.000000000000000000e+00,1.060074105372357965e+08,-2.074400991982778275e+32,-8.966866646652777324e+30,2.811766223271994002e+32,0.000000000000000000e+00,0.000000000000000000e+00,5.781860686054207221e+00,3.353707457669403115e+39,1.686513999927770222e+38,nan,nan,6.480543480524443294e+04
1.550000000000000000e+01,1.446609064151243462e+00,4.847294642742929654e+20,1.011946079179506697e+01,9.002915053856820950e-11,0.000000000000000000e+00,1.666899631513859890e+07,2.612637339990586042e+04,1.666899631513859890e+07,0.000000000000000000e+00,0.000000000000000000e+00,1.062137560000885576e+08,-2.013530190115347880e+32,-9.104511024111924638e+30,2.658225713277146385e+32,0.000000000000000000e+00,0.000000000000000000e+00,5.671017412557170623e+00,3.223568949467598449e+39,1.570709560035802133e+38,nan,nan,6.493157983012988552e+04
1.600000000000000000e+01,1.493880043280444658e+00,5.008935926887552778e+20,1.036208877008206564e+01,7.977564015402689619e-11,0.000000000000000000e+00,1.670149369245487824e+07,2.612637339990586042e+04,1.670149369245487824e+07,0.000000000000000000e+00,0.000000000000000000e+00,1.064205031183522344e+08,-1.954883940838620834e+32,-9.224917214698264011e+30,2.515191835067387842e+32,0.000000000000000000e+00,0.000000000000000000e+00,5.566749716099465672e+00,3.103446768733989076e+39,1.466510493792847617e+38,nan,nan,6.505797039873171889e+04
1.650000000000000000e+01,1.542136653990692441e+00,5.174091732271286845e+20,1.056562975405097404e+01,7.083032900595743736e-11,0.000000000000000000e+00,1.673405432654093765e+07,2.612637339990586042e+04,1.673405432654093765e+07,0.000000000000000000e+00,0.000000000000000000e+00,1.066276526738567948e+08,-1.898633848414563443e+32,-9.329705897613608298e+30,2.382853659198736857e+32,0.000000000000000000e+00,0.000000000000000000e+00,5.468433766915326899e+00,2.992205184229002727e+39,1.372383933691272272e+38,nan,nan,6.518460698900547868e+04
1.700000000000000000e+01,1.591202911139076415e+00,5.342177854484873216e+20,1.073418161357103884e+01,6.304630825261116804e-11,0.000000000000000000e+00,1.676667834052730538e+07,2.612637339990586042e+04,1.676667834052730538e+07,0.000000000000000000e+00,0.000000000000000000e+00,1.068352054499541074e+08,-1.844870497948705793e+32,-9.420470931090236950e+30,2.261029404935065983e+32,0.000000000000000000e+00,0.000000000000000000e+00,5.375495937273907288e+00,2.888860938984442072e+39,1.287035312413277454e+38,nan,nan,6.531149007983710908e+04
1.750000000000000000e+01,1.640922078179274379e+00,5.512673230798564229e+20,1.087163572243717802e+01,5.628089629350929035e-11,0.000000000000000000e+00,1.679936585778416693e+07,2.612637339990586042e+04,1.679936585778416693e+07,0.000000000000000000e+00,0.000000000000000000e+00,1.070431622315207720e+08,-1.793621749050657080e+32,-9.498733798938210626e+30,2.149291737524923292e+32,0.000000000000000000e+00,0.000000000000000000e+00,5.287460317430404011e+00,2.792583434894292561e+39,1.209382589843915100e+38,nan,nan,6.543862015104465536e+04
1.800000000000000000e+01,1.691155469749729523e+00,5.685116122029083197e+20,1.098161240871494471e+01,5.040140830358635508e-11,0.000000000000000000e+00,1.683211700192186236e+07,2.612637339990586042e+04,1.683211700192186236e+07,0.000000000000000000e+00,0.000000000000000000e+00,1.072515238049612194e+08,-1.744868296837829380e+32,-9.565916177580402022e+30,2.047063031369930910e+32,0.000000000000000000e+00,0.000000000000000000e+00,5.203898339965586928e+00,2.702654206229658558e+39,1.138510657875515241e+38,nan,nan,6.556599768338019203e+04
1.850000000000000000e+01,1.741781036918906622e+00,5.859099548040516731e+20,1.106742900174491773e+01,4.528796890749748743e-11,0.000000000000000000e+00,1.686493189679134265e+07,2.612637339990586042e+04,1.686493189679134265e+07,0.000000000000000000e+00,0.000000000000000000e+00,1.074602909582106173e+08,-1.698556480155341389e+32,-9.623325679727572701e+30,1.953684637408347668e+32,0.000000000000000000e+00,0.000000000000000000e+00,5.124424924314869401e+00,2.618444313255126596e+39,1.073631967293314160e+38,nan,nan,6.569362315853155451e+04
1.900000000000000000e+01,1.792691864505943311e+00,6.034266409152515932e+20,1.113209055238174194e+01,4.083442926386341669e-11,0.000000000000000000e+00,1.689781066648463160e+07,2.612637339990586042e+04,1.689781066648463160e+07,0.000000000000000000e+00,0.000000000000000000e+00,1.076694644807378352e+08,-1.654608551235612496e+32,-9.672150840814675486e+30,1.868466493078029655e+32,0.000000000000000000e+00,0.000000000000000000e+00,5.048723577883212243e+00,2.539419644995347048e+39,1.014083646048601442e+38,nan,nan,6.582149705912418722e+04
1.950000000000000000e+01,1.843794668770786904e+00,6.210304589464907284e+20,1.117829571118412524e+01,3.694810056643293440e-11,0.000000000000000000e+00,1.693075343533529714e+07,2.612637339990586042e+04,1.693075343533529714e+07,0.000000000000000000e+00,0.000000000000000000e+00,1.078790451635485142e+08,-1.612930729593640462e+32,-9.713462352333628266e+30,1.790720408056844464e+32,0.000000000000000000e+00,0.000000000000000000e+00,4.976494921492106371e+00,2.465103080467125993e+39,9.592870934264269261e+37,nan,nan,6.594961986872300622e+04
2.000000000000000000e+01,1.895008352018734188e+00,6.386942232639408701e+20,1.120845188512213753e+01,3.354883725190660838e-11,0.000000000000000000e+00,1.696376032791893557e+07,2.612637339990586042e+04,1.696376032791893557e+07,0.000000000000000000e+00,0.000000000000000000e+00,1.080890337991879731e+08,-1.573419394527726687e+32,-9.748218179645752552e+30,1.719781659596685906e+32,0.000000000000000000e+00,0.000000000000000000e+00,4.907477611985347821e+00,2.395077269791516507e+39,9.087424371798603132e+37,nan,nan,6.607799207183417457e+04
2.050000000000000000e+01,1.946262647442036142e+00,6.563943303348517601e+20,1.122469578020827186e+01,3.056781238976842989e-11,0.000000000000000000e+00,1.699683146905362234e+07,2.612637339990586042e+04,1.699683146905362234e+07,0.000000000000000000e+00,0.000000000000000000e+00,1.082994311817442328e+08,-1.535965757379499780e+32,-9.777270993236133645e+30,1.655022359479769848e+32,0.000000000000000000e+00,0.000000000000000000e+00,4.841424863759510089e+00,2.328968904263090057e+39,8.620133564452702112e+37,nan,nan,6.620661415390696493e+04
2.100000000000000000e+01,1.997496872130021917e+00,6.741103496245030420e+20,1.122891647410691007e+01,2.794618295818805375e-11,0.000000000000000000e+00,1.702996698380039632e+07,2.612637339990586042e+04,1.702996698380039632e+07,0.000000000000000000e+00,0.000000000000000000e+00,1.085102381068510115e+08,-1.500459318208276902e+32,-9.801376750786709697e+30,1.595858392328494431e+32,0.000000000000000000e+00,0.000000000000000000e+00,4.778145414623333309e+00,2.266460242852524101e+39,8.187264137915069735e+37,nan,nan,6.633548660133556405e+04
2.150000000000000000e+01,2.048658794696685437e+00,6.918246515846968771e+20,1.122277915462499998e+01,2.563378590471338906e-11,0.000000000000000000e+00,1.706316699746372923e+07,2.612637339990586042e+04,1.706316699746372923e+07,0.000000000000000000e+00,0.000000000000000000e+00,1.087214553716907799e+08,-1.466790367686960893e+32,-9.821203664469510717e+30,1.541752576396315028e+32,0.000000000000000000e+00,0.000000000000000000e+00,4.717429553968803368e+00,2.207251190895169647e+39,7.785429934387550249e+37,nan,nan,6.646460990146094991e+04
2.200000000000000000e+01,2.099703617300138436e+00,7.095220728295597015e+20,1.120774832864136883e+01,2.358792181155233189e-11,0.000000000000000000e+00,1.709643163559201360e+07,2.612637339990586042e+04,1.709643163559201360e+07,0.000000000000000000e+00,0.000000000000000000e+00,1.089330837749977112e+08,-1.434851749781266871e+32,-9.837341056389054537e+30,1.492214874881264317e+32,0.000000000000000000e+00,0.000000000000000000e+00,4.659115560278905832e+00,2.151086696732565917e+39,7.411735911410126818e+37,nan,nan,6.659398454257273988e+04
2.250000000000000000e+01,2.150593067250425872e+00,7.271896170465310802e+20,1.118510984709385347e+01,2.177226442750359833e-11,0.000000000000000000e+00,1.712976102397800237e+07,2.612637339990586042e+04,1.712976102397800237e+07,0.000000000000000000e+00,0.000000000000000000e+00,1.091451241170607209e+08,-1.404540059718804566e+32,-9.850307824797288782e+30,1.446801008804550505e+32,0.000000000000000000e+00,0.000000000000000000e+00,4.603037225348507455e+00,2.097730056281043159e+39,7.063581606275982559e+37,nan,nan,6.672361101391098055e+04
2.300000000000000000e+01,2.201294590860777500e+00,7.448161893225374679e+20,1.115599115369399996e+01,2.015589798403067912e-11,0.000000000000000000e+00,1.716315528865932301e+07,2.612637339990586042e+04,1.716315528865932301e+07,0.000000000000000000e+00,0.000000000000000000e+00,1.093575771997265220e+08,-1.375756415965198969e+32,-9.860560265538938920e+30,1.405109698405367499e+32,0.000000000000000000e+00,0.000000000000000000e+00,4.549059820833450729e+00,2.046974994392414420e+39,6.738693415885332238e+37,nan,nan,6.685348980566805403e+04
2.350000000000000000e+01,2.251780640707543135e+00,7.623923610484791050e+20,1.112137982857527874e+01,1.871249341695581064e-11,0.000000000000000000e+00,1.719661455591892824e+07,2.612637339990586042e+04,1.719661455591892824e+07,0.000000000000000000e+00,0.000000000000000000e+00,1.095704438264026642e+08,-1.348406915093320743e+32,-9.868499269300349501e+30,1.366779942441455961e+32,0.000000000000000000e+00,0.000000000000000000e+00,4.497054280089091804e+00,1.998632754435993145e+39,6.435033349284449070e+37,nan,nan,6.698362140899052611e+04
2.400000000000000000e+01,2.302028047861524485e+00,7.799101626846901699e+20,1.108214032324185894e+01,1.741959572821376285e-11,0.000000000000000000e+00,1.723013895228558779e+07,2.612637339990586042e+04,1.723013895228558779e+07,0.000000000000000000e+00,0.000000000000000000e+00,1.097837248020604849e+08,-1.322402853459133097e+32,-9.874476841691881513e+30,1.331487503364895699e+32,0.000000000000000000e+00,0.000000000000000000e+00,4.446900316372750517e+00,1.952532175820309447e+39,6.150786436808520653e+37,nan,nan,6.711400631598093605e+04
2.450000000000000000e+01,2.352017469927055071e+00,7.973629014093481902e+20,1.103902878489184047e+01,1.625802041113240838e-11,0.000000000000000000e+00,1.726372860453436151e+07,2.612637339990586042e+04,1.726372860453436151e+07,0.000000000000000000e+00,0.000000000000000000e+00,1.099974209332382530e+08,-1.297660780585261287e+32,-9.878801893161773084e+30,1.298941461816584746e+32,0.000000000000000000e+00,0.000000000000000000e+00,4.398481636654947735e+00,1.908515542831849626e+39,5.884316146179040671e+37,nan,nan,6.724464501969976118e+04
2.500000000000000000e+01,2.401732906285710900e+00,8.147450008461532201e+20,1.099270626179212407e+01,1.521134673312783422e-11,0.000000000000000000e+00,1.729738363968707249e+07,2.612637339990586042e+04,1.729738363968707249e+07,0.000000000000000000e+00,0.000000000000000000e+00,1.102115330280441642e+08,-1.274102433550733614e+32,-9.881745412083603776e+30,1.268881129479364736e+32,0.000000000000000000e+00,0.000000000000000000e+00,4.351708408482029888e+00,1.866445760037520489e+39,5.634179633724756882e+37,nan,nan,6.737553801416720671e+04
2.550000000000000000e+01,2.451161273043021893e+00,8.320518604266825318e+20,1.094375038364480446e+01,1.426548857149114550e-11,0.000000000000000000e+00,1.733110418501280993e+07,2.612637339990586042e+04,1.733110418501280993e+07,0.000000000000000000e+00,0.000000000000000000e+00,1.104260618961594403e+08,-1.251654589321205022e+32,-9.883545052096756388e+30,1.241072939168709345e+32,0.000000000000000000e+00,0.000000000000000000e+00,4.306485595483867890e+00,1.826194082875540587e+39,5.399073070095339618e+37,nan,nan,6.750668579436511209e+04
2.600000000000000000e+01,2.500292030480061545e+00,8.492797320329636086e+20,1.089266563099567087e+01,1.340833483443629996e-11,0.000000000000000000e+00,1.736489036802837998e+07,2.612637339990586042e+04,1.736489036802837998e+07,0.000000000000000000e+00,0.000000000000000000e+00,1.106410083488413244e+08,-1.230248862839252987e+32,-9.884409173901893388e+30,1.215307646263741578e+32,0.000000000000000000e+00,0.000000000000000000e+00,4.262722040693135206e+00,1.787640628949156886e+39,5.177799902048120602e+37,nan,nan,6.763808885623881361e+04
2.650000000000000000e+01,2.549116856696901579e+00,8.664256118542035845e+20,1.083989234685749992e+01,1.262944600832043952e-11,0.000000000000000000e+00,1.739874231649880484e+07,2.612637339990586042e+04,1.739874231649880484e+07,0.000000000000000000e+00,0.000000000000000000e+00,1.108563731989261806e+08,-1.209821471402317985e+32,-9.884520399109333526e+30,1.191397619606033486e+32,0.000000000000000000e+00,0.000000000000000000e+00,4.220339632444344069e+00,1.750678733957971999e+39,4.969300458677766649e+37,nan,nan,6.776974769669896341e+04
2.700000000000000000e+01,2.597629361530621406e+00,8.834871455152807608e+20,1.078581459815169907e+01,1.191980205626834533e-11,0.000000000000000000e+00,1.743266015843781456e+07,2.612637339990586042e+04,1.743266015843781456e+07,0.000000000000000000e+00,0.000000000000000000e+00,1.110721572608326375e+08,-1.190312980509185563e+32,-9.884038715198616077e+30,1.169174615245920213e+32,0.000000000000000000e+00,0.000000000000000000e+00,4.179283315094127538e+00,1.715217060182039781e+39,4.772643922291505188e+37,nan,nan,6.790166281362352311e+04
2.750000000000000000e+01,2.645824835928382246e+00,9.004625448979629343e+20,1.073076713784825742e+01,1.127158910343538117e-11,0.000000000000000000e+00,1.746664402210830897e+07,2.612637339990586042e+04,1.746664402210830897e+07,0.000000000000000000e+00,0.000000000000000000e+00,1.112883613505645394e+08,-1.171668041959196894e+32,-9.883104232728043072e+30,1.148487620506292844e+32,0.000000000000000000e+00,0.000000000000000000e+00,4.139460033364301239e+00,1.681155590391308861e+39,4.586911817872026611e+37,nan,nan,6.803383470585955365e+04
2.800000000000000000e+01,2.693700032293826041e+00,9.173505151824995287e+20,1.067504142044483650e+01,1.067802024090169819e-11,0.000000000000000000e+00,1.750069403602286056e+07,2.612637339990586042e+04,1.750069403602286056e+07,0.000000000000000000e+00,0.000000000000000000e+00,1.115049862857141644e+08,-1.153835131983076241e+32,-9.881839569460943833e+30,1.129200917038157787e+32,0.000000000000000000e+00,0.000000000000000000e+00,4.100822861924490859e+00,1.648416783623755496e+39,4.411329680689047113e+37,nan,nan,6.816626387322515075e+04
2.850000000000000000e+01,2.741252971794913673e+00,9.341501907895645635e+20,1.061889089317574175e+01,1.013318663481528156e-11,0.000000000000000000e+00,1.753481032894418389e+07,2.612637339990586042e+04,1.753481032894418389e+07,0.000000000000000000e+00,0.000000000000000000e+00,1.117220328854651898e+08,-1.136766294846584551e+32,-9.880351951804402370e+30,1.111192545717350132e+32,0.000000000000000000e+00,0.000000000000000000e+00,4.063315822016510204e+00,1.616926095862336738e+39,4.245195083342725098e+37,nan,nan,6.829895081651129294e+04
2.900000000000000000e+01,2.788482775478394071e+00,9.508610791878227395e+20,1.056253567355276957e+01,9.631929378092630984e-12,0.000000000000000000e+00,1.756899302988564596e+07,2.612637339990586042e+04,1.756899302988564596e+07,0.000000000000000000e+00,0.000000000000000000e+00,1.119395019705958366e+08,-1.120416895446116464e+32,-9.878735077203344330e+30,1.094352655176384705e+32,0.000000000000000000e+00,0.000000000000000000e+00,4.026875728644040642e+00,1.586608775570250778e+39,4.087823534611667814e+37,nan,nan,6.843189603748374793e+04
2.950000000000000000e+01,2.835389516023576917e+00,9.674830115226438861e+20,1.050616653581785798e+01,9.169732359940954506e-12,0.000000000000000000e+00,1.760324226811173558e+07,2.612637339990586042e+04,1.760324226811173558e+07,0.000000000000000000e+00,0.000000000000000000e+00,1.121573943634820431e+08,-1.104745383312255825e+32,-9.877070700613906248e+30,1.078582127373307769e+32,0.000000000000000000e+00,0.000000000000000000e+00,3.991447612754959628e+00,1.557397698199723668e+39,3.938603164674926724e+37,nan,nan,6.856510003888500796e+04
3.000000000000000000e+01,2.881974087360746672e+00,9.840160991500553421e+20,1.044994843271194895e+01,8.742633288321440994e-12,0.000000000000000000e+00,1.763755817313855141e+07,2.612637339990586042e+04,1.763755817313855141e+07,0.000000000000000000e+00,0.000000000000000000e+00,1.123757108881005049e+08,-1.089713069456525653e+32,-9.875430039146203629e+30,1.063791544138031278e+32,0.000000000000000000e+00,0.000000000000000000e+00,3.956985639177133862e+00,1.529233223086763676e+39,3.796990807309173477e+37,nan,nan,6.869856332443615247e+04
3.050000000000000000e+01,2.928238090203535648e+00,1.000460695436696879e+21,1.039402366325727733e+01,8.347148138538090026e-12,0.000000000000000000e+00,1.767194087473430857e+07,2.612637339990586042e+04,1.767194087473430857e+07,0.000000000000000000e+00,0.000000000000000000e+00,1.125944523700317889e+08,-1.075283916608847797e+32,-9.873875040279030855e+30,1.049900271263187908e+32,0.000000000000000000e+00,0.000000000000000000e+00,3.923477653626629369e+00,1.502071645764400254e+39,3.662539710901808533e+37,nan,nan,6.883228639883878350e+04
3.100000000000000000e+01,2.974183731691202315e+00,1.016817362233304416e+21,1.033851459294658426e+01,7.980202648954456811e-12,0.000000000000000000e+00,1.770639050291980803e+07,2.612637339990586042e+04,1.770639050291980803e+07,0.000000000000000000e+00,0.000000000000000000e+00,1.128136196364634633e+08,-1.061424342978789485e+32,-9.872459470996095008e+30,1.036835098699521617e+32,0.000000000000000000e+00,0.000000000000000000e+00,3.890831580387957622e+00,1.475840993423405863e+39,3.534691425754440662e+37,nan,nan,6.896626976777685923e+04
3.150000000000000000e+01,3.019813736870435417e+00,1.033086840266567582e+21,1.028352596731118318e+01,7.639080845383685832e-12,0.000000000000000000e+00,1.774090718796894327e+07,2.612637339990586042e+04,1.774090718796894327e+07,0.000000000000000000e+00,0.000000000000000000e+00,1.130332135161932409e+08,-1.048103039587578333e+32,-9.871229843139040415e+30,1.024529880397373964e+32,0.000000000000000000e+00,0.000000000000000000e+00,3.859047072265377576e+00,1.450507525421681663e+39,3.413088043681540233e+37,nan,nan,6.910051393791873124e+04
3.200000000000000000e+01,3.065131270900440352e+00,1.049270023085328040e+21,1.022914707001680590e+01,7.321375631489345349e-12,0.000000000000000000e+00,1.777549106040919572e+07,2.612637339990586042e+04,1.777549106040919572e+07,0.000000000000000000e+00,0.000000000000000000e+00,1.132532348396321386e+08,-1.035290800620547376e+32,-9.870226282218236977e+30,1.012924520537001952e+32,0.000000000000000000e+00,0.000000000000000000e+00,3.828068937702146624e+00,1.426019165973599290e+39,3.297308129956074335e+37,nan,nan,6.923501941691893444e+04
3.250000000000000000e+01,3.110139870640089566e+00,1.065367934118081462e+21,1.017545352873893627e+01,7.024949309608827536e-12,0.000000000000000000e+00,1.781014225102210790e+07,2.612637339990586042e+04,1.781014225102210790e+07,0.000000000000000000e+00,0.000000000000000000e+00,1.134736844388075471e+08,-1.022960366262360666e+32,-9.869483252838239413e+30,1.001964422501128555e+32,0.000000000000000000e+00,0.000000000000000000e+00,3.797865409993770314e+00,1.402334530605032719e+39,3.186991713558080671e+37,nan,nan,6.936978671342020971e+04
3.300000000000000000e+01,3.154843384342047141e+00,1.081381706419084067e+21,1.012250892321921114e+01,6.747899471413968535e-12,0.000000000000000000e+00,1.784486089084380120e+07,2.612637339990586042e+04,1.784486089084380120e+07,0.000000000000000000e+00,0.000000000000000000e+00,1.136945631473664194e+08,-1.011086277410349041e+32,-9.869030206332062358e+30,9.915999695961124236e+31,0.000000000000000000e+00,0.000000000000000000e+00,3.768399718930658615e+00,1.379412335916880210e+39,3.081794129307790796e+37,nan,nan,6.950481633705535205e+04
3.350000000000000000e+01,3.199245918612200867e+00,1.097312564826777977e+21,1.007036623229009287e+01,6.488528944509891425e-12,0.000000000000000000e+00,1.787964711116545275e+07,2.612637339990586042e+04,1.787964711116545275e+07,0.000000000000000000e+00,0.000000000000000000e+00,1.139158718005783856e+08,-9.996447415098319486e+31,-9.868892165626999523e+30,9.817859541442812750e+31,0.000000000000000000e+00,0.000000000000000000e+00,3.739662380484523929e+00,1.357224044991271709e+39,2.981447383209244303e+37,nan,nan,6.964010879844914598e+04
3.400000000000000000e+01,3.243351791732222544e+00,1.113161810236033204e+21,1.001906908435158705e+01,6.245320978932589951e-12,0.000000000000000000e+00,1.791450104353380948e+07,2.612637339990586042e+04,1.791450104353380948e+07,0.000000000000000000e+00,0.000000000000000000e+00,1.141376112353390306e+08,-9.886135088017767492e+31,-9.869090230819045502e+30,9.724812232034310638e+31,0.000000000000000000e+00,0.000000000000000000e+00,3.711602390573613075e+00,1.335726386303792312e+39,2.885622308349559948e+37,nan,nan,6.977566460922035913e+04
3.450000000000000000e+01,3.287165492631403119e+00,1.128930805748786921e+21,9.968652862589575392e+00,6.016916145919017986e-12,0.000000000000000000e+00,1.794942281975166872e+07,2.612637339990586042e+04,1.794942281975166872e+07,0.000000000000000000e+00,0.000000000000000000e+00,1.143597822901728898e+08,-9.779717582485457075e+31,-9.869642026920967760e+30,9.636481037005724044e+31,0.000000000000000000e+00,0.000000000000000000e+00,3.684193616711539665e+00,1.314887633461644317e+39,2.794058922657235750e+37,nan,nan,6.991148428198361944e+04
3.500000000000000000e+01,3.330691644629731663e+00,1.144620964410012860e+21,9.919145642714870093e+00,5.802094282605285973e-12,0.000000000000000000e+00,1.798441257187838852e+07,2.612637339990586042e+04,1.798441257187838852e+07,0.000000000000000000e+00,0.000000000000000000e+00,1.145823858052367419e+08,-9.676999924979466293e+31,-9.870562083147209894e+30,9.552521805763680970e+31,0.000000000000000000e+00,0.000000000000000000e+00,3.657420892055599282e+00,1.294681341486515962e+39,2.706527470083282542e+37,nan,nan,7.004756833035136515e+04
3.550000000000000000e+01,3.373934973589905351e+00,1.160233738411739185e+21,9.870569106481680066e+00,5.599758173154142139e-12,0.000000000000000000e+00,1.801947043223038688e+07,2.612637339990586042e+04,1.801947043223038688e+07,0.000000000000000000e+00,0.000000000000000000e+00,1.148054226223227680e+08,-9.577799411379751799e+31,-9.871862206118289144e+30,9.472620021218046401e+31,0.000000000000000000e+00,0.000000000000000000e+00,3.631266340099432277e+00,1.275081212995503032e+39,2.622808041622694785e+37,nan,nan,7.018391726893582381e+04
3.600000000000000000e+01,3.416900279927695738e+00,1.175770609582436385e+21,9.822939254114707808e+00,5.408918781809985767e-12,0.000000000000000000e+00,1.805459653338162601e+07,2.612637339990586042e+04,1.805459653338162601e+07,0.000000000000000000e+00,0.000000000000000000e+00,1.150288935848616362e+08,-9.481944716128573321e+31,-9.873551768502280254e+30,9.396487154985422639e+31,0.000000000000000000e+00,0.000000000000000000e+00,3.605683256072448550e+00,1.256051817482048840e+39,2.542651288159081863e+37,nan,nan,7.032053161335083132e+04
3.650000000000000000e+01,3.459592414010270733e+00,1.191233081005729120e+21,9.776267135093146265e+00,5.228683398942041081e-12,0.000000000000000000e+00,1.808979100816413760e+07,2.612637339990586042e+04,1.808979100816413760e+07,0.000000000000000000e+00,0.000000000000000000e+00,1.152527995379258245e+08,-9.389275072009394104e+31,-9.875638009333748115e+30,9.323859072037131991e+31,0.000000000000000000e+00,0.000000000000000000e+00,3.580661338930882565e+00,1.237572098933021631e+39,2.465876863147434899e+37,nan,nan,7.045741188021397102e+04
3.700000000000000000e+01,3.502016254580242904e+00,1.206622669648842719e+21,9.730559388063033666e+00,5.058243966413190669e-12,0.000000000000000000e+00,1.812505398966851458e+07,2.612637339990586042e+04,1.812505398966851458e+07,0.000000000000000000e+00,0.000000000000000000e+00,1.154771413282327950e+08,-9.299639514784560560e+31,-9.878126253078695399e+30,9.254492271494064807e+31,0.000000000000000000e+00,0.000000000000000000e+00,3.556198567758049212e+00,1.219625054163510142e+39,2.392328062835731657e+37,nan,nan,7.059455858714842179e+04
3.750000000000000000e+01,3.544176689760158094e+00,1.221940899851908415e+21,9.685818805318932689e+00,4.896868935012043178e-12,0.000000000000000000e+00,1.816038561124439910e+07,2.612637339990586042e+04,1.816038561124439910e+07,0.000000000000000000e+00,0.000000000000000000e+00,1.157019198041481078e+08,-9.212896187679633000e+31,-9.881020142330519153e+30,9.188164185579358931e+31,0.000000000000000000e+00,0.000000000000000000e+00,3.532247839724988570e+00,1.202178339067351543e+39,2.321791620906790540e+37,nan,nan,7.073197225278489350e+04
3.800000000000000000e+01,3.586078600548247231e+00,1.237189297651344736e+21,9.642044821907219898e+00,4.743894004659386596e-12,0.000000000000000000e+00,1.819578600650101900e+07,2.612637339990586042e+04,1.819578600650101900e+07,0.000000000000000000e+00,0.000000000000000000e+00,1.159271358156886548e+08,-9.128911700243327996e+31,-9.884321839673813191e+30,9.124669640690116957e+31,0.000000000000000000e+00,0.000000000000000000e+00,3.508798064086353197e+00,1.185213551695382163e+39,2.254118095791502906e+37,nan,nan,7.086965339676360600e+04
3.850000000000000000e+01,3.627726846396416960e+00,1.252369385799947387e+21,9.599233899909814127e+00,4.598714902513129295e-12,0.000000000000000000e+00,1.823125530930765718e+07,2.612637339990586042e+04,1.823125530930765718e+07,0.000000000000000000e+00,0.000000000000000000e+00,1.161527902145259976e+08,-9.047560537468028906e+31,-9.888032185104645251e+30,9.063819240119230423e+31,0.000000000000000000e+00,0.000000000000000000e+00,3.485838857957715753e+00,1.168713369107192835e+39,2.189168155088244750e+37,nan,nan,7.100760253973634099e+04
3.900000000000000000e+01,3.669126252528532195e+00,1.267482679368778777e+21,9.557379900123269323e+00,4.460781284574701449e-12,0.000000000000000000e+00,1.826679365379419550e+07,2.612637339990586042e+04,1.826679365379419550e+07,0.000000000000000000e+00,0.000000000000000000e+00,1.163788838539894074e+08,-8.968724515261606762e+31,-9.892150849723437818e+30,9.005438413212013586e+31,0.000000000000000000e+00,0.000000000000000000e+00,3.463350172053347720e+00,1.152657721516160857e+39,2.126795669717682351e+37,nan,nan,7.114582020336826099e+04
3.950000000000000000e+01,3.710281598929854319e+00,1.282530681909642789e+21,9.516474412136428640e+00,4.329591076554505164e-12,0.000000000000000000e+00,1.830240117435157672e+07,2.612637339990586042e+04,1.830240117435157672e+07,0.000000000000000000e+00,0.000000000000000000e+00,1.166054175890692174e+08,-8.892292278070919670e+31,-9.896676472612846817e+30,8.949366024451137033e+31,0.000000000000000000e+00,0.000000000000000000e+00,3.441314212714369880e+00,1.137028147686885512e+39,2.066866976426111589e+37,nan,nan,7.128430691034000483e+04
4.000000000000000000e+01,3.751197610793432169e+00,1.297514882106636632e+21,9.476507048814291068e+00,4.204685736266865045e-12,0.000000000000000000e+00,1.833807800563236699e+07,2.612637339990586042e+04,1.833807800563236699e+07,0.000000000000000000e+00,0.000000000000000000e+00,1.168323922764199972e+08,-8.818158835228279620e+31,-9.901606783362399228e+30,8.895453651319017295e+31,0.000000000000000000e+00,0.000000000000000000e+00,3.419715284849006220e+00,1.121807683765296962e+39,2.009258859963563838e+37,nan,nan,7.142306318434959394e+04
4.050000000000000000e+01,3.791878950346022403e+00,1.312436750892238897e+21,9.437465741311514833e+00,4.085645798212547578e-12,0.000000000000000000e+00,1.837382428255121410e+07,2.612637339990586042e+04,1.837382428255121410e+07,0.000000000000000000e+00,0.000000000000000000e+00,1.170598087743638456e+08,-8.746225132607014061e+31,-9.906938726321515387e+30,8.843564408236141813e+31,0.000000000000000000e+00,0.000000000000000000e+00,3.398540961691909335e+00,1.106980984370628001e+39,1.953857448716923391e+37,nan,nan,7.156208955011446960e+04
4.100000000000000000e+01,3.832330209879674321e+00,1.327297738969847955e+21,9.399336952713481352e+00,3.972086506286783783e-12,0.000000000000000000e+00,1.840964014028539136e+07,2.612637339990586042e+04,1.840964014028539136e+07,0.000000000000000000e+00,0.000000000000000000e+00,1.172876679428935349e+08,-8.676397656734403355e+31,-9.912668549592410924e+30,8.793570938215730621e+31,0.000000000000000000e+00,0.000000000000000000e+00,3.377780892109463640e+00,1.092533781587578280e+39,1.900555676053391400e+37,nan,nan,7.170138653337339929e+04
4.150000000000000000e+01,3.872555905668941367e+00,1.342099274633734783e+21,9.362105838092732668e+00,3.863654510387386552e-12,0.000000000000000000e+00,1.844552571427529678e+07,2.612637339990586042e+04,1.844552571427529678e+07,0.000000000000000000e+00,0.000000000000000000e+00,1.175159706436759084e+08,-8.608588069109291742e+31,-9.918791870850845946e+30,8.745354768519097356e+31,0.000000000000000000e+00,0.000000000000000000e+00,3.357414997040076621e+00,1.078449942798257445e+39,1.849249072635710041e+37,nan,nan,7.184095466088855756e+04
4.200000000000000000e+01,3.912560472771497988e+00,1.356842761887006589e+21,9.325756497988558991e+00,3.760025869593728185e-12,0.000000000000000000e+00,1.848148114022494853e+07,2.612637339990586042e+04,1.848148114022494853e+07,0.000000000000000000e+00,0.000000000000000000e+00,1.177447177400550097e+08,-8.542712867977622825e+31,-9.925303786346067907e+30,8.698807924709874628e+31,0.000000000000000000e+00,0.000000000000000000e+00,3.337431389805188164e+00,1.064715368067960484e+39,1.799835424139978868e+37,nan,nan,7.198079446044746146e+04
4.250000000000000000e+01,3.952348260834638083e+00,1.371529578901452358e+21,9.290272102539960386e+00,3.660901509449673694e-12,0.000000000000000000e+00,1.851750655410254747e+07,2.612637339990586042e+04,1.851750655410254747e+07,0.000000000000000000e+00,0.000000000000000000e+00,1.179739100970554203e+08,-8.478693074831131920e+31,-9.932198922430495265e+30,8.653828127123420876e+31,0.000000000000000000e+00,0.000000000000000000e+00,3.317815335178740277e+00,1.051316832466197022e+39,1.752228465762160851e+37,nan,nan,7.212090646086494962e+04
4.300000000000000000e+01,3.991923530432766043e+00,1.386161076655944892e+21,9.255635045550306472e+00,3.566006556960540371e-12,0.000000000000000000e+00,1.855360209214092791e+07,2.612637339990586042e+04,1.855360209214092791e+07,0.000000000000000000e+00,0.000000000000000000e+00,1.182035485813854933e+08,-8.416453944437957152e+31,-9.939471501348333488e+30,8.610322154306288995e+31,0.000000000000000000e+00,0.000000000000000000e+00,3.298580433136666379e+00,1.038249896381988338e+39,1.706367115966871432e+37,nan,nan,7.226129119198523404e+04
4.350000000000000000e+01,4.031290450161525207e+00,1.400738577832616919e+21,9.221827082819672228e+00,3.475087028806006418e-12,0.000000000000000000e+00,1.858976789083812013e+07,2.612637339990586042e+04,1.858976789083812013e+07,0.000000000000000000e+00,0.000000000000000000e+00,1.184336340614406466e+08,-8.355924695843887512e+31,-9.947115400641440849e+30,8.568202635668905100e+31,0.000000000000000000e+00,0.000000000000000000e+00,3.279672380740715987e+00,1.025488579021998325e+39,1.662123155556783930e+37,nan,nan,7.240194918468387914e+04
4.400000000000000000e+01,4.070453094314780529e+00,1.415263375911582171e+21,9.188829466652441269e+00,3.387908424428052418e-12,0.000000000000000000e+00,1.862600408695784956e+07,2.612637339990586042e+04,1.862600408695784956e+07,0.000000000000000000e+00,0.000000000000000000e+00,1.186641674073066711e+08,-8.297038262867425693e+31,-9.955124211522829568e+30,8.527388768201826752e+31,0.000000000000000000e+00,0.000000000000000000e+00,3.261100282515543292e+00,1.013028381141811499e+39,1.619445142439650286e+37,nan,nan,7.254288097086978087e+04
4.450000000000000000e+01,4.109415441074247610e+00,1.429736734440672461e+21,9.156623017701884137e+00,3.304253654330783935e-12,0.000000000000000000e+00,1.866231081753005460e+07,2.612637339990586042e+04,1.866231081753005460e+07,0.000000000000000000e+00,0.000000000000000000e+00,1.188951494907629639e+08,-8.239731062537038716e+31,-9.963491269252540080e+30,8.487805018737596617e+31,0.000000000000000000e+00,0.000000000000000000e+00,3.242875883707753815e+00,1.000865530005700754e+39,1.578283022863434959e+37,nan,nan,7.268408708348724758e+04
4.500000000000000000e+01,4.148181371069407319e+00,1.444159886431442960e+21,9.125188224438350204e+00,3.223921660176613651e-12,0.000000000000000000e+00,1.869868821985140070e+07,2.612637339990586042e+04,1.869868821985140070e+07,0.000000000000000000e+00,0.000000000000000000e+00,1.191265811852858663e+08,-8.183942780207417717e+31,-9.972209696559055179e+30,8.449381111168616997e+31,0.000000000000000000e+00,0.000000000000000000e+00,3.224967519463948662e+00,9.889828636199454122e+38,1.538547315770252908e+37,nan,nan,7.282556805651792092e+04
4.550000000000000000e+01,4.186754666367578537e+00,1.458534033902872297e+21,9.094505328080314754e+00,3.146726021694076948e-12,0.000000000000000000e+00,1.873513643148580939e+07,2.612637339990586042e+04,1.873513643148580939e+07,0.000000000000000000e+00,0.000000000000000000e+00,1.193584633660520017e+08,-8.129616169812600896e+31,-9.981272440897844325e+30,8.412051650785601878e+31,0.000000000000000000e+00,0.000000000000000000e+00,3.207369948054685782e+00,9.773720155363712777e+38,1.500178646711848461e+37,nan,nan,7.296732442498292949e+04
4.600000000000000000e+01,4.225139009837111992e+00,1.472860347553558561e+21,9.064554399824240605e+00,3.072493696120013293e-12,0.000000000000000000e+00,1.877165559026496112e+07,2.612637339990586042e+04,1.877165559026496112e+07,0.000000000000000000e+00,0.000000000000000000e+00,1.195907969099414796e+08,-8.076696868088387012e+31,-9.990672308608420747e+30,8.375755765834628829e+31,0.000000000000000000e+00,0.000000000000000000e+00,3.190062197975322089e+00,9.660197039162208619e+38,1.463102673942349133e+37,nan,nan,7.310935672494475148e+04
4.650000000000000000e+01,4.263337984831160554e+00,1.487139966544664855e+21,9.035315405453165027e+00,3.001063955183629086e-12,0.000000000000000000e+00,1.880824583428884670e+07,2.612637339990586042e+04,1.880824583428884670e+07,0.000000000000000000e+00,0.000000000000000000e+00,1.198235826955412775e+08,-8.025133221695698214e+31,-1.000040199365388457e+31,8.340436984195909875e+31,0.000000000000000000e+00,0.000000000000000000e+00,3.173049518855677320e+00,9.549217202203741465e+38,1.427278704565162967e+37,nan,nan,7.325166549350935384e+04
4.700000000000000000e+01,4.301355075198770805e+00,1.501373998396475965e+21,9.006768284396033053e+00,2.932287261848169009e-12,0.000000000000000000e+00,1.884490730192625895e+07,2.612637339990586042e+04,1.884490730192625895e+07,0.000000000000000000e+00,0.000000000000000000e+00,1.200568216031486094e+08,-7.974876126164011197e+31,-1.001045411338573910e+31,8.306042678311449876e+31,0.000000000000000000e+00,0.000000000000000000e+00,3.156325570619113119e+00,9.440702427863431399e+38,1.392654917271902037e+37,nan,nan,7.339425126882818586e+04
4.750000000000000000e+01,4.339193665548158663e+00,1.515563518972835660e+21,8.978892976582368846e+00,2.866024168272415200e-12,0.000000000000000000e+00,1.888164013181532547e+07,2.612637339990586042e+04,1.888164013181532547e+07,0.000000000000000000e+00,0.000000000000000000e+00,1.202905145147741735e+08,-7.925878875824596466e+31,-1.002082122054265902e+31,8.272523281535216986e+31,0.000000000000000000e+00,0.000000000000000000e+00,3.139868563242353527e+00,9.334526795430513367e+38,1.359165151156816857e+37,nan,nan,7.353711459010021645e+04
4.800000000000000000e+01,4.376857041658960057e+00,1.529709572517800968e+21,8.951669471246420429e+00,2.802144764236913220e-12,0.000000000000000000e+00,1.891844446286405250e+07,2.612637339990586042e+04,1.891844446286405250e+07,0.000000000000000000e+00,0.000000000000000000e+00,1.205246623141454905e+08,-7.878097024026679814e+31,-1.003149582558269146e+31,8.239832830620920913e+31,0.000000000000000000e+00,0.000000000000000000e+00,3.123681171576009774e+00,9.230647280597750334e+38,1.326772634083650195e+37,nan,nan,7.368025599757398595e+04
4.850000000000000000e+01,4.414348391117470349e+00,1.543813171770626408e+21,8.925077853576278031e+00,2.740527724769143641e-12,0.000000000000000000e+00,1.895532043425080925e+07,2.612637339990586042e+04,1.895532043425080925e+07,0.000000000000000000e+00,0.000000000000000000e+00,1.207592658867103606e+08,-7.831488252675510085e+31,-1.004247041827635317e+31,8.207928186604177298e+31,0.000000000000000000e+00,0.000000000000000000e+00,3.107768227336495936e+00,9.129025322163426265e+38,1.295440616484404133e+37,nan,nan,7.382367603254965798e+04
4.900000000000000000e+01,4.451670804110904101e+00,1.557875298137051759e+21,8.899098325629161366e+00,2.681059712163478172e-12,0.000000000000000000e+00,1.899226818542490155e+07,2.612637339990586042e+04,1.899226818542490155e+07,0.000000000000000000e+00,0.000000000000000000e+00,1.209943261196400076e+08,-7.786012250462931777e+31,-1.005373747755961149e+31,8.176769078449849668e+31,0.000000000000000000e+00,0.000000000000000000e+00,3.092111107118455493e+00,9.029556819146327728e+38,1.265117244863604173e+37,nan,nan,7.396737523738096934e+04
4.950000000000000000e+01,4.488827274348791363e+00,1.571896901905981112e+21,8.873711251415425494e+00,2.623634793208597304e-12,0.000000000000000000e+00,1.902928785610706359e+07,2.612637339990586042e+04,1.902928785610706359e+07,0.000000000000000000e+00,0.000000000000000000e+00,1.212298439018326402e+08,-7.741630599159627946e+31,-1.006528949278802490e+31,8.146318045444914132e+31,0.000000000000000000e+00,0.000000000000000000e+00,3.076678277251819527e+00,8.932095904199550461e+38,1.235736479350341250e+37,nan,nan,7.411135415547745652e+04
5.000000000000000000e+01,4.525820700204277180e+00,1.585878902544265642e+21,8.848897205046169390e+00,2.568153827322117218e-12,0.000000000000000000e+00,1.906637958628999814e+07,2.612637339990586042e+04,1.906637958628999814e+07,0.000000000000000000e+00,0.000000000000000000e+00,1.214658201239167154e+08,-7.698306667181051216e+31,-1.007711898667184541e+31,8.116540139646440845e+31,0.000000000000000000e+00,0.000000000000000000e+00,3.061504641448113517e+00,8.836706197357649345e+38,1.207297857713240457e+37,nan,nan,7.425561333130634739e+04
5.050000000000000000e+01,4.562653885930172848e+00,1.599822189019040055e+21,8.824636952207482565e+00,2.514523819567757353e-12,0.000000000000000000e+00,1.910354351623890549e+07,2.612637339990586042e+04,1.910354351623890549e+07,0.000000000000000000e+00,0.000000000000000000e+00,1.217022556782542616e+08,-7.656005510111036106e+31,-1.008921850722168419e+31,8.087402352370707567e+31,0.000000000000000000e+00,0.000000000000000000e+00,3.046562233746124448e+00,8.743258807739531389e+38,1.179744551399940716e+37,nan,nan,7.440015331039471494e+04
5.100000000000000000e+01,4.599329542907003798e+00,1.613727620132747084e+21,8.800911499557161122e+00,2.462657538415132491e-12,0.000000000000000000e+00,1.914077978649202362e+07,2.612637339990586042e+04,1.914077978649202362e+07,0.000000000000000000e+00,0.000000000000000000e+00,1.219391514589443356e+08,-7.614693777719814592e+31,-1.010158065150014808e+31,8.058873727201410823e+31,0.000000000000000000e+00,0.000000000000000000e+00,3.031844351290652551e+00,8.651693010003898436e+38,1.153041011426339807e+37,nan,nan,7.454497463933148538e+04
5.150000000000000000e+01,4.635850291045596094e+00,1.627596024913912922e+21,8.777702104731256227e+00,2.412473318985347239e-12,0.000000000000000000e+00,1.917808853786114976e+07,2.612637339990586042e+04,1.917808853786114976e+07,0.000000000000000000e+00,0.000000000000000000e+00,1.221765083618264347e+08,-7.574339626782191506e+31,-1.011419807111074687e+31,8.030925995779194981e+31,0.000000000000000000e+00,0.000000000000000000e+00,3.017358709931230454e+00,8.561991234102736556e+38,1.127163939932505161e+37,nan,nan,7.469007786576957733e+04
5.200000000000000000e+01,4.672218660266342027e+00,1.641428203036580774e+21,8.754990302410071479e+00,2.363894128224587818e-12,0.000000000000000000e+00,1.921546991143216193e+07,2.612637339990586042e+04,1.921546991143216193e+07,0.000000000000000000e+00,0.000000000000000000e+00,1.224143272844837159e+08,-7.534912639387807437e+31,-1.012706348531945058e+31,8.003531679834530998e+31,0.000000000000000000e+00,0.000000000000000000e+00,3.003081409967427451e+00,8.474044357990868809e+38,1.102066811434486073e+37,nan,nan,7.483546353842786630e+04
5.250000000000000000e+01,4.708437091999181590e+00,1.655224925248848396e+21,8.732757897709765516e+00,2.316847846272539315e-12,0.000000000000000000e+00,1.925292404856557399e+07,2.612637339990586042e+04,1.925292404856557399e+07,0.000000000000000000e+00,0.000000000000000000e+00,1.226526091262466013e+08,-7.496383746424534312e+31,-1.014016967888831956e+31,7.976666090563639782e+31,0.000000000000000000e+00,0.000000000000000000e+00,2.989014069475552482e+00,8.387820542421847296e+38,1.077724509171396956e+37,nan,nan,7.498113220709338202e+04
5.300000000000000000e+01,4.744507940786926170e+00,1.668986933839619686e+21,8.710987015967978309e+00,2.271266356055227230e-12,0.000000000000000000e+00,1.929045109089705721e+07,2.612637339990586042e+04,1.929045109089705721e+07,0.000000000000000000e+00,0.000000000000000000e+00,1.228913547881959975e+08,-7.458725155723150618e+31,-1.015350952657392566e+31,7.950305279362905427e+31,0.000000000000000000e+00,0.000000000000000000e+00,2.975160604586148061e+00,8.303296084374793074e+38,1.054114966778104921e+37,nan,nan,7.512708442262328754e+04
5.350000000000000000e+01,4.780433475893172357e+00,1.682714943108969923e+21,8.689660050120622259e+00,2.227085515396461156e-12,0.000000000000000000e+00,1.932805118033799157e+07,2.612637339990586042e+04,1.932805118033799157e+07,0.000000000000000000e+00,0.000000000000000000e+00,1.231305651731668115e+08,-7.421910284678110083e+31,-1.016707596933565617e+31,7.924426839653968239e+31,0.000000000000000000e+00,0.000000000000000000e+00,2.961496236846475671e+00,8.220365094342425914e+38,1.031195960482514994e+37,nan,nan,7.527332073694697465e+04
5.400000000000000000e+01,4.816215882896269562e+00,1.696409639835615363e+21,8.668759734183717924e+00,2.184245139833865590e-12,0.000000000000000000e+00,1.936572445907596871e+07,2.612637339990586042e+04,1.936572445907596871e+07,0.000000000000000000e+00,0.000000000000000000e+00,1.233702411857513785e+08,-7.385913697048801922e+31,-1.018086205018664791e+31,7.899010759590784492e+31,0.000000000000000000e+00,0.000000000000000000e+00,2.948034895771677544e+00,8.139035788876168331e+38,1.008955583643568652e+37,nan,nan,7.541984170306824672e+04
5.450000000000000000e+01,4.851857265484277981e+00,1.710071683817223487e+21,8.648269131434101809e+00,2.142688147687779139e-12,0.000000000000000000e+00,1.940347106957536563e+07,2.612637339990586042e+04,1.940347106957536563e+07,0.000000000000000000e+00,0.000000000000000000e+00,1.236103837323027551e+08,-7.350711043315777889e+31,-1.019486090984339785e+31,7.874037212391723140e+31,0.000000000000000000e+00,0.000000000000000000e+00,2.934775118258764248e+00,8.059271982885103337e+38,9.873702035839588450e+36,nan,nan,7.556664787506726861e+04
5.500000000000000000e+01,4.887359647112806016e+00,1.723701708364639633e+21,8.628171602466091272e+00,2.102360627461005198e-12,0.000000000000000000e+00,1.944129115457787365e+07,2.612637339990586042e+04,1.944129115457787365e+07,0.000000000000000000e+00,0.000000000000000000e+00,1.238509937209383100e+08,-7.316279004849870893e+31,-1.020906577271734347e+31,7.849487509464650180e+31,0.000000000000000000e+00,0.000000000000000000e+00,2.921699281475444110e+00,7.980993045846393366e+38,9.664065820966392450e+36,nan,nan,7.571373980810279318e+04
5.550000000000000000e+01,4.922724963419432775e+00,1.737300317536078004e+21,8.608437752906144880e+00,2.062750400945617790e-12,0.000000000000000000e+00,1.947918485710301250e+07,2.612637339990586042e+04,1.947918485710301250e+07,0.000000000000000000e+00,0.000000000000000000e+00,1.240920720615430176e+08,-7.282595255095332039e+31,-1.022346370910885991e+31,7.823594672578220303e+31,0.000000000000000000e+00,0.000000000000000000e+00,2.787593014396827940e+00,7.904127589807702054e+38,9.460334655328432802e+36,nan,nan,7.586111805841414025e+04
5.600000000000000000e+01,4.957954574812608151e+00,1.750867913913607913e+21,8.588776086935896004e+00,2.021230700145311422e-12,0.000000000000000000e+00,1.951715232044871151e+07,2.612637339990586042e+04,1.951715232044871151e+07,0.000000000000000000e+00,0.000000000000000000e+00,1.243336196657730490e+08,-7.249639124520895079e+31,-1.023791615781276776e+31,7.786324836953994842e+31,0.000000000000000000e+00,0.000000000000000000e+00,2.539778155127175641e+00,7.828694202867532814e+38,9.262451086363771099e+36,nan,nan,7.600878318332343770e+04
5.650000000000000000e+01,4.993047829897087730e+00,1.764404190301823173e+21,8.568651588507126604e+00,1.977647935489286883e-12,0.000000000000000000e+00,1.955519368819182739e+07,2.612637339990586042e+04,1.955519368819182739e+07,0.000000000000000000e+00,0.000000000000000000e+00,1.245756374470590204e+08,-7.217393591415839879e+31,-1.025216662019579139e+31,7.736686610984426642e+31,0.000000000000000000e+00,0.000000000000000000e+00,2.292675536539916958e+00,7.754624581062929940e+38,9.070120401790273344e+36,nan,nan,7.615673574123757135e+04
5.700000000000000000e+01,5.028001723309624360e+00,1.777908006435137257e+21,8.547547991300497472e+00,1.932238508337238411e-12,0.000000000000000000e+00,1.959330910418869555e+07,2.612637339990586042e+04,1.959330910418869555e+07,0.000000000000000000e+00,0.000000000000000000e+00,1.248181263206096292e+08,-7.185845573467337533e+31,-1.026596561421585097e+31,7.675190586998724867e+31,0.000000000000000000e+00,0.000000000000000000e+00,2.046273572293737075e+00,7.681896278692456542e+38,8.883183943146542458e+36,nan,nan,7.630497629165042599e+04
5.750000000000000000e+01,5.062811009677909091e+00,1.791377426600245592e+21,8.524974089344039996e+00,1.885227045593921845e-12,0.000000000000000000e+00,1.963149871257565171e+07,2.612637339990586042e+04,1.963149871257565171e+07,0.000000000000000000e+00,0.000000000000000000e+00,1.250610872034150064e+08,-7.154985555813473188e+31,-1.027907379241734883e+31,7.602347553445502770e+31,0.000000000000000000e+00,0.000000000000000000e+00,1.800556913214645505e+00,7.610474358971607594e+38,8.701452138300233994e+36,nan,nan,7.645350539514492266e+04
5.800000000000000000e+01,5.097468323276941327e+00,1.804809759427443556e+21,8.500463103350853089e+00,1.836822683287868467e-12,0.000000000000000000e+00,1.966976265776962787e+07,2.612637339990586042e+04,1.966976265776962787e+07,0.000000000000000000e+00,0.000000000000000000e+00,1.253045210142502636e+08,-7.124807236645781503e+31,-1.029126174415883210e+31,7.518651574451462460e+31,0.000000000000000000e+00,0.000000000000000000e+00,1.555511018988246619e+00,7.540325389738458210e+38,8.524743354799353365e+36,nan,nan,7.660232361339518684e+04
5.850000000000000000e+01,5.131964291394461419e+00,1.818201595612943614e+21,8.473571634373115558e+00,1.787219198585155297e-12,0.000000000000000000e+00,1.970810108446863294e+07,2.612637339990586042e+04,1.970810108446863294e+07,0.000000000000000000e+00,0.000000000000000000e+00,1.255484286736789048e+08,-7.095307205773091852e+31,-1.030230959534326976e+31,7.424577658698579392e+31,0.000000000000000000e+00,0.000000000000000000e+00,1.311117015381279893e+00,7.471402132944020635e+38,8.352845653225283004e+36,nan,nan,7.675143150916867307e+04
5.900000000000000000e+01,5.166287642519773016e+00,1.831548843957509423e+21,8.443878594516064595e+00,1.736596255130564877e-12,0.000000000000000000e+00,1.974651413765235245e+07,2.612637339990586042e+04,1.974651413765235245e+07,0.000000000000000000e+00,0.000000000000000000e+00,1.257928111040563136e+08,-7.066484652354873971e+31,-1.031200659175812511e+31,7.320584097988631671e+31,0.000000000000000000e+00,0.000000000000000000e+00,1.067374302352406490e+00,7.403709832621075222e+38,8.185690443117908783e+36,nan,nan,7.690082964632821677e+04
5.950000000000000000e+01,5.200425309629666870e+00,1.844846765810501812e+21,8.410984243840763597e+00,1.685119535587547042e-12,0.000000000000000000e+00,1.978500196258267760e+07,2.612637339990586042e+04,1.978500196258267760e+07,0.000000000000000000e+00,0.000000000000000000e+00,1.260376692295332998e+08,-7.038341099504978405e+31,-1.032015072852680749e+31,7.207110418476764345e+31,0.000000000000000000e+00,0.000000000000000000e+00,8.242470082539217202e-01,7.337150060652183736e+38,8.022942214930363357e+36,nan,nan,7.705051858983428974e+04
6.000000000000000000e+01,5.234362528562223282e+00,1.858090007908517675e+21,8.374509112765732510e+00,1.632941321423434473e-12,0.000000000000000000e+00,1.982356470480424911e+07,2.612637339990586042e+04,1.982356470480424911e+07,0.000000000000000000e+00,0.000000000000000000e+00,1.262830039760594964e+08,-7.010880164059086755e+31,-1.032654831898486036e+31,7.084577225840684071e+31,0.000000000000000000e+00,0.000000000000000000e+00,5.817372059203951284e-01,7.271733972043365989e+38,7.864555333907763463e+36,nan,nan,7.720049890574702295e+04
6.050000000000000000e+01,5.268082931410173586e+00,1.871272633576748483e+21,8.334093019924093682e+00,1.580201323388035446e-12,0.000000000000000000e+00,1.986220251014501601e+07,2.612637339990586042e+04,1.986220251014501601e+07,0.000000000000000000e+00,0.000000000000000000e+00,1.265288162713869214e+08,-6.984107340030562740e+31,-1.033101360451591731e+31,6.953387264144593594e+31,0.000000000000000000e+00,0.000000000000000000e+00,3.398317007644149346e-01,7.207427354412780239e+38,7.710370480153984108e+36,nan,nan,7.735077116122837469e+04
6.100000000000000000e+01,5.301568635257116746e+00,1.884388152400241230e+21,8.289394106109707394e+00,1.527027001348056701e-12,0.000000000000000000e+00,1.990091552471677586e+07,2.612637339990586042e+04,1.990091552471677586e+07,0.000000000000000000e+00,0.000000000000000000e+00,1.267751070450735539e+08,-6.958029803891128959e+31,-1.033336836718531671e+31,6.813924396883111836e+31,0.000000000000000000e+00,0.000000000000000000e+00,9.851903597370346988e-02,7.144200214893069588e+38,7.560242937063839688e+36,nan,nan,7.750133592454438622e+04
6.150000000000000000e+01,5.334800339419992099e+00,1.897429553039671558e+21,8.240105632613824227e+00,1.474015013440453428e-12,0.000000000000000000e+00,1.993970389491575211e+07,2.612637339990586042e+04,1.993970389491575211e+07,0.000000000000000000e+00,0.000000000000000000e+00,1.270218772284866571e+08,-6.932656223277240933e+31,-1.033345022909590957e+31,6.668729353135307729e+31,0.000000000000000000e+00,0.000000000000000000e+00,0.000000000000000000e+00,7.082024231702380140e+38,7.414023920669684651e+36,nan,nan,7.765219376506714616e+04
6.200000000000000000e+01,5.367757931328591248e+00,1.910389517202592629e+21,8.186200202165823114e+00,1.423269705128648319e-12,0.000000000000000000e+00,1.997856776742311940e+07,2.612637339990586042e+04,1.997856776742311940e+07,0.000000000000000000e+00,0.000000000000000000e+00,1.272691277548065484e+08,-6.907995925448167580e+31,-1.033123253768515560e+31,6.527410444945437079e+31,0.000000000000000000e+00,0.000000000000000000e+00,0.000000000000000000e+00,7.020896322048249399e+38,7.271641024298443520e+36,nan,nan,7.780334525327708980e+04
6.250000000000000000e+01,5.400421853289476992e+00,1.923260905425375330e+21,8.127863973449420243e+00,1.374900732360601393e-12,0.000000000000000000e+00,2.001750728920557350e+07,2.612637339990586042e+04,2.001750728920557350e+07,0.000000000000000000e+00,0.000000000000000000e+00,1.275168595590298474e+08,-6.884057146639695026e+31,-1.032679337986417725e+31,6.390835142932647028e+31,0.000000000000000000e+00,0.000000000000000000e+00,0.000000000000000000e+00,6.960748559859981835e+38,7.132877500251814683e+36,nan,nan,7.795479096076505084e+04
6.300000000000000000e+01,5.432773420773352235e+00,1.936036871109236752e+21,8.065279839629944547e+00,1.328800448873168576e-12,0.000000000000000000e+00,2.005652260751587525e+07,2.612637339990586042e+04,2.005652260751587525e+07,0.000000000000000000e+00,0.000000000000000000e+00,1.277650735779733360e+08,-6.860846705904307393e+31,-1.032020989557262441e+31,6.258883649325370099e+31,0.000000000000000000e+00,0.000000000000000000e+00,0.000000000000000000e+00,6.901562348384668766e+38,6.997626520286885846e+36,nan,nan,7.810653146023456065e+04
6.350000000000000000e+01,5.464794794434797431e+00,1.948710851521938194e+21,7.998624046853938907e+00,1.284861728081790242e-12,0.000000000000000000e+00,2.009561386989343166e+07,2.612637339990586042e+04,2.009561386989343166e+07,0.000000000000000000e+00,0.000000000000000000e+00,1.280137707502771765e+08,-6.838370130140559207e+31,-1.031155659802080267e+31,6.131419972447064566e+31,0.000000000000000000e+00,0.000000000000000000e+00,0.000000000000000000e+00,6.843388459927669088e+38,6.865931063035783427e+36,nan,nan,7.825856732550385641e+04
6.400000000000000000e+01,5.496468946177386350e+00,1.961276556637833265e+21,7.928066036717413390e+00,1.242981742182017370e-12,0.000000000000000000e+00,2.013478122416482866e+07,2.612637339990586042e+04,2.013478122416482866e+07,0.000000000000000000e+00,0.000000000000000000e+00,1.282629520164086968e+08,-6.816631778985796875e+31,-1.030090526720872544e+31,6.008309388181738959e+31,0.000000000000000000e+00,0.000000000000000000e+00,0.000000000000000000e+00,6.786098605543552279e+38,6.737456287132451510e+36,nan,nan,7.841089913150813663e+04
6.450000000000000000e+01,5.527779626884445463e+00,1.973727958527394710e+21,7.853768608607249568e+00,1.203061958952517245e-12,0.000000000000000000e+00,2.017402481844439730e+07,2.612637339990586042e+04,2.017402481844439730e+07,0.000000000000000000e+00,0.000000000000000000e+00,1.285126183186658323e+08,-6.795634960112967679e+31,-1.028832500070635478e+31,5.889418886608799300e+31,0.000000000000000000e+00,0.000000000000000000e+00,0.000000000000000000e+00,6.729740554855572737e+38,6.612245605772897640e+36,nan,nan,7.856352745430172945e+04
6.500000000000000000e+01,5.558711335011490284e+00,1.986059281011580076e+21,7.775888092277607910e+00,1.165008106828318214e-12,0.000000000000000000e+00,2.021334480113478750e+07,2.612637339990586042e+04,2.021334480113478750e+07,0.000000000000000000e+00,0.000000000000000000e+00,1.287627706011807472e+08,-6.775382036440824710e+31,-1.027388227027009287e+31,5.774617548682571792e+31,0.000000000000000000e+00,0.000000000000000000e+00,0.000000000000000000e+00,6.674272579590841134e+38,6.490153242606434092e+36,nan,nan,7.871645287106030446e+04
6.550000000000000000e+01,5.589249286075687273e+00,1.998264989594957382e+21,7.694574528229419563e+00,1.128730113960157597e-12,0.000000000000000000e+00,2.025274132092749700e+07,2.612637339990586042e+04,2.025274132092749700e+07,0.000000000000000000e+00,0.000000000000000000e+00,1.290134098099233359e+08,-6.755874525671308591e+31,-1.025764098316172972e+31,5.663776860567622179e+31,0.000000000000000000e+00,0.000000000000000000e+00,0.000000000000000000e+00,6.619661131241904726e+38,6.371055115520919075e+36,nan,nan,7.886967596008293913e+04
6.600000000000000000e+01,5.619379383068127787e+00,2.010339781688185586e+21,7.609971853766912986e+00,1.094142026233777222e-12,0.000000000000000000e+00,2.029221452680347487e+07,2.612637339990586042e+04,2.029221452680347487e+07,0.000000000000000000e+00,0.000000000000000000e+00,1.292645368927048743e+08,-6.737113192570640315e+31,-1.023966254717009272e+31,5.556770972601170162e+31,0.000000000000000000e+00,0.000000000000000000e+00,0.000000000000000000e+00,6.565907305551274272e+38,6.254896579322780084e+36,nan,nan,7.902319730079443252e+04
6.650000000000000000e+01,5.649088187805865857e+00,2.022278577127318880e+21,7.522218092881174378e+00,1.061161908557271466e-12,0.000000000000000000e+00,2.033176456803365797e+07,2.612637339990586042e+04,2.033176456803365797e+07,0.000000000000000000e+00,0.000000000000000000e+00,1.295161527991815656e+08,-6.719098134409180525e+31,-1.022000593845731346e+31,5.453476909247403828e+31,0.000000000000000000e+00,0.000000000000000000e+00,0.000000000000000000e+00,6.512949076559555884e+38,6.141503140804740939e+36,nan,nan,7.917701747374742990e+04
6.700000000000000000e+01,5.678362893232930197e+00,2.034076508994673312e+21,7.431445548359414843e+00,1.029711733129139531e-12,0.000000000000000000e+00,2.037139159417954087e+07,2.612637339990586042e+04,2.037139159417954087e+07,0.000000000000000000e+00,0.000000000000000000e+00,1.297682584808581173e+08,-6.701828859969494612e+31,-1.019872777146188164e+31,5.353774735832738151e+31,0.000000000000000000e+00,0.000000000000000000e+00,0.000000000000000000e+00,6.460823211185888460e+38,6.030904697155294823e+36,nan,nan,7.933113706062464917e+04
6.750000000000000000e+01,5.707191296672971426e+00,2.045728914743655137e+21,7.337780994741764928e+00,9.997172578698762518e-13,0.000000000000000000e+00,2.041109575509373471e+07,2.612637339990586042e+04,2.041109575509373471e+07,0.000000000000000000e+00,0.000000000000000000e+00,1.300208548910913616e+08,-6.685304362522936881e+31,-1.017588237019021286e+31,5.257547687309222725e+31,0.000000000000000000e+00,0.000000000000000000e+00,0.000000000000000000e+00,6.409503162475461126e+38,5.922998179698762715e+36,nan,nan,7.948555664424101997e+04
6.800000000000000000e+01,5.735561774030487392e+00,2.057231327627933385e+21,7.241345870946857666e+00,9.711078977307482186e-13,0.000000000000000000e+00,2.045087720092055574e+07,2.612637339990586042e+04,2.045087720092055574e+07,0.000000000000000000e+00,0.000000000000000000e+00,1.302739429850938916e+08,-6.669523187163469381e+31,-1.015152184031796365e+31,5.164682263786575105e+31,0.000000000000000000e+00,0.000000000000000000e+00,0.000000000000000000e+00,6.358921879565595516e+38,5.817604054890508664e+36,nan,nan,7.964027680854596838e+04
6.850000000000000000e+01,5.763463254932887914e+00,2.068579468433624138e+21,7.142256471565197273e+00,9.438165911798197455e-13,0.000000000000000000e+00,2.049073608209657297e+07,2.612637339990586042e+04,2.049073608209657297e+07,0.000000000000000000e+00,0.000000000000000000e+00,1.305275237199376374e+08,-6.654483492873729235e+31,-1.012569614160245616e+31,5.075068297102598965e+31,0.000000000000000000e+00,0.000000000000000000e+00,0.000000000000000000e+00,6.309123062624940782e+38,5.714757226426945940e+36,nan,nan,7.979529813862562878e+04
6.900000000000000000e+01,5.790885198801552392e+00,2.079769237511694713e+21,7.040624135977204823e+00,9.177796638022399300e-13,0.000000000000000000e+00,2.053067254935117438e+07,2.612637339990586042e+04,2.053067254935117438e+07,0.000000000000000000e+00,0.000000000000000000e+00,1.307815980545573980e+08,-6.640183109683436991e+31,-1.009845316017942352e+31,4.988598992266397740e+31,0.000000000000000000e+00,0.000000000000000000e+00,0.000000000000000000e+00,6.260050922773004493e+38,5.614320986779263109e+36,nan,nan,7.995062122070491023e+04
6.950000000000000000e+01,5.817817571836756407e+00,2.090796707106588197e+21,6.936555434592440506e+00,8.929366906344721247e-13,0.000000000000000000e+00,2.057068675370716304e+07,2.612637339990586042e+04,2.057068675370716304e+07,0.000000000000000000e+00,0.000000000000000000e+00,1.310361669497547001e+08,-6.626619591264166957e+31,-1.006983878038105515e+31,4.905170947208563115e+31,0.000000000000000000e+00,0.000000000000000000e+00,0.000000000000000000e+00,6.211693657741035611e+38,5.516224777455388838e+36,nan,nan,8.010624664214992663e+04
7.000000000000000000e+01,5.844250824898578500e+00,2.101658113976051433e+21,6.830152351629780405e+00,8.692303585758605561e-13,0.000000000000000000e+00,2.061077884648129344e+07,2.612637339990586042e+04,2.061077884648129344e+07,0.000000000000000000e+00,0.000000000000000000e+00,1.312912313682011962e+08,-6.613790263287857882e+31,-1.003989695576901065e+31,4.824684153905612163e+31,0.000000000000000000e+00,0.000000000000000000e+00,0.000000000000000000e+00,6.164057653784745505e+38,5.420432886906242242e+36,nan,nan,8.026217499147004855e+04
7.050000000000000000e+01,5.870175872263671657e+00,2.112349852296319336e+21,6.721512463966664797e+00,8.466063299813628961e-13,0.000000000000000000e+00,2.065094897928487882e+07,2.612637339990586042e+04,2.065094897928487882e+07,0.000000000000000000e+00,0.000000000000000000e+00,1.315467922744424194e+08,-6.601692267859718698e+31,-1.000866977912637027e+31,4.747041983611222295e+31,0.000000000000000000e+00,0.000000000000000000e+00,0.000000000000000000e+00,6.117123512120514265e+38,5.326886038300264694e+36,nan,nan,8.041840685832021700e+04
7.100000000000000000e+01,5.895584071236068091e+00,2.122868466846153048e+21,6.610729115680422652e+00,8.250131083323746970e-13,0.000000000000000000e+00,2.069119730402433500e+07,2.612637339990586042e+04,2.069119730402433500e+07,0.000000000000000000e+00,0.000000000000000000e+00,1.318028506349013746e+08,-6.590322604319033398e+31,-9.976197551196715546e+30,4.672151158622365361e+31,0.000000000000000000e+00,0.000000000000000000e+00,0.000000000000000000e+00,6.070808851872874374e+38,5.235378721748969838e+36,nan,nan,8.057494283350311161e+04
7.150000000000000000e+01,5.920467202588716837e+00,2.133210646462678696e+21,6.497891587987554729e+00,8.044019067046080192e-13,0.000000000000000000e+00,2.073152397290175781e+07,2.612637339990586042e+04,2.073152397290175781e+07,0.000000000000000000e+00,0.000000000000000000e+00,1.320594074178822935e+08,-6.579678166684880569e+31,-9.942518847997578605e+30,4.599921712732331928e+31,0.000000000000000000e+00,0.000000000000000000e+00,0.000000000000000000e+00,6.025204516352664200e+38,5.146058620163542526e+36,nan,nan,8.073178350897149357e+04
7.200000000000000000e+01,5.944817451811603704e+00,2.143373217761594966e+21,6.383085264358954625e+00,7.847265195995617847e-13,0.000000000000000000e+00,2.077192913841553032e+07,2.612637339990586042e+04,2.077192913841553032e+07,0.000000000000000000e+00,0.000000000000000000e+00,1.323164635935742110e+08,-6.569755778007131481e+31,-9.907670586569689922e+30,4.530266942273210316e+31,0.000000000000000000e+00,0.000000000000000000e+00,0.000000000000000000e+00,5.980244047531058023e+38,5.058754549373114884e+36,nan,nan,8.088892947783030104e+04
7.250000000000000000e+01,5.968627391141420269e+00,2.153353139113995272e+21,6.266391790651382188e+00,7.659431985761616475e-13,0.000000000000000000e+00,2.081241295336085558e+07,2.612637339990586042e+04,2.081241295336085558e+07,0.000000000000000000e+00,0.000000000000000000e+00,1.325740201340545863e+08,-6.560552221867241577e+31,-9.871688089053357288e+30,4.463103349425377932e+31,0.000000000000000000e+00,0.000000000000000000e+00,0.000000000000000000e+00,5.935931820908913907e+38,4.973452194600032979e+36,nan,nan,8.104638133433897747e+04
7.300000000000000000e+01,5.991889962347390686e+00,2.163147494871854481e+21,6.147889230149478301e+00,7.480105320088397260e-13,0.000000000000000000e+00,2.085297557083037496e+07,2.612637339990586042e+04,2.085297557083037496e+07,0.000000000000000000e+00,0.000000000000000000e+00,1.328320780132931769e+08,-6.552064271257907337e+31,-9.834605145009358517e+30,4.398350579269262541e+31,0.000000000000000000e+00,0.000000000000000000e+00,0.000000000000000000e+00,5.892197627948406292e+38,4.889981066056802578e+36,nan,nan,8.120413967391375627e+04
7.350000000000000000e+01,6.014598460247622569e+00,2.172753489834094363e+21,6.027652213458694952e+00,7.308893292052130057e-13,0.000000000000000000e+00,2.089361714421470463e+07,2.612637339990586042e+04,2.089361714421470463e+07,0.000000000000000000e+00,0.000000000000000000e+00,1.330906382071554512e+08,-6.544288715055803155e+31,-9.796454071924317176e+30,4.335931351873237819e+31,0.000000000000000000e+00,0.000000000000000000e+00,0.000000000000000000e+00,5.849110075138673590e+38,4.808450586595371107e+36,nan,nan,8.136220509312978538e+04
7.400000000000000000e+01,6.036746516930269202e+00,2.182168443945087926e+21,5.905752083229074856e+00,7.145425090383428800e-13,0.000000000000000000e+00,2.093433782720306143e+07,2.612637339990586042e+04,2.093433782720306143e+07,0.000000000000000000e+00,0.000000000000000000e+00,1.333497016934065223e+08,-6.537222382287480530e+31,-9.757265773860174183e+30,4.275771390549123173e+31,0.000000000000000000e+00,0.000000000000000000e+00,0.000000000000000000e+00,5.806563809259886906e+38,4.728622984490058533e+36,nan,nan,8.152057818972349924e+04
7.450000000000000000e+01,6.058328086653897770e+00,2.191389787217445519e+21,5.782257033723239736e+00,6.989349931833529940e-13,0.000000000000000000e+00,2.097513777378380299e+07,2.612637339990586042e+04,2.097513777378380299e+07,0.000000000000000000e+00,0.000000000000000000e+00,1.336092694517146796e+08,-6.530862164375034438e+31,-9.717069798224065214e+30,4.217799347261675193e+31,0.000000000000000000e+00,0.000000000000000000e+00,0.000000000000000000e+00,5.764618615934521106e+38,4.650588622843424338e+36,nan,nan,8.167925956259481609e+04
7.500000000000000000e+01,6.079337431401763858e+00,2.200415054870982164e+21,5.657232245270241044e+00,6.840336039941883260e-13,0.000000000000000000e+00,2.101601713824503496e+07,2.612637339990586042e+04,2.101601713824503496e+07,0.000000000000000000e+00,0.000000000000000000e+00,1.338693424636551887e+08,-6.525205035535396530e+31,-9.675894390649406436e+30,4.161946726049357073e+31,0.000000000000000000e+00,0.000000000000000000e+00,0.000000000000000000e+00,5.723286526336123234e+38,4.574340186358126681e+36,nan,nan,8.183824981180946634e+04
7.550000000000000000e+01,6.099769107064973994e+00,2.209241882679843488e+21,5.530740013670503608e+00,6.698069670119706651e-13,0.000000000000000000e+00,2.105697607517519593e+07,2.612637339990586042e+04,2.105697607517519593e+07,0.000000000000000000e+00,0.000000000000000000e+00,1.341299217127139419e+08,-6.520248071495021772e+31,-9.633766547991288175e+30,4.108147805198693601e+31,0.000000000000000000e+00,0.000000000000000000e+00,0.000000000000000000e+00,5.682478666802135512e+38,4.499685810784577276e+36,nan,nan,8.199754953860116075e+04
7.600000000000000000e+01,6.119617950230029635e+00,2.217868002519888429e+21,5.402839874636668149e+00,6.562254180603808791e-13,0.000000000000000000e+00,2.109801473946362734e+07,2.612637339990586042e+04,2.109801473946362734e+07,0.000000000000000000e+00,0.000000000000000000e+00,1.343910081842912734e+08,-6.515988466670448183e+31,-9.590712069449660299e+30,4.056339558812644742e+31,0.000000000000000000e+00,0.000000000000000000e+00,0.000000000000000000e+00,5.642228425993205620e+38,4.426667055877844816e+36,nan,nan,8.215715934537399153e+04
7.650000000000000000e+01,6.138879065546733571e+00,2.226291238108575039e+21,5.273588723371198661e+00,6.432609148545824870e-13,0.000000000000000000e+00,2.113913328630115837e+07,2.612637339990586042e+04,2.113913328630115837e+07,0.000000000000000000e+00,0.000000000000000000e+00,1.346526028657054901e+08,-6.512423549954463765e+31,-9.546755605842445619e+30,4.006461578323173777e+31,0.000000000000000000e+00,0.000000000000000000e+00,0.000000000000000000e+00,5.602538678765806301e+38,4.355264642044077094e+36,nan,nan,8.231707983570454235e+04
7.700000000000000000e+01,6.157547813653030389e+00,2.234509500929759511e+21,5.143040929394508076e+00,6.308869530273546293e-13,0.000000000000000000e+00,2.118033187118070945e+07,2.612637339990586042e+04,2.118033187118070945e+07,0.000000000000000000e+00,0.000000000000000000e+00,1.349147067461968660e+08,-6.509550799237825699e+31,-9.501920707058262308e+30,3.958455994418407364e+31,0.000000000000000000e+00,0.000000000000000000e+00,0.000000000000000000e+00,5.563339838760055590e+38,4.285323912966940560e+36,nan,nan,8.247731161434439127e+04
7.750000000000000000e+01,6.175619799634019635e+00,2.242520786336016237e+21,5.011248446747676333e+00,6.190784864584115462e-13,0.000000000000000000e+00,2.122161064989786595e+07,2.612637339990586042e+04,2.122161064989786595e+07,0.000000000000000000e+00,0.000000000000000000e+00,1.351773208169311881e+08,-6.507367854786899488e+31,-9.456229867724124320e+30,3.912267399784584586e+31,0.000000000000000000e+00,0.000000000000000000e+00,0.000000000000000000e+00,5.524655066458909707e+38,4.216867572663880861e+36,nan,nan,8.263785528722219169e+04
7.800000000000000000e+01,6.193090861992978979e+00,2.250323169821282533e+21,4.878260919701753906e+00,6.078118517795663701e-13,0.000000000000000000e+00,2.126296977855148166e+07,2.612637339990586042e+04,2.126296977855148166e+07,0.000000000000000000e+00,0.000000000000000000e+00,1.354404460710035563e+08,-6.505872531589156843e+31,-9.409704571128701789e+30,3.867842773001124316e+31,0.000000000000000000e+00,0.000000000000000000e+00,0.000000000000000000e+00,5.486480163894959323e+38,4.149867362434657247e+36,nan,nan,8.279871146144607337e+04
7.850000000000000000e+01,6.209957062113021564e+00,2.257914803456844497e+21,4.744125784111592914e+00,5.970646969187605682e-13,0.000000000000000000e+00,2.130440941354424506e+07,2.612637339990586042e+04,2.130440941354424506e+07,0.000000000000000000e+00,0.000000000000000000e+00,1.357040835034421980e+08,-6.505062830770230383e+31,-9.362365331445491694e+30,3.825131403872964613e+31,0.000000000000000000e+00,0.000000000000000000e+00,0.000000000000000000e+00,5.448809571427538956e+38,4.084292948722225935e+36,nan,nan,8.295988074530594167e+04
7.900000000000000000e+01,6.226214674188622844e+00,2.265293912483901735e+21,4.608888364556395167e+00,5.868159135394267374e-13,0.000000000000000000e+00,2.134592971158330142e+07,2.612637339990586042e+04,2.134592971158330142e+07,0.000000000000000000e+00,0.000000000000000000e+00,1.359682341112121344e+08,-6.504936950178832826e+31,-9.314231734303439930e+30,3.784084820436840107e+31,0.000000000000000000e+00,0.000000000000000000e+00,0.000000000000000000e+00,5.411648227480177888e+38,4.020129436865051155e+36,nan,nan,8.312136374827568943e+04
7.950000000000000000e+01,6.241860175607078176e+00,2.272458792056183325e+21,4.472591967411908342e+00,5.770455732276938663e-13,0.000000000000000000e+00,2.138753082968081161e+07,2.612637339990586042e+04,2.138753082968081161e+07,0.000000000000000000e+00,0.000000000000000000e+00,1.362328988932189941e+08,-6.505493294228792105e+31,-9.265322475754903418e+30,3.744656717836844610e+31,0.000000000000000000e+00,0.000000000000000000e+00,0.000000000000000000e+00,5.374951869814820883e+38,3.957277461577494576e+36,nan,nan,8.328316108101559803e+04
8.000000000000000000e+01,6.256890237760592832e+00,2.279407804126304666e+21,4.335277970000734449e+00,5.677348672781185628e-13,0.000000000000000000e+00,2.142921292515458167e+07,2.612637339990586042e+04,2.142921292515458167e+07,0.000000000000000000e+00,0.000000000000000000e+00,1.364980788503128290e+08,-6.506730483081173141e+31,-9.215655399692680579e+30,3.706802889228591993e+31,0.000000000000000000e+00,0.000000000000000000e+00,0.000000000000000000e+00,5.338717953921013623e+38,3.895716034988705807e+36,nan,nan,8.344527335537462204e+04
8.050000000000000000e+01,6.271301717270500120e+00,2.286139374469795807e+21,4.196985905967662411e+00,5.588660499285637477e-13,0.000000000000000000e+00,2.147097615562862530e+07,2.612637339990586042e+04,2.147097615562862530e+07,0.000000000000000000e+00,0.000000000000000000e+00,1.367637749852918684e+08,-6.508647361243385214e+31,-9.165247533768935159e+30,3.670481158840104092e+31,0.000000000000000000e+00,0.000000000000000000e+00,0.000000000000000000e+00,5.302943606431580238e+38,3.835422871937273254e+36,nan,nan,8.360770118439268845e+04
8.100000000000000000e+01,6.285091647605805854e+00,2.292651989840960160e+21,4.057753547026512919e+00,5.504223848962394563e-13,0.000000000000000000e+00,2.151282067903378233e+07,2.612637339990586042e+04,2.151282067903378233e+07,0.000000000000000000e+00,0.000000000000000000e+00,1.370299883029063046e+08,-6.511243005656796619e+31,-9.114115123869794264e+30,3.635651317290657089e+31,0.000000000000000000e+00,0.000000000000000000e+00,0.000000000000000000e+00,5.267610498642214899e+38,3.776348967886181501e+36,nan,nan,8.377044518230301037e+04
8.150000000000000000e+01,6.298257231078954632e+00,2.298944195254952133e+21,3.917616981223826400e+00,5.423880950694738264e-13,0.000000000000000000e+00,2.155474665360830724e+07,2.612637339990586042e+04,2.155474665360830724e+07,0.000000000000000000e+00,0.000000000000000000e+00,1.372967198098619878e+08,-6.514516733339349533e+31,-9.062273667199642399e+30,3.602275059245645032e+31,0.000000000000000000e+00,0.000000000000000000e+00,0.000000000000000000e+00,5.232712051866559036e+38,3.718466702269867145e+36,nan,nan,8.393350596453435719e+04
8.200000000000000000e+01,6.310795831202462125e+00,2.305014591390693720e+21,3.776610687862942406e+00,5.347483152132851435e-13,0.000000000000000000e+00,2.159675423789846525e+07,2.612637339990586042e+04,2.159675423789846525e+07,0.000000000000000000e+00,0.000000000000000000e+00,1.375639705148245692e+08,-6.518468108644999627e+31,-9.009737944029351752e+30,3.570315923465814062e+31,0.000000000000000000e+00,0.000000000000000000e+00,0.000000000000000000e+00,5.198236696876587783e+38,3.661739494191624290e+36,nan,nan,8.409688414771358657e+04
8.250000000000000000e+01,6.322704965390731680e+00,2.310861832109468156e+21,3.634767609229765384e+00,5.274890475510612801e-13,0.000000000000000000e+00,2.163884359075914323e+07,2.612637339990586042e+04,2.163884359075914323e+07,0.000000000000000000e+00,0.000000000000000000e+00,1.378317414284228384e+08,-6.523096950197629191e+31,-8.956522048162266730e+30,3.539739235292368487e+31,0.000000000000000000e+00,0.000000000000000000e+00,0.000000000000000000e+00,5.164218916868217192e+38,3.606203597072746100e+36,nan,nan,8.426058034966766718e+04
8.300000000000000000e+01,6.333982297992047705e+00,2.316484622084258660e+21,3.492119219258842833e+00,5.205971200894768060e-13,0.000000000000000000e+00,2.168101487135442719e+07,2.612637339990586042e+04,2.168101487135442719e+07,0.000000000000000000e+00,0.000000000000000000e+00,1.381000335632529855e+08,-6.528403337553215754e+31,-8.902639416171697716e+30,3.510512051595336876e+31,0.000000000000000000e+00,0.000000000000000000e+00,0.000000000000000000e+00,5.130629336942186288e+38,3.551795981765761914e+36,nan,nan,8.442459518942632712e+04
8.350000000000000000e+01,6.344625633636415962e+00,2.321881714535107133e+21,3.348695589275421103e+00,5.140601475590349645e-13,0.000000000000000000e+00,2.172326823915823177e+07,2.612637339990586042e+04,2.172326823915823177e+07,0.000000000000000000e+00,0.000000000000000000e+00,1.383688479338821173e+08,-6.534387617640456034e+31,-8.848102855462670201e+30,3.482603108200761282e+31,0.000000000000000000e+00,0.000000000000000000e+00,0.000000000000000000e+00,5.097433704741094942e+38,3.498447911010412574e+36,nan,nan,8.458892928722413490e+04
8.400000000000000000e+01,6.354632910885571917e+00,2.327051909065989947e+21,3.204525450945933773e+00,5.078664948482056853e-13,0.000000000000000000e+00,2.176560385395488888e+07,2.612637339990586042e+04,2.176560385395488888e+07,0.000000000000000000e+00,0.000000000000000000e+00,1.386381855568522513e+08,-6.541050411026935750e+31,-8.792924571210258872e+30,3.455982769802527774e+31,0.000000000000000000e+00,0.000000000000000000e+00,0.000000000000000000e+00,5.064621079859746828e+38,3.446127784275077361e+36,nan,nan,8.475358326450301684e+04
8.450000000000000000e+01,6.364002196172090287e+00,2.331994049598899356e+21,3.059636256566004686e+00,5.020052428149500469e-13,0.000000000000000000e+00,2.180802187583975121e+07,2.612637339990586042e+04,2.180802187583975121e+07,0.000000000000000000e+00,0.000000000000000000e+00,1.389080474506841600e+08,-6.548392618054921121e+31,-8.737116192225819547e+30,3.430622982356710794e+31,0.000000000000000000e+00,0.000000000000000000e+00,0.000000000000000000e+00,5.032224968040654556e+38,3.394871232631851326e+36,nan,nan,8.491855774391452724e+04
8.500000000000000000e+01,6.372731678015170154e+00,2.336707022401040548e+21,2.914054236811564724e+00,4.964661563653857445e-13,0.000000000000000000e+00,2.185052246521979943e+07,2.612637339990586042e+04,2.185052246521979943e+07,0.000000000000000000e+00,0.000000000000000000e+00,1.391784346358811259e+08,-6.556415424888318669e+31,-8.680688795801523230e+30,3.406497227950025362e+31,0.000000000000000000e+00,0.000000000000000000e+00,0.000000000000000000e+00,5.000239308799531748e+38,3.344652402327614253e+36,nan,nan,8.508385334932223486e+04
8.550000000000000000e+01,6.380819661501218931e+00,2.341189754201226084e+21,2.767804456075114050e+00,4.912396546954105079e-13,0.000000000000000000e+00,2.189310578281424567e+07,2.612637339990586042e+04,2.189310578281424567e+07,0.000000000000000000e+00,0.000000000000000000e+00,1.394493481349329352e+08,-6.565120309509896365e+31,-8.623652931582615933e+30,3.383580482129042508e+31,0.000000000000000000e+00,0.000000000000000000e+00,0.000000000000000000e+00,4.968607754937803905e+38,3.295373282436956324e+36,nan,nan,8.524947070580408035e+04
8.600000000000000000e+01,6.388264563018009490e+00,2.345441210391763878e+21,2.620910865505596377e+00,4.863167835972011748e-13,0.000000000000000000e+00,2.193577198965515941e+07,2.612637339990586042e+04,2.193577198965515941e+07,0.000000000000000000e+00,0.000000000000000000e+00,1.397207889723195732e+08,-6.574509047705788408e+31,-8.566018644515751521e+30,3.361849173673279002e+31,0.000000000000000000e+00,0.000000000000000000e+00,0.000000000000000000e+00,4.937337836451224647e+38,3.247032575865799840e+36,nan,nan,8.541541043965468998e+04
8.650000000000000000e+01,6.395064905231619967e+00,2.349460393312291914e+21,2.473396353866762709e+00,4.816891897386059759e-13,0.000000000000000000e+00,2.197852124708804488e+07,2.612637339990586042e+04,2.197852124708804488e+07,0.000000000000000000e+00,0.000000000000000000e+00,1.399927581745153069e+08,-6.584583719072429741e+31,-8.507795496920763058e+30,3.341281146792654912e+31,0.000000000000000000e+00,0.000000000000000000e+00,0.000000000000000000e+00,4.906468438677102713e+38,3.199669215409731321e+36,nan,nan,8.558167317838783492e+04
8.700000000000000000e+01,6.401219312296069219e+00,2.353246340612220781e+21,2.325282796325382151e+00,4.773490968295231047e-13,0.000000000000000000e+00,2.202135371677247807e+07,2.612637339990586042e+04,2.202135371677247807e+07,0.000000000000000000e+00,0.000000000000000000e+00,1.402652567699923217e+08,-6.595346713079316274e+31,-8.448992589732063846e+30,3.321855625728404754e+31,0.000000000000000000e+00,0.000000000000000000e+00,0.000000000000000000e+00,4.875925008614722016e+38,3.153165093417454218e+36,nan,nan,8.574825955073870136e+04
8.750000000000000000e+01,6.406726505285893936e+00,2.356798123688592933e+21,2.176591101277189022e+00,4.732892835953844806e-13,0.000000000000000000e+00,2.206426956068270653e+07,2.612637339990586042e+04,2.206426956068270653e+07,0.000000000000000000e+00,0.000000000000000000e+00,1.405382857892248929e+08,-6.606800735219570000e+31,-8.389618582954926920e+30,3.303553181735802411e+31,0.000000000000000000e+00,0.000000000000000000e+00,0.000000000000000000e+00,4.845734546128846605e+38,3.107547956890743001e+36,nan,nan,8.591517018666637887e+04
8.800000000000000000e+01,6.411585297842589348e+00,2.360114846196346388e+21,2.027341255315068036e+00,4.695030634838226092e-13,0.000000000000000000e+00,2.210726894110826403e+07,2.612637339990586042e+04,2.210726894110826403e+07,0.000000000000000000e+00,0.000000000000000000e+00,1.408118462646930218e+08,-6.618948813279043345e+31,-8.329681715380776048e+30,3.286355702427239285e+31,0.000000000000000000e+00,0.000000000000000000e+00,0.000000000000000000e+00,4.815949738273475623e+38,3.062880576985939758e+36,nan,nan,8.608240571735613048e+04
8.850000000000000000e+01,6.415794592026196952e+00,2.363195642628140433e+21,1.877552366440728093e+00,4.659842660364896777e-13,0.000000000000000000e+00,2.215035202065458894e+07,2.612637339990586042e+04,2.215035202065458894e+07,0.000000000000000000e+00,0.000000000000000000e+00,1.410859392308864892e+08,-6.631794303753444242e+31,-8.269189823604661974e+30,3.270246363455058015e+31,0.000000000000000000e+00,0.000000000000000000e+00,0.000000000000000000e+00,4.786461176435029439e+38,3.018993090328795715e+36,nan,nan,8.624996677522186656e+04
8.900000000000000000e+01,6.419353374363846676e+00,2.366039676961034338e+21,1.727242705617934471e+00,4.627272198638072759e-13,0.000000000000000000e+00,2.219351896224362031e+07,2.612637339990586042e+04,2.219351896224362031e+07,0.000000000000000000e+00,0.000000000000000000e+00,1.413605657243087292e+08,-6.645340898442248189e+31,-8.208150360387162055e+30,3.255209602514945616e+31,0.000000000000000000e+00,0.000000000000000000e+00,0.000000000000000000e+00,4.757340009521411288e+38,2.975973404652233031e+36,nan,nan,8.641785399390848761e+04
8.950000000000000000e+01,6.422260712087527246e+00,2.368646141367494902e+21,1.576429746762380235e+00,4.597267371661637946e-13,0.000000000000000000e+00,2.223676992911443859e+07,2.612637339990586042e+04,2.223676992911443859e+07,0.000000000000000000e+00,0.000000000000000000e+00,1.416357267834807634e+08,-6.659592631247189042e+31,-8.146570412401990030e+30,3.241231095652829104e+31,0.000000000000000000e+00,0.000000000000000000e+00,0.000000000000000000e+00,4.728513622090820633e+38,2.933706341896979342e+36,nan,nan,8.658606800829432905e+04
9.000000000000000000e+01,6.424515749553731503e+00,2.371014254988323979e+21,1.425130205260401128e+00,4.569780997507436338e-13,0.000000000000000000e+00,2.228010508482387289e+07,2.612637339990586042e+04,2.228010508482387289e+07,0.000000000000000000e+00,0.000000000000000000e+00,1.419114234489450753e+08,-6.674553885202623923e+31,-8.084456717409762759e+30,3.228297735860676094e+31,0.000000000000000000e+00,0.000000000000000000e+00,0.000000000000000000e+00,4.700022131735788240e+38,2.892242924737444296e+36,nan,nan,8.675460945449346036e+04
9.050000000000000000e+01,6.426117704838132383e+00,2.373143262765266239e+21,1.273360075106021672e+00,4.544770464987736397e-13,0.000000000000000000e+00,2.232352459324711934e+07,2.612637339990586042e+04,2.232352459324711934e+07,0.000000000000000000e+00,0.000000000000000000e+00,1.421876567632696331e+08,-6.690229399764600210e+31,-8.021815680897650174e+30,3.216397613949716192e+31,0.000000000000000000e+00,0.000000000000000000e+00,0.000000000000000000e+00,4.671896269883962559e+38,2.851612989627262220e+36,nan,nan,8.692347896985821717e+04
9.100000000000000000e+01,6.427065866498797853e+00,2.375032434331180597e+21,1.121134664743284937e+00,4.522197622435283495e-13,0.000000000000000000e+00,2.236702861857835203e+07,2.612637339990586042e+04,2.236702861857835203e+07,0.000000000000000000e+00,0.000000000000000000e+00,1.424644277710517645e+08,-6.706624278384988680e+31,-7.958653392223844323e+30,3.205520001693017227e+31,0.000000000000000000e+00,0.000000000000000000e+00,0.000000000000000000e+00,4.644017016098214676e+38,2.811637772057759828e+36,nan,nan,8.709267719298155862e+04
9.147428029204286304e+01,6.427360457075914191e+00,2.376602137848723276e+21,9.763322080339327247e-01,4.503007996896257865e-13,0.000000000000000000e+00,2.240837307915753499e+07,2.612637339990586042e+04,2.240837307915753499e+07,0.000000000000000000e+00,0.000000000000000000e+00,1.427274597073745430e+08,-6.722845593229751923e+31,-7.898263673908538539e+30,3.196138195239405162e+31,0.000000000000000000e+00,0.000000000000000000e+00,0.000000000000000000e+00,4.617899368888608845e+38,2.774454306989358265e+36,nan,nan,8.725347631933202501e+04
9.150000000000000000e+01,6.427359590501846576e+00,2.376681062955798757e+21,9.684686316971329312e-01,4.502028680250966859e-13,0.000000000000000000e+00,2.241061732533136010e+07,2.612637339990586042e+04,2.241061732533136010e+07,0.000000000000000000e+00,0.000000000000000000e+00,1.427417375189221501e+08,-6.723743996397088289e+31,-7.894975640304463810e+30,3.195655337234329564e+31,0.000000000000000000e+00,0.000000000000000000e+00,0.000000000000000000e+00,4.616497571415387674e+38,2.772464347529015157e+36,nan,nan,8.726220476369946846e+04
9.200000000000000000e+01,6.426998297303500252e+00,2.378088464545088012e+21,8.153760160802338008e-01,4.484234126922904347e-13,0.000000000000000000e+00,2.245429087834015861e+07,2.612637339990586042e+04,2.245429087834015861e+07,0.000000000000000000e+00,0.000000000000000000e+00,1.430195870555486679e+08,-6.741594409239182885e+31,-7.830787928883454195e+30,3.186795212756053084e+31,0.000000000000000000e+00,0.000000000000000000e+00,0.000000000000000000e+00,4.589250986732640800e+38,2.733968883655453353e+36,nan,nan,8.743206232309331244e+04
9.250000000000000000e+01,6.425981469085600750e+00,2.379253976693392015e+21,6.618702730535844792e-01,4.468788658313827358e-13,0.000000000000000000e+00,2.249804944275961444e+07,2.612637339990586042e+04,2.249804944275961444e+07,0.000000000000000000e+00,0.000000000000000000e+00,1.432979774316405356e+08,-6.760181761039863967e+31,-7.766095491421416297e+30,3.178932364433704665e+31,0.000000000000000000e+00,0.000000000000000000e+00,0.000000000000000000e+00,4.562354970947220338e+38,2.696240511428043806e+36,nan,nan,8.760225051349244313e+04
9.300000000000000000e+01,6.424308647133444516e+00,2.380176957784467177e+21,5.079643043027941562e-01,4.455671119992230578e-13,0.000000000000000000e+00,2.254189318406607211e+07,2.612637339990586042e+04,2.254189318406607211e+07,0.000000000000000000e+00,0.000000000000000000e+00,1.435769096999521852e+08,-6.779512693598022787e+31,-7.700903305631105729e+30,3.172060664646433714e+31,0.000000000000000000e+00,0.000000000000000000e+00,0.000000000000000000e+00,4.535674201522692685e+38,2.659088464753826632e+36,nan,nan,8.777276997847644088e+04
9.350000000000000000e+01,6.421979429359787162e+00,2.380856786143066194e+21,3.536704886446335183e-01,4.444864462537124634e-13,0.000000000000000000e+00,2.258582226805798337e+07,2.612637339990586042e+04,2.258582226805798337e+07,0.000000000000000000e+00,0.000000000000000000e+00,1.438563849152872264e+08,-6.799594255775442447e+31,-7.635216107717041421e+30,3.166175116503187758e+31,0.000000000000000000e+00,0.000000000000000000e+00,0.000000000000000000e+00,4.509374637576239854e+38,2.622730893234810493e+36,nan,nan,8.794362136287767498e+04
9.400000000000000000e+01,6.418993467964302369e+00,2.381292859233345208e+21,1.990007118041483281e-01,4.436355709718690049e-13,0.000000000000000000e+00,2.262983686085652560e+07,2.612637339990586042e+04,2.262983686085652560e+07,0.000000000000000000e+00,0.000000000000000000e+00,1.441364041345025003e+08,-6.820433913335890367e+31,-7.569038406336288415e+30,3.161271850675703719e+31,0.000000000000000000e+00,0.000000000000000000e+00,0.000000000000000000e+00,4.483288563531592542e+38,2.586929307397159015e+36,nan,nan,8.811480531278367562e+04
9.450000000000000000e+01,6.415350467227214359e+00,2.381484592903826178e+21,4.396639545262329141e-02,4.430135939559716097e-13,0.000000000000000000e+00,2.267393712890623882e+07,2.612637339990586042e+04,2.267393712890623882e+07,0.000000000000000000e+00,0.000000000000000000e+00,1.444169684165120125e+08,-6.842039559255690791e+31,-7.502374496325712134e+30,3.157348124576818513e+31,0.000000000000000000e+00,0.000000000000000000e+00,0.000000000000000000e+00,4.457516253921240994e+38,2.551811773307962483e+36,nan,nan,8.828632247553959314e+04
9.464158702416614233e+01,6.414199457348967570e+00,2.381494416370068619e+21,2.098652655321601442e-15,4.428789751998001062e-13,0.000000000000000000e+00,2.268644076894113794e+07,2.612637339990586042e+04,2.268644076894113794e+07,0.000000000000000000e+00,0.000000000000000000e+00,1.444965161141573787e+08,-6.848298023740046936e+31,-7.483409243174761675e+30,3.156414739509665115e+31,0.000000000000000000e+00,0.000000000000000000e+00,0.000000000000000000e+00,4.450254556931304677e+38,2.541965568658912265e+36,nan,nan,8.833495231290227093e+04
9.500000000000000000e+01,6.411050181433071593e+00,2.381431420677638324e+21,-1.114214744231760840e-01,4.426200278326926804e-13,0.000000000000000000e+00,2.271812323897563666e+07,2.612637339990586042e+04,2.271812323897563666e+07,0.000000000000000000e+00,0.000000000000000000e+00,1.446980788222909570e+08,-6.864419524534612100e+31,-7.435228472230543961e+30,3.154402323915990285e+31,0.000000000000000000e+00,0.000000000000000000e+00,0.000000000000000000e+00,4.432040512236584482e+38,2.517348579831783571e+36,nan,nan,8.845817349975062825e+04
9.550000000000000000e+01,6.406092412921396750e+00,2.381132793087047238e+21,-2.671523197479458989e-01,4.424547907563357095e-13,0.000000000000000000e+00,2.276239535815786570e+07,2.612637339990586042e+04,2.276239535815786570e+07,0.000000000000000000e+00,0.000000000000000000e+00,1.449797364148797393e+08,-6.887582589536181062e+31,-7.367604241670902801e+30,3.152433966672766271e+31,0.000000000000000000e+00,0.000000000000000000e+00,0.000000000000000000e+00,4.406761305619934600e+38,2.483393584962603195e+36,nan,nan,8.863035903528450581e+04
9.600000000000000000e+01,6.400477010261298005e+00,2.380588177051378778e+21,-4.232159431089879686e-01,4.425182084334995764e-13,0.000000000000000000e+00,2.280675365387132391e+07,2.612637339990586042e+04,2.280675365387132391e+07,0.000000000000000000e+00,0.000000000000000000e+00,1.452619422593880296e+08,-6.911537995887474783e+31,-7.299505538583261826e+30,3.151443709536249766e+31,0.000000000000000000e+00,0.000000000000000000e+00,0.000000000000000000e+00,4.381849403992333312e+38,2.450169890635597928e+36,nan,nan,8.880287973327397776e+04
9.650000000000000000e+01,6.394203866547427673e+00,2.379797055297578074e+21,-5.796025009598964051e-01,4.428110174929290599e-13,0.000000000000000000e+00,2.285119829386027530e+07,2.612637339990586042e+04,2.285119829386027530e+07,0.000000000000000000e+00,0.000000000000000000e+00,1.455446974229987562e+08,-6.936295458969362472e+31,-7.230935936374153556e+30,3.151433356866543262e+31,0.000000000000000000e+00,0.000000000000000000e+00,0.000000000000000000e+00,4.357102466232344284e+38,2.417399929535342358e+36,nan,nan,8.897573624611923879e+04
9.700000000000000000e+01,6.387272917814940776e+00,2.378758925822734107e+21,-7.363024772052091382e-01,4.433343702310293120e-13,0.000000000000000000e+00,2.289572944619552046e+07,2.612637339990586042e+04,2.289572944619552046e+07,0.000000000000000000e+00,0.000000000000000000e+00,1.458280029749720693e+08,-6.961865181029389685e+31,-7.161898861024034740e+30,3.152405872242394021e+31,0.000000000000000000e+00,0.000000000000000000e+00,0.000000000000000000e+00,4.332697123017165155e+38,2.385310530671967443e+36,nan,nan,8.914892922749029822e+04
9.750000000000000000e+01,6.379684141571551947e+00,2.377473301398035104e+21,-8.933066570942844731e-01,4.440898407705563106e-13,0.000000000000000000e+00,2.294034727927500382e+07,2.612637339990586042e+04,2.294034727927500382e+07,0.000000000000000000e+00,0.000000000000000000e+00,1.461118599866495132e+08,-6.988257864950648771e+31,-7.092397604179967673e+30,3.154365392668172898e+31,0.000000000000000000e+00,0.000000000000000000e+00,0.000000000000000000e+00,4.308503596660761101e+38,2.353722236357524045e+36,nan,nan,8.932245933232964308e+04
9.800000000000000000e+01,6.371437555444915191e+00,2.375939709113715917e+21,-1.050606101352236532e+00,4.450794326774114030e-13,0.000000000000000000e+00,2.298505196182445809e+07,2.612637339990586042e+04,2.298505196182445809e+07,0.000000000000000000e+00,0.000000000000000000e+00,1.463962695314580202e+08,-7.015484728711401537e+31,-7.022435336276467024e+30,3.157317245522690560e+31,0.000000000000000000e+00,0.000000000000000000e+00,0.000000000000000000e+00,4.284550446294150786e+38,2.322671293205816293e+36,nan,nan,8.949632721685459546e+04
9.850000000000000000e+01,6.362533215944064402e+00,2.374157689964688048e+21,-1.208192120475076514e+00,4.463055880882999201e-13,0.000000000000000000e+00,2.302984366289804503e+07,2.612637339990586042e+04,2.302984366289804503e+07,0.000000000000000000e+00,0.000000000000000000e+00,1.466812326849139035e+08,-7.043557520571667543e+31,-6.952015119725098611e+30,3.161267968342390144e+31,0.000000000000000000e+00,0.000000000000000000e+00,0.000000000000000000e+00,4.260882268791933963e+38,2.292198634746699068e+36,nan,nan,8.967053353855977184e+04
9.900000000000000000e+01,6.352971217333804432e+00,2.372126798476648382e+21,-1.366056249115233934e+00,4.477711984103412781e-13,0.000000000000000000e+00,2.307472255187900364e+07,2.612637339990586042e+04,2.307472255187900364e+07,0.000000000000000000e+00,0.000000000000000000e+00,1.469667505246270895e+08,-7.072488535024616401e+31,-6.881139922214373589e+30,3.166225331542097911e+31,0.000000000000000000e+00,0.000000000000000000e+00,0.000000000000000000e+00,4.237460592105662797e+38,2.262256454756162120e+36,nan,nan,8.984507895621967327e+04
9.950000000000000000e+01,6.342751690621339478e+00,2.369846602372575920e+21,-1.524190220482362967e+00,4.494796166625906414e-13,0.000000000000000000e+00,2.311968879848026484e+07,2.612637339990586042e+04,2.311968879848026484e+07,0.000000000000000000e+00,0.000000000000000000e+00,1.472528241303050518e+08,-7.102290629552397538e+31,-6.809812630163035238e+30,3.172198364187892166e+31,0.000000000000000000e+00,0.000000000000000000e+00,0.000000000000000000e+00,4.214207599983872621e+38,2.232735571682715002e+36,nan,nan,9.001996412989111559e+04
1.000000000000000000e+02,6.331874802654774648e+00,2.367316682279667892e+21,-1.682585940682779668e+00,4.514346715389293478e-13,0.000000000000000000e+00,2.316474257274511456e+07,2.612637339990586042e+04,2.316474257274511456e+07,0.000000000000000000e+00,0.000000000000000000e+00,1.475394545837568939e+08,-7.132977242227822528e+31,-6.738036062371235048e+30,3.179197382948835299e+31,0.000000000000000000e+00,0.000000000000000000e+00,0.000000000000000000e+00,4.191293985873609375e+38,2.203845865594807257e+36,nan,nan,9.019518972091568867e+04
1.005000000000000000e+02,6.320340755333361926e+00,2.364536631476858913e+21,-1.841235462918954235e+00,4.536406832819799922e-13,0.000000000000000000e+00,2.320988404504783079e+07,2.612637339990586042e+04,2.320988404504783079e+07,0.000000000000000000e+00,0.000000000000000000e+00,1.478266429688975215e+08,-7.164562410205481336e+31,-6.665812983916000931e+30,3.187234024367243084e+31,0.000000000000000000e+00,0.000000000000000000e+00,0.000000000000000000e+00,4.168544514709107622e+38,2.175359179955022957e+36,nan,nan,9.037075639192230301e+04
1.010000000000000000e+02,6.308149784929779180e+00,2.361506055683216245e+21,-2.000130961468266744e+00,4.561024814686851311e-13,0.000000000000000000e+00,2.325511338609434664e+07,2.612637339990586042e+04,2.325511338609434664e+07,0.000000000000000000e+00,0.000000000000000000e+00,1.481143903717516959e+08,-7.197060789147892303e+31,-6.593146120339260394e+30,3.196321280601140142e+31,0.000000000000000000e+00,0.000000000000000000e+00,0.000000000000000000e+00,4.146046907160439399e+38,2.147385526607543971e+36,nan,nan,9.054666480682970723e+04
1.015000000000000000e+02,6.295302161525049733e+00,2.358224572887622222e+21,-2.159264705357613057e+00,4.588254248200602058e-13,0.000000000000000000e+00,2.330043076692284271e+07,2.612637339990586042e+04,2.330043076692284271e+07,0.000000000000000000e+00,0.000000000000000000e+00,1.484026978804581463e+08,-7.230487673634740204e+31,-6.520038172178994094e+30,3.206473538807413163e+31,0.000000000000000000e+00,0.000000000000000000e+00,0.000000000000000000e+00,4.123745150795140593e+38,2.119842843476346495e+36,nan,nan,9.072291563084899099e+04
1.020000000000000000e+02,6.281798188557036866e+00,2.354691813220288823e+21,-2.318629031647459371e+00,4.618154231604812102e-13,0.000000000000000000e+00,2.334583635890445486e+07,2.612637339990586042e+04,2.334583635890445486e+07,0.000000000000000000e+00,0.000000000000000000e+00,1.486915665852736831e+08,-7.264859018605707522e+31,-6.446491829896538400e+30,3.217706624350179355e+31,0.000000000000000000e+00,0.000000000000000000e+00,0.000000000000000000e+00,4.101711730835296583e+38,2.092816206625362389e+36,nan,nan,9.089950953048607334e+04
1.025000000000000000e+02,6.267638202483854393e+00,2.350907418866798559e+21,-2.478216318235535454e+00,4.650789616658329629e-13,0.000000000000000000e+00,2.339133033374388888e+07,2.612637339990586042e+04,2.339133033374388888e+07,0.000000000000000000e+00,0.000000000000000000e+00,1.489809975785773396e+08,-7.300191461889954069e+31,-6.372509789255769007e+30,3.230037848036125950e+31,0.000000000000000000e+00,0.000000000000000000e+00,0.000000000000000000e+00,4.079894167180572458e+38,2.066237992636293199e+36,nan,nan,9.107644717354423483e+04
1.030000000000000000e+02,6.252822572563888848e+00,2.346871044025494274e+21,-2.638018956086535027e+00,4.686231275550350610e-13,0.000000000000000000e+00,2.343691286348007992e+07,2.612637339990586042e+04,2.343691286348007992e+07,0.000000000000000000e+00,0.000000000000000000e+00,1.492709919548744261e+08,-7.336502347878289519e+31,-6.298094767212998380e+30,3.243486057596995464e+31,0.000000000000000000e+00,0.000000000000000000e+00,0.000000000000000000e+00,4.058234228208960259e+38,2.040029204868226491e+36,nan,nan,9.125372922912663489e+04
1.035000000000000000e+02,6.237351700754492079e+00,2.342582354909205365e+21,-2.798029320789838792e+00,4.724556393960319509e-13,0.000000000000000000e+00,2.348258412048683316e+07,2.612637339990586042e+04,2.348258412048683316e+07,0.000000000000000000e+00,0.000000000000000000e+00,1.495615508108008206e+08,-7.373809752396972994e+31,-6.223249518379780611e+30,3.258071693659379263e+31,0.000000000000000000e+00,0.000000000000000000e+00,0.000000000000000000e+00,4.036831539801815301e+38,2.014308075129515326e+36,nan,nan,9.143135636763890216e+04
1.040000000000000000e+02,6.221226021731888878e+00,2.338041029792449692e+21,-2.958239743342497174e+00,4.765848792154455481e-13,0.000000000000000000e+00,2.352834427747348696e+07,2.612637339990586042e+04,2.352834427747348696e+07,0.000000000000000000e+00,0.000000000000000000e+00,1.498526752451269627e+08,-7.412132508845266826e+31,-6.147976852124407763e+30,3.273816850463409669e+31,0.000000000000000000e+00,0.000000000000000000e+00,0.000000000000000000e+00,4.015660000955579713e+38,1.989034082353551837e+36,nan,nan,9.160932926079157915e+04
1.045000000000000000e+02,6.204446003035197776e+00,2.333246759105418756e+21,-3.118642480049320653e+00,4.810199276209047681e-13,0.000000000000000000e+00,2.357419350748555735e+07,2.612637339990586042e+04,2.357419350748555735e+07,0.000000000000000000e+00,0.000000000000000000e+00,1.501443663587620854e+08,-7.451490235662286304e+31,-6.072279650382144445e+30,3.290745341615136174e+31,0.000000000000000000e+00,0.000000000000000000e+00,0.000000000000000000e+00,3.994658703537589757e+38,1.964131492908115823e+36,nan,nan,9.178764858160274161e+04
1.050000000000000000e+02,6.187012145337936531e+00,2.328199245576227258e+21,-3.279229681425995580e+00,4.857706021668030498e-13,0.000000000000000000e+00,2.362013198390541226e+07,2.612637339990586042e+04,2.362013198390541226e+07,0.000000000000000000e+00,0.000000000000000000e+00,1.504366252547582984e+08,-7.491903365192277449e+31,-5.996160886248531407e+30,3.308882771182372177e+31,0.000000000000000000e+00,0.000000000000000000e+00,0.000000000000000000e+00,3.973883798675596597e+38,1.939664533068647744e+36,nan,nan,9.196631500440044329e+04
1.055000000000000000e+02,6.168924982850882976e+00,2.322898204423096893e+21,-3.439993359984561572e+00,4.908474992180996948e-13,0.000000000000000000e+00,2.366615988045288622e+07,2.612637339990586042e+04,2.366615988045288622e+07,0.000000000000000000e+00,0.000000000000000000e+00,1.507294530383149385e+08,-7.533393174021205478e+31,-5.919623643435122827e+30,3.328256610470904909e+31,0.000000000000000000e+00,0.000000000000000000e+00,0.000000000000000000e+00,3.953282621623320644e+38,1.915563711451773668e+36,nan,nan,9.214532920482540794e+04
1.060000000000000000e+02,6.150185083860622903e+00,2.317343363598334034e+21,-3.600925356773337693e+00,4.962620395930220234e-13,0.000000000000000000e+00,2.371227737118599191e+07,2.612637339990586042e+04,2.371227737118599191e+07,0.000000000000000000e+00,0.000000000000000000e+00,1.510228508167826235e+08,-7.575981814861614164e+31,-5.842671136672337355e+30,3.348896280847167503e+31,0.000000000000000000e+00,0.000000000000000000e+00,0.000000000000000000e+00,3.932861235395711584e+38,1.891830614799895243e+36,nan,nan,9.232469185983350326e+04
1.065000000000000000e+02,6.130793051408654826e+00,2.311534464086175646e+21,-3.762017306535386574e+00,5.020265182944260794e-13,0.000000000000000000e+00,2.375848463050151989e+07,2.612637339990586042e+04,2.375848463050151989e+07,0.000000000000000000e+00,0.000000000000000000e+00,1.513168196996673346e+08,-7.619692350066865927e+31,-5.765306733150031969e+30,3.370833243005259952e+31,0.000000000000000000e+00,0.000000000000000000e+00,0.000000000000000000e+00,3.912697019544006358e+38,1.868550828354566225e+36,nan,nan,9.250440364769821463e+04
1.070000000000000000e+02,6.110749524116505960e+00,2.305471260256796934e+21,-3.923260601340825549e+00,5.081541586714282504e-13,0.000000000000000000e+00,2.380478183313575760e+07,2.612637339990586042e+04,2.380478183313575760e+07,0.000000000000000000e+00,0.000000000000000000e+00,1.516113607986347973e+08,-7.664548786860488669e+31,-5.687533975092820798e+30,3.394101093110510923e+31,0.000000000000000000e+00,0.000000000000000000e+00,0.000000000000000000e+00,3.892726894262080966e+38,1.845648082085187257e+36,nan,nan,9.268446524801338091e+04
1.075000000000000000e+02,6.090055177162856381e+00,2.299153520279005168e+21,-4.084646352538634062e+00,5.146591713880869550e-13,0.000000000000000000e+00,2.385116915416509286e+07,2.612637339990586042e+04,2.385116915416509286e+07,0.000000000000000000e+00,0.000000000000000000e+00,1.519064752275146842e+08,-7.710576114370920227e+31,-5.609356603574288045e+30,3.418735666289065843e+31,0.000000000000000000e+00,0.000000000000000000e+00,0.000000000000000000e+00,3.872899287697162880e+38,1.823057305400452338e+36,nan,nan,9.286487734169568284e+04
1.080000000000000000e+02,6.068710723419385999e+00,2.292581026594403647e+21,-4.246165350863015497e+00,5.215568186147707447e-13,0.000000000000000000e+00,2.389764676900671422e+07,2.612637339990586042e+04,2.389764676900671422e+07,0.000000000000000000e+00,0.000000000000000000e+00,1.522021641023046374e+08,-7.757800342567043878e+31,-5.530778583681846202e+30,3.444775147973446087e+31,0.000000000000000000e+00,0.000000000000000000e+00,0.000000000000000000e+00,3.853263294509241513e+38,1.800832800343107088e+36,nan,nan,9.304564061098717502e+04
1.085000000000000000e+02,6.046716914752612304e+00,2.285753576456075346e+21,-4.407808024517771983e+00,5.288634839008270162e-13,0.000000000000000000e+00,2.394421485341926664e+07,2.612637339990586042e+04,2.394421485341926664e+07,0.000000000000000000e+00,0.000000000000000000e+00,1.524984285411746800e+08,-7.806248543195028954e+31,-5.451804131152552093e+30,3.472260193657930598e+31,0.000000000000000000e+00,0.000000000000000000e+00,0.000000000000000000e+00,3.833828249689266475e+38,1.778980964019539830e+36,nan,nan,9.322675573945794895e+04
1.090000000000000000e+02,6.024074543499844836e+00,2.278670982535120683e+21,-4.569564395049398264e+00,5.365967482347647635e-13,0.000000000000000000e+00,2.399087358350351453e+07,2.612637339990586042e+04,2.399087358350351453e+07,0.000000000000000000e+00,0.000000000000000000e+00,1.527952696644713581e+08,-7.855948892822583157e+31,-5.372437740609360357e+30,3.501234057665361144e+31,0.000000000000000000e+00,0.000000000000000000e+00,0.000000000000000000e+00,3.814572408013793474e+38,1.757471977032664681e+36,nan,nan,9.340822341200865048e+04
1.095000000000000000e+02,6.000784444128054673e+00,2.271333073598701896e+21,-4.731424030805704284e+00,5.447754728509122087e-13,0.000000000000000000e+00,2.403762313570299000e+07,2.612637339990586042e+04,2.403762313570299000e+07,0.000000000000000000e+00,0.000000000000000000e+00,1.530926885947220325e+08,-7.906930718102359897e+31,-5.292684215537383186e+30,3.531742731578882238e+31,0.000000000000000000e+00,0.000000000000000000e+00,0.000000000000000000e+00,3.795462115536644476e+38,1.736262903167941949e+36,nan,nan,9.359004431487312831e+04
1.100000000000000000e+02,5.976847495085337414e+00,2.263739695263569936e+21,-4.893375997761475915e+00,5.534198894000361029e-13,0.000000000000000000e+00,2.408446368680468947e+07,2.612637339990586042e+04,2.408446368680468947e+07,0.000000000000000000e+00,0.000000000000000000e+00,1.533906864566389918e+08,-7.959224543372390663e+31,-5.212548700150754429e+30,3.563835093048564522e+31,0.000000000000000000e+00,0.000000000000000000e+00,0.000000000000000000e+00,3.776551207842955544e+38,1.715410190681902846e+36,nan,nan,9.377221913562095142e+04
1.105000000000000000e+02,5.952264620855524768e+00,2.255890710829413958e+21,-5.055408807476047706e+00,5.625516981663958780e-13,0.000000000000000000e+00,2.413139541393973306e+07,2.612637339990586042e+04,2.413139541393973306e+07,0.000000000000000000e+00,0.000000000000000000e+00,1.536892643771239221e+08,-8.012862140717667935e+31,-5.132036713312790596e+30,3.597563065744334554e+31,0.000000000000000000e+00,0.000000000000000000e+00,0.000000000000000000e+00,3.757837771159875438e+38,1.694908616532263312e+36,nan,nan,9.395474856316011574e+04
1.110000000000000000e+02,5.927036794227451999e+00,2.247786002196756169e+21,-5.217510361929338814e+00,5.721941750859312573e-13,0.000000000000000000e+00,2.417841849458402023e+07,2.612637339990586042e+04,2.417841849458402023e+07,0.000000000000000000e+00,0.000000000000000000e+00,1.539884234852718711e+08,-8.067876582623447906e+31,-5.051154184685210757e+30,3.632981791293529931e+31,0.000000000000000000e+00,0.000000000000000000e+00,0.000000000000000000e+00,3.739305942787829847e+38,1.674737465541747923e+36,nan,nan,9.413763328773950343e+04
1.115000000000000000e+02,5.901165038791434725e+00,2.239425470874527728e+21,-5.379667894962979702e+00,5.823722884006277070e-13,0.000000000000000000e+00,2.422553310655890405e+07,2.612637339990586042e+04,2.422553310655890405e+07,0.000000000000000000e+00,0.000000000000000000e+00,1.542881649123759270e+08,-8.124302297357889492e+31,-4.969907493296767281e+30,3.670149814114272358e+31,0.000000000000000000e+00,0.000000000000000000e+00,0.000000000000000000e+00,3.720930440957105919e+38,1.654864849825229180e+36,nan,nan,9.432087400095172052e+04
1.120000000000000000e+02,5.874650431676638362e+00,2.230809039082917986e+21,-5.541867910031257338e+00,5.931128258735496790e-13,0.000000000000000000e+00,2.427273942803189158e+07,2.612637339990586042e+04,2.427273942803189158e+07,0.000000000000000000e+00,0.000000000000000000e+00,1.545884897919310629e+08,-8.182175127228431271e+31,-4.888303508737154275e+30,3.709129280135311868e+31,0.000000000000000000e+00,0.000000000000000000e+00,0.000000000000000000e+00,3.702702448799071888e+38,1.635277530637087331e+36,nan,nan,9.450447139573542518e+04
1.125000000000000000e+02,5.847494106544146142e+00,2.221936650957560480e+21,-5.704096113942720869e+00,6.044445335886957509e-13,0.000000000000000000e+00,2.432003763751727343e+07,2.612637339990586042e+04,2.432003763751727343e+07,0.000000000000000000e+00,0.000000000000000000e+00,1.548893992596386969e+08,-8.241532389863754189e+31,-4.806349635199536237e+30,3.749986150479489274e+31,0.000000000000000000e+00,0.000000000000000000e+00,0.000000000000000000e+00,3.684637667086678403e+38,1.615989593066626366e+36,nan,nan,9.468842616637816536e+04
1.130000000000000000e+02,5.819697256851957157e+00,2.212808273861659591e+21,-5.866337346247162188e+00,6.163982674709695434e-13,0.000000000000000000e+00,2.436742791387684271e+07,2.612637339990586042e+04,2.436742791387684271e+07,0.000000000000000000e+00,0.000000000000000000e+00,1.551908944534109235e+08,-8.302412942680652106e+31,-4.724053858613671962e+30,3.792790431282439568e+31,0.000000000000000000e+00,0.000000000000000000e+00,0.000000000000000000e+00,3.666743689331194713e+38,1.597005830564686849e+36,nan,nan,9.487273900851892540e+04
1.135000000000000000e+02,5.791261139409414227e+00,2.203423899813211013e+21,-6.028575503894032295e+00,6.290071587855894239e-13,0.000000000000000000e+00,2.441491043632053584e+07,2.612637339990586042e+04,2.441491043632053584e+07,0.000000000000000000e+00,0.000000000000000000e+00,1.554929765133747756e+08,-8.364857250702700956e+31,-4.641424797132374239e+30,3.837616420921007215e+31,0.000000000000000000e+00,0.000000000000000000e+00,0.000000000000000000e+00,3.649017125028876153e+38,1.578318873645651384e+36,nan,nan,9.505741061915075989e+04
1.140000000000000000e+02,5.762187078240188498e+00,2.193783547035100381e+21,-6.190793460757118893e+00,6.423067950147837776e-13,0.000000000000000000e+00,2.446248538440712914e+07,2.612637339990586042e+04,2.446248538440712914e+07,0.000000000000000000e+00,0.000000000000000000e+00,1.557956465818765759e+08,-8.428907457905522030e+31,-4.558471755256512716e+30,3.884542976038194693e+31,0.000000000000000000e+00,0.000000000000000000e+00,0.000000000000000000e+00,3.631454636278154614e+38,1.559921856159332599e+36,nan,nan,9.524244169662342756e+04
1.145000000000000000e+02,5.732476468774539313e+00,2.183887261636518478e+21,-6.352972981586025192e+00,6.563354176644528646e-13,0.000000000000000000e+00,2.451015293804490939e+07,2.612637339990586042e+04,2.451015293804490939e+07,0.000000000000000000e+00,0.000000000000000000e+00,1.560989058034862876e+08,-8.494607462271215325e+31,-4.475204781908517879e+30,3.933653797873890157e+31,0.000000000000000000e+00,0.000000000000000000e+00,0.000000000000000000e+00,3.614052950543988874e+38,1.541808292511062298e+36,nan,nan,9.542783294064606889e+04
1.150000000000000000e+02,5.702130782393343367e+00,2.173735119434855481e+21,-6.515094629907596691e+00,6.711341387266582142e-13,0.000000000000000000e+00,2.455791327749237046e+07,2.612637339990586042e+04,2.455791327749237046e+07,0.000000000000000000e+00,0.000000000000000000e+00,1.564027553250017166e+08,-8.562002994742521056e+31,-4.391634732791307230e+30,3.985037740544251758e+31,0.000000000000000000e+00,0.000000000000000000e+00,0.000000000000000000e+00,3.596789822320738899e+38,1.523951494116325228e+36,nan,nan,9.561358505228978174e+04
1.155000000000000000e+02,5.671151571348361564e+00,2.163327227928031003e+21,-6.677137669359373362e+00,6.867471777176532955e-13,0.000000000000000000e+00,2.460576658335886896e+07,2.612637339990586042e+04,2.460576658335886896e+07,0.000000000000000000e+00,0.000000000000000000e+00,1.567071962954530120e+08,-8.631141702274937971e+31,-4.307773337399212569e+30,4.038789143058437015e+31,0.000000000000000000e+00,0.000000000000000000e+00,0.000000000000000000e+00,3.579673201481380831e+38,1.506357375247315272e+36,nan,nan,9.579969873399032804e+04
1.160000000000000000e+02,5.639540474085293909e+00,2.152663728428053168e+21,-6.839079957892388428e+00,7.032221214283069389e-13,0.000000000000000000e+00,2.465371303660533205e+07,2.612637339990586042e+04,2.465371303660533205e+07,0.000000000000000000e+00,0.000000000000000000e+00,1.570122298661068678e+08,-8.702073235192827348e+31,-4.223633271079844009e+30,4.095008187020301651e+31,0.000000000000000000e+00,0.000000000000000000e+00,0.000000000000000000e+00,3.562705832590607433e+38,1.489025879498833077e+36,nan,nan,9.598617468955078220e+04
1.165000000000000000e+02,5.607299220998449130e+00,2.141744798367540314e+21,-7.000897834231444072e+00,7.206102087671620140e-13,0.000000000000000000e+00,2.470175281854492053e+07,2.612637339990586042e+04,2.470175281854492053e+07,0.000000000000000000e+00,0.000000000000000000e+00,1.573178571904709637e+08,-8.774849339062789554e+31,-4.139228232581316381e+30,4.153801282136197133e+31,0.000000000000000000e+00,0.000000000000000000e+00,0.000000000000000000e+00,3.545887295983967880e+38,1.471953527575304540e+36,nan,nan,9.617301362414415053e+04
1.170000000000000000e+02,5.574429640648328466e+00,2.130570653791933432e+21,-7.162565995927351992e+00,7.389666433493621707e-13,0.000000000000000000e+00,2.474988611084372923e+07,2.612637339990586042e+04,2.474988611084372923e+07,0.000000000000000000e+00,0.000000000000000000e+00,1.576240794242984056e+08,-8.849523951304470715e+31,-4.054573027558207443e+30,4.215281481839065348e+31,0.000000000000000000e+00,0.000000000000000000e+00,0.000000000000000000e+00,3.529217560617793794e+38,1.455137275882588363e+36,nan,nan,9.636021624431615055e+04
1.175000000000000000e+02,5.540933666476160369e+00,2.119141552051237421e+21,-7.324057368276769786e+00,7.583509367910765597e-13,0.000000000000000000e+00,2.479811309552147612e+07,2.612637339990586042e+04,2.479811309552147612e+07,0.000000000000000000e+00,0.000000000000000000e+00,1.579308977255917788e+08,-8.926153302765170255e+31,-3.969683658552080071e+30,4.279568931545154564e+31,0.000000000000000000e+00,0.000000000000000000e+00,0.000000000000000000e+00,3.512693748265313119e+38,1.438571230860862072e+36,nan,nan,9.654778325798769947e+04
1.180000000000000000e+02,5.506813344052313042e+00,2.107457794706304926e+21,-7.485342963320881893e+00,7.788272860131416107e-13,0.000000000000000000e+00,2.484643395495217294e+07,2.612637339990586042e+04,2.484643395495217294e+07,0.000000000000000000e+00,0.000000000000000000e+00,1.582383132546079457e+08,-9.004796024490193666e+31,-3.884577422009243652e+30,4.346791352284310901e+31,0.000000000000000000e+00,0.000000000000000000e+00,0.000000000000000000e+00,3.496313033105631782e+38,1.422249981340510769e+36,nan,nan,9.673571537445779541e+04
1.185000000000000000e+02,5.472070838898733136e+00,2.095519730665996681e+21,-7.646391728063749227e+00,8.004649882442890327e-13,0.000000000000000000e+00,2.489484887186483666e+07,2.612637339990586042e+04,2.489484887186483666e+07,0.000000000000000000e+00,0.000000000000000000e+00,1.585463271738621593e+08,-9.085513259924701366e+31,-3.799273012949408985e+30,4.417084562689305834e+31,0.000000000000000000e+00,0.000000000000000000e+00,0.000000000000000000e+00,3.480072644894553442e+38,1.406168316463993661e+36,nan,nan,9.692401330440606398e+04
1.190000000000000000e+02,5.436708444929033490e+00,2.083327759572943503e+21,-7.807170380973985857e+00,8.233388978490363450e-13,0.000000000000000000e+00,2.494335802934416384e+07,2.612637339990586042e+04,2.494335802934416384e+07,0.000000000000000000e+00,0.000000000000000000e+00,1.588549406481324732e+08,-9.168368782785974983e+31,-3.713790637955040165e+30,4.490593042595697771e+31,0.000000000000000000e+00,0.000000000000000000e+00,0.000000000000000000e+00,3.463969870636539770e+38,1.390321162109904158e+36,nan,nan,9.711267775989542133e+04
1.195000000000000000e+02,5.400728593553638213e+00,2.070882335457205551e+21,-7.967643235749058306e+00,8.475299295943073142e-13,0.000000000000000000e+00,2.499196161083122343e+07,2.612637339990586042e+04,2.499196161083122343e+07,0.000000000000000000e+00,0.000000000000000000e+00,1.591641548444642425e+08,-9.253429120845507041e+31,-3.628152137212553846e+30,4.567470541793096445e+31,0.000000000000000000e+00,0.000000000000000000e+00,0.000000000000000000e+00,3.448002060857931547e+38,1.374703537856677580e+36,nan,nan,9.730170945437489718e+04
1.200000000000000000e+02,5.364133863501532318e+00,2.058183970678777577e+21,-8.127772011229101423e+00,8.731256135191472286e-13,0.000000000000000000e+00,2.504065980012416840e+07,2.612637339990586042e+04,2.504065980012416840e+07,0.000000000000000000e+00,0.000000000000000000e+00,1.594739709321745634e+08,-9.340763685859046362e+31,-3.542381116403814128e+30,4.647880737782567332e+31,0.000000000000000000e+00,0.000000000000000000e+00,0.000000000000000000e+00,3.432166635726240270e+38,1.359310351120859844e+36,nan,nan,9.749110910268225416e+04
1.205000000000000000e+02,5.326926991414651980e+00,2.045233240181749580e+21,-8.287515626246133138e+00,9.002207071914569257e-13,0.000000000000000000e+00,2.508945278137890622e+07,2.612637339990586042e+04,2.508945278137890622e+07,0.000000000000000000e+00,0.000000000000000000e+00,1.597843900828565657e+08,-9.430444909878054993e+31,-3.456503089320065400e+30,4.731997946735670052e+31,0.000000000000000000e+00,0.000000000000000000e+00,0.000000000000000000e+00,3.416477301987212953e+38,1.344151636092406962e+36,nan,nan,9.768087742104670906e+04
1.210000000000000000e+02,5.289110883275904840e+00,2.032030786084919050e+21,-8.446829978084092971e+00,9.289178718334456120e-13,0.000000000000000000e+00,2.513834073910982162e+07,2.612637339990586042e+04,2.513834073910982162e+07,0.000000000000000000e+00,0.000000000000000000e+00,1.600954134703838825e+08,-9.522548388168156557e+31,-3.370545632151182629e+30,4.820007892219269577e+31,0.000000000000000000e+00,0.000000000000000000e+00,0.000000000000000000e+00,3.400932087277362420e+38,1.329222654959582084e+36,nan,nan,9.787101512709159579e+04
1.215000000000000000e+02,5.250688626737094467e+00,2.018577322635838620e+21,-8.605667703104224131e+00,9.593284195836005607e-13,0.000000000000000000e+00,2.518732385819044709e+07,2.612637339990586042e+04,2.518732385819044709e+07,0.000000000000000000e+00,0.000000000000000000e+00,1.604070422709152102e+08,-9.617153028947452169e+31,-3.284538550491518061e+30,4.912108536648640265e+31,0.000000000000000000e+00,0.000000000000000000e+00,0.000000000000000000e+00,3.385514505180242952e+38,1.314505544858913020e+36,nan,nan,9.806152293983715936e+04
1.220000000000000000e+02,5.211663504418928561e+00,2.004873641557663941e+21,-8.763977917958508002e+00,9.915731400487764939e-13,0.000000000000000000e+00,2.523640232385417446e+07,2.612637339990586042e+04,2.523640232385417446e+07,0.000000000000000000e+00,0.000000000000000000e+00,1.607192776628985703e+08,-9.714341210139873713e+31,-3.198514060200288542e+30,5.008510980861044188e+31,0.000000000000000000e+00,0.000000000000000000e+00,0.000000000000000000e+00,3.370222154893718819e+38,1.299995961274153615e+36,nan,nan,9.825240157970318978e+04
1.225000000000000000e+02,5.172039008261643644e+00,1.990920617820775776e+21,-8.921705939669591245e+00,1.025783215298277830e-12,0.000000000000000000e+00,2.528557632169496641e+07,2.612637339990586042e+04,2.528557632169496641e+07,0.000000000000000000e+00,0.000000000000000000e+00,1.610321208270758688e+08,-9.814198943314039343e+31,-3.112506983360379673e+30,5.109440437663699445e+31,0.000000000000000000e+00,0.000000000000000000e+00,0.000000000000000000e+00,3.355052680204057666e+38,1.285689702518264969e+36,nan,nan,9.844365176851180149e+04
1.230000000000000000e+02,5.131818855011692548e+00,1.976719215873977483e+21,-9.078792982698541181e+00,1.062101233576884500e-12,0.000000000000000000e+00,2.533484603766803816e+07,2.612637339990586042e+04,2.533484603766803816e+07,0.000000000000000000e+00,0.000000000000000000e+00,1.613455729464873970e+08,-9.916816044945956362e+31,-3.026554960695016060e+30,5.215137285704984458e+31,0.000000000000000000e+00,0.000000000000000000e+00,0.000000000000000000e+00,3.340003779576792762e+38,1.271582680078151191e+36,nan,nan,9.863527422949016909e+04
1.235000000000000000e+02,5.091007002937599779e+00,1.962270496373175747e+21,-9.235175830950348441e+00,1.100682313281666527e-12,0.000000000000000000e+00,2.538421165809058025e+07,2.612637339990586042e+04,2.538421165809058025e+07,0.000000000000000000e+00,0.000000000000000000e+00,1.616596352064762115e+08,-1.002228631510184224e+32,-2.940698681928169718e+30,5.325858210545937936e+31,0.000000000000000000e+00,0.000000000000000000e+00,0.000000000000000000e+00,3.325073197887052720e+38,1.257670913933934745e+36,nan,nan,9.882726968727321946e+04
1.240000000000000000e+02,5.049607669876272631e+00,1.947575623448825954e+21,-9.390786482480473651e+00,1.141695350175978246e-12,0.000000000000000000e+00,2.543367336964244395e+07,2.612637339990586042e+04,2.543367336964244395e+07,0.000000000000000000e+00,0.000000000000000000e+00,1.619743087946926653e+08,-1.013070772358410737e+32,-2.854982135712435013e+30,5.441877440370268097e+31,0.000000000000000000e+00,0.000000000000000000e+00,0.000000000000000000e+00,3.310258733322225684e+38,1.243950369492609889e+36,nan,nan,9.901963886790641118e+04
1.245000000000000000e+02,5.007625352720123324e+00,1.932635872557116948e+21,-9.545551764462970823e+00,1.185324402423039769e-12,0.000000000000000000e+00,2.548323135936686397e+07,2.612637339990586042e+04,2.548323135936686397e+07,0.000000000000000000e+00,0.000000000000000000e+00,1.622895949010989368e+08,-1.024218260351646297e+32,-2.769452880898370667e+30,5.563488084363657582e+31,0.000000000000000000e+00,0.000000000000000000e+00,0.000000000000000000e+00,3.295572407783833253e+38,1.230429500995125235e+36,nan,nan,9.921238249884845573e+04
1.250000000000000000e+02,4.965064848465168268e+00,1.917452638963882263e+21,-9.699392915760427059e+00,1.231770229832833869e-12,0.000000000000000000e+00,2.553288581467114761e+07,2.612637339990586042e+04,2.553288581467114761e+07,0.000000000000000000e+00,0.000000000000000000e+00,1.626054947179734409e+08,-1.035681785226077025e+32,-2.684162341082881814e+30,5.691003582414467103e+31,0.000000000000000000e+00,0.000000000000000000e+00,0.000000000000000000e+00,3.281037439586560246e+38,1.217126325171815439e+36,nan,nan,9.940550130897408235e+04
1.255000000000000000e+02,4.921931276950965994e+00,1.902027446914620326e+21,-9.852225134197500012e+00,1.281252005753684327e-12,0.000000000000000000e+00,2.558263692332740501e+07,2.612637339990586042e+04,2.558263692332740501e+07,0.000000000000000000e+00,0.000000000000000000e+00,1.629220094399154186e+08,-1.047472513945523172e+32,-2.599166124551921491e+30,5.824759275433665158e+31,0.000000000000000000e+00,0.000000000000000000e+00,0.000000000000000000e+00,3.266614767370709368e+38,1.204003989786164719e+36,nan,nan,9.959899602857677382e+04
1.260000000000000000e+02,4.878230105434893105e+00,1.886361959548758524e+21,-1.000395708538200346e+01,1.334009222329921612e-12,0.000000000000000000e+00,2.563248487347324938e+07,2.612637339990586042e+04,2.563248487347324938e+07,0.000000000000000000e+00,0.000000000000000000e+00,1.632391402638493776e+08,-1.059602112183754540e+32,-2.514524371925428465e+30,5.965114106254937388e+31,0.000000000000000000e+00,0.000000000000000000e+00,0.000000000000000000e+00,3.252302344564976091e+38,1.191058951347235853e+36,nan,nan,9.979286738937156042e+04
1.265000000000000000e+02,4.833967175155956753e+00,1.870457989621522629e+21,-1.015449036963967089e+01,1.390303812417631130e-12,0.000000000000000000e+00,2.568242985361249000e+07,2.612637339990586042e+04,2.568242985361249000e+07,0.000000000000000000e+00,0.000000000000000000e+00,1.635568883890297413e+08,-1.072082766436248981e+32,-2.430302134020878415e+30,6.112452461747515845e+31,0.000000000000000000e+00,0.000000000000000000e+00,0.000000000000000000e+00,3.238094264633723829e+38,1.178284191984986985e+36,nan,nan,9.998711612449779932e+04
1.270000000000000000e+02,4.789148730057097403e+00,1.854317511102391910e+21,-1.030371894333031690e+01,1.450422514331532397e-12,0.000000000000000000e+00,2.573247205261588842e+07,2.612637339990586042e+04,2.573247205261588842e+07,0.000000000000000000e+00,0.000000000000000000e+00,1.638752550170451999e+08,-1.084927206693725585e+32,-2.346569782676489504e+30,6.267186167440204859e+31,0.000000000000000000e+00,0.000000000000000000e+00,0.000000000000000000e+00,3.223988441895685465e+38,1.165676359342857836e+36,nan,nan,1.001817429685218231e+05
1.275000000000000000e+02,4.743781447849852562e+00,1.837942671725282984e+21,-1.045152849049389587e+01,1.514679508818902371e-12,0.000000000000000000e+00,2.578261165972182155e+07,2.612637339990586042e+04,2.578261165972182155e+07,0.000000000000000000e+00,0.000000000000000000e+00,1.641942413518234193e+08,-1.098148729587189447e+32,-2.263403457516740934e+30,6.429756646598366329e+31,0.000000000000000000e+00,0.000000000000000000e+00,0.000000000000000000e+00,3.210004155052167876e+38,1.153249618006691871e+36,nan,nan,1.003767486574398790e+05
1.280000000000000000e+02,4.697872473621488076e+00,1.821335806572250792e+21,-1.059779574043512262e+01,1.583419361253007422e-12,0.000000000000000000e+00,2.583284886453704163e+07,2.612637339990586042e+04,2.583284886453704163e+07,0.000000000000000000e+00,0.000000000000000000e+00,1.645138485996356010e+08,-1.111761221887105992e+32,-2.180885551901185066e+30,6.600637256291281389e+31,0.000000000000000000e+00,0.000000000000000000e+00,0.000000000000000000e+00,3.196142097298263583e+38,1.141002825982893077e+36,nan,nan,1.005721339286808943e+05
1.285000000000000000e+02,4.651429456202206936e+00,1.804499452779709596e+21,-1.074238772649579765e+01,1.657020306040440291e-12,0.000000000000000000e+00,2.588318385703735799e+07,2.612637339990586042e+04,2.588318385703735799e+07,0.000000000000000000e+00,0.000000000000000000e+00,1.648340779691008031e+08,-1.125779184206713029e+32,-2.099105241572732308e+30,6.780335813504571780e+31,0.000000000000000000e+00,0.000000000000000000e+00,0.000000000000000000e+00,3.182380361251450110e+38,1.128916218040597479e+36,nan,nan,1.007678995211091096e+05
1.290000000000000000e+02,4.604460587528951265e+00,1.787436365463966188e+21,-1.088516098088617490e+01,1.735897914673503808e-12,0.000000000000000000e+00,2.593361682756838948e+07,2.612637339990586042e+04,2.593361682756838948e+07,0.000000000000000000e+00,0.000000000000000000e+00,1.651549306711908579e+08,-1.140217754720491739e+32,-2.018159059812677873e+30,6.969397324749397991e+31,0.000000000000000000e+00,0.000000000000000000e+00,0.000000000000000000e+00,3.168717158075868508e+38,1.116986540205229991e+36,nan,nan,1.009640461750270333e+05
1.295000000000000000e+02,4.556974645262685364e+00,1.770149534971266073e+21,-1.102596066005384046e+01,1.820509193755756765e-12,0.000000000000000000e+00,2.598414796684625000e+07,2.612637339990586042e+04,2.598414796684625000e+07,0.000000000000000000e+00,0.000000000000000000e+00,1.654764079192346931e+08,-1.155092732662206457e+32,-1.938151523215081873e+30,7.168406932844164761e+31,0.000000000000000000e+00,0.000000000000000000e+00,0.000000000000000000e+00,3.155150738132655633e+38,1.105210622226602644e+36,nan,nan,1.011605746321782208e+05
1.300000000000000000e+02,4.508981038937927899e+00,1.752642205566569021e+21,-1.116461959466403187e+01,1.911357164703806278e-12,0.000000000000000000e+00,2.603477746595829353e+07,2.612637339990586042e+04,2.603477746595829353e+07,0.000000000000000000e+00,0.000000000000000000e+00,1.657985109289229810e+08,-1.170420601311480554e+32,-1.859195812510793059e+30,7.377993094526850996e+31,0.000000000000000000e+00,0.000000000000000000e+00,0.000000000000000000e+00,3.141739484989876437e+38,1.093635436190834219e+36,nan,nan,1.013574856357499375e+05
1.305000000000000000e+02,4.460489859946652480e+00,1.734917895684960027e+21,-1.130095725785588634e+01,2.008995982687356697e-12,0.000000000000000000e+00,2.608550551636383310e+07,2.612637339990586042e+04,2.608550551636383310e+07,0.000000000000000000e+00,0.000000000000000000e+00,1.661212409183128178e+08,-1.186218550111903025e+32,-1.781414513197329500e+30,7.598831002210023614e+31,0.000000000000000000e+00,0.000000000000000000e+00,0.000000000000000000e+00,3.128438077229882507e+38,1.082221048658180702e+36,nan,nan,1.015547799303762004e+05
1.310000000000000000e+02,4.411511935683630092e+00,1.716980419879908934e+21,-1.143477864503254793e+01,2.114036658700352964e-12,0.000000000000000000e+00,2.613633230989485234e+07,2.612637339990586042e+04,2.613633230989485234e+07,0.000000000000000000e+00,0.000000000000000000e+00,1.664445991078322530e+08,-1.202504495485440635e+32,-1.704940421059829243e+30,7.831646262405493148e+31,0.000000000000000000e+00,0.000000000000000000e+00,0.000000000000000000e+00,3.115216827499040961e+38,1.070940966955687792e+36,nan,nan,1.017524582621403970e+05
1.315000000000000000e+02,4.362058888206591156e+00,1.698833912613544657e+21,-1.156587305805080312e+01,2.227153455420618991e-12,0.000000000000000000e+00,2.618725803875674680e+07,2.612637339990586042e+04,2.618725803875674680e+07,0.000000000000000000e+00,0.000000000000000000e+00,1.667685867202849090e+08,-1.219297099815353175e+32,-1.629917417993504455e+30,8.077218841982168992e+31,0.000000000000000000e+00,0.000000000000000000e+00,0.000000000000000000e+00,3.102047531420172846e+38,1.059769613522564050e+36,nan,nan,1.019505213785782107e+05
1.320000000000000000e+02,4.312143197792443594e+00,1.680482854045668082e+21,-1.169401278631327479e+01,2.349091034638260258e-12,0.000000000000000000e+00,2.623828289552903175e+07,2.612637339990586042e+04,2.623828289552903175e+07,0.000000000000000000e+00,0.000000000000000000e+00,1.670932049808546007e+08,-1.236615787960385653e+32,-1.556501423849010262e+30,8.336387291304231645e+31,0.000000000000000000e+00,0.000000000000000000e+00,0.000000000000000000e+00,3.089021200953329979e+38,1.048782444240264474e+36,nan,nan,1.021489700286803854e+05
1.325000000000000000e+02,4.261778271799601114e+00,1.661932097990291620e+21,-1.181895167695292059e+01,2.480672441387086856e-12,0.000000000000000000e+00,2.628940707316610590e+07,2.612637339990586042e+04,2.628940707316610590e+07,0.000000000000000000e+00,0.000000000000000000e+00,1.674184551171100736e+08,-1.254480760534092245e+32,-1.484861430306218458e+30,8.610053250207870754e+31,0.000000000000000000e+00,0.000000000000000000e+00,0.000000000000000000e+00,3.076115766694785153e+38,1.037959521251204549e+36,nan,nan,1.023478049628956360e+05
1.330000000000000000e+02,4.210978519276515009e+00,1.643186902221038289e+21,-1.194042358606168008e+01,2.622808017300055861e-12,0.000000000000000000e+00,2.634063076499792933e+07,2.612637339990586042e+04,2.634063076499792933e+07,0.000000000000000000e+00,0.000000000000000000e+00,1.677443383590094447e+08,-1.272913003031386521e+32,-1.415180623021316157e+30,8.899186238442156032e+31,0.000000000000000000e+00,0.000000000000000000e+00,0.000000000000000000e+00,3.063297614205221203e+38,1.027272061413653744e+36,nan,nan,1.025470269331333984e+05
1.335000000000000000e+02,4.159759431786917538e+00,1.624252961319538131e+21,-1.205814070278617578e+01,2.776505342834196949e-12,0.000000000000000000e+00,2.639195416473079845e+07,2.612637339990586042e+04,2.639195416473079845e+07,0.000000000000000000e+00,0.000000000000000000e+00,1.680708559389050603e+08,-1.291934289706367168e+32,-1.347657598464609182e+30,9.204828726284488510e+31,0.000000000000000000e+00,0.000000000000000000e+00,0.000000000000000000e+00,3.050557072508891372e+38,1.016710469672372653e+36,nan,nan,1.027466366927667550e+05
1.340000000000000000e+02,4.108137670952814346e+00,1.605136442273871430e+21,-1.217179173813629589e+01,2.942880314448176199e-12,0.000000000000000000e+00,2.644337746644806117e+07,2.612637339990586042e+04,2.644337746644806117e+07,0.000000000000000000e+00,0.000000000000000000e+00,1.683980090915480256e+08,-1.311567180896939855e+32,-1.282507681942529006e+30,9.528101473127638043e+31,0.000000000000000000e+00,0.000000000000000000e+00,0.000000000000000000e+00,3.037945421553633721e+38,1.006312398676314318e+36,nan,nan,1.029466349966351991e+05
1.345000000000000000e+02,4.056131163246140758e+00,1.585844023046821642e+21,-1.228103997058184049e+01,3.123169467969515718e-12,0.000000000000000000e+00,2.649490086461085081e+07,2.612637339990586042e+04,2.649490086461085081e+07,0.000000000000000000e+00,0.000000000000000000e+00,1.687257990540928841e+08,-1.331835012248262680e+32,-1.219964353239760686e+30,9.870209111411811451e+31,0.000000000000000000e+00,0.000000000000000000e+00,0.000000000000000000e+00,3.025405646344952670e+38,9.960320024973253479e+35,nan,nan,1.031470226010475599e+05
1.350000000000000000e+02,4.003759202588192956e+00,1.566382934345857368e+21,-1.238552114101692325e+01,3.318743662434233635e-12,0.000000000000000000e+00,2.654652455405882001e+07,2.612637339990586042e+04,2.654652455405882001e+07,0.000000000000000000e+00,0.000000000000000000e+00,1.690542270661023557e+08,-1.352761874003533966e+32,-1.160280786078883290e+30,1.023244593971654248e+32,0.000000000000000000e+00,0.000000000000000000e+00,0.000000000000000000e+00,3.012947031269514748e+38,9.858768856748492850e+35,nan,nan,1.033478002637848258e+05
1.355000000000000000e+02,3.951042561341281623e+00,1.546761004837826986e+21,-1.248484119053815000e+01,3.531123238498007398e-12,0.000000000000000000e+00,2.659824873001088575e+07,2.612637339990586042e+04,2.659824873001088575e+07,0.000000000000000000e+00,0.000000000000000000e+00,1.693832943695520461e+08,-1.374372578201714536e+32,-1.103731507115301906e+30,1.061620187137488509e+32,0.000000000000000000e+00,0.000000000000000000e+00,0.000000000000000000e+00,3.000614308532950943e+38,9.758809725356828567e+35,nan,nan,1.035489687441030546e+05
1.360000000000000000e+02,3.898003610297795518e+00,1.526986710060724650e+21,-1.257857383581807298e+01,3.761994760598204467e-12,0.000000000000000000e+00,2.665007358806596696e+07,2.612637339990586042e+04,2.665007358806596696e+07,0.000000000000000000e+00,0.000000000000000000e+00,1.697130022088349760e+08,-1.396692611241481585e+32,-1.050614179389742782e+30,1.102296846271115268e+32,0.000000000000000000e+00,0.000000000000000000e+00,0.000000000000000000e+00,2.988403512864110554e+38,9.660385927899938387e+35,nan,nan,1.037505288027361530e+05
1.365000000000000000e+02,3.844666448285968929e+00,1.507069225291662754e+21,-1.266625797879347815e+01,4.013229440388977094e-12,0.000000000000000000e+00,2.670199932420370355e+07,2.612637339990586042e+04,2.670199932420370355e+07,0.000000000000000000e+00,0.000000000000000000e+00,1.700433518307664692e+08,-1.419748068833208965e+32,-1.001251513955737846e+30,1.145434491683762934e+32,0.000000000000000000e+00,0.000000000000000000e+00,0.000000000000000000e+00,2.976204474837635652e+38,9.562603932349712163e+35,nan,nan,1.039524812018988450e+05
1.370000000000000000e+02,3.791057042016399148e+00,1.487018482633358705e+21,-1.274739495009284873e+01,4.286903317945777625e-12,0.000000000000000000e+00,2.675402613478523120e+07,2.612637339990586042e+04,2.675402613478523120e+07,0.000000000000000000e+00,0.000000000000000000e+00,1.703743444845888019e+08,-1.443565569859836687e+32,-9.559933116698766980e+29,1.191204392357700180e+32,0.000000000000000000e+00,0.000000000000000000e+00,0.000000000000000000e+00,2.964107037988252439e+38,9.466189110532764376e+35,nan,nan,1.041548267052895098e+05
1.375000000000000000e+02,3.737203376785248388e+00,1.466845232579584197e+21,-1.282144558929905998e+01,4.585319243416811671e-12,0.000000000000000000e+00,2.680615421655388921e+07,2.612637339990586042e+04,2.680615421655388921e+07,0.000000000000000000e+00,0.000000000000000000e+00,1.707059814219758809e+08,-1.468172145097652723e+32,-9.152186347362461536e+29,1.239789715198205573e+32,0.000000000000000000e+00,0.000000000000000000e+00,0.000000000000000000e+00,2.952168225859088311e+38,9.371561624785726843e+35,nan,nan,1.043575660780930775e+05
1.380000000000000000e+02,3.683135618625003271e+00,1.446561110311468270e+21,-1.288782717002485967e+01,4.911030650776398164e-12,0.000000000000000000e+00,2.685838376663599536e+07,2.612637339990586042e+04,2.685838376663599536e+07,0.000000000000000000e+00,0.000000000000000000e+00,1.710382638970381320e+08,-1.493595096104479326e+32,-8.793381043611525258e+29,1.291386015734175034e+32,0.000000000000000000e+00,0.000000000000000000e+00,0.000000000000000000e+00,2.940291193522137684e+38,9.277956175342158915e+35,nan,nan,1.045607000869839685e+05
1.385000000000000000e+02,3.628886288446183439e+00,1.426178706959151137e+21,-1.294591018416205586e+01,5.266867041488885098e-12,0.000000000000000000e+00,2.691071498254157230e+07,2.612637339990586042e+04,2.691071498254157230e+07,0.000000000000000000e+00,0.000000000000000000e+00,1.713711931663269997e+08,-1.519861818862448527e+32,-8.487963165906812938e+29,1.346201639749144709e+32,0.000000000000000000e+00,0.000000000000000000e+00,0.000000000000000000e+00,2.928437968056755780e+38,9.185046230353405461e+35,nan,nan,1.047642295001289021e+05
1.390000000000000000e+02,3.574490448636950202e+00,1.405711646034380718e+21,-1.299501500789715180e+01,5.655960992146006756e-12,0.000000000000000000e+00,2.696314806216510013e+07,2.612637339990586042e+04,2.696314806216510013e+07,0.000000000000000000e+00,0.000000000000000000e+00,1.717047704888398647e+08,-1.546999585965304112e+32,-8.240743628233544934e+29,1.404457997146237797e+32,0.000000000000000000e+00,0.000000000000000000e+00,0.000000000000000000e+00,2.916743594591149894e+38,9.093878724542905598e+35,nan,nan,1.049681550871898362e+05
1.395000000000000000e+02,3.519985902474248363e+00,1.385174665196067357e+21,-1.303440848257456608e+01,6.081776357706133610e-12,0.000000000000000000e+00,2.701568320378626511e+07,2.612637339990586042e+04,2.701568320378626511e+07,0.000000000000000000e+00,0.000000000000000000e+00,1.720389971260248423e+08,-1.575035280269716504e+32,-8.056924343176214882e+29,1.466389659462052837e+32,0.000000000000000000e+00,0.000000000000000000e+00,0.000000000000000000e+00,2.905120260156781331e+38,9.003778990975596549e+35,nan,nan,1.051724776193269645e+05
1.400000000000000000e+02,3.465413406540076124e+00,1.364583703448561648e+21,-1.306330045670525486e+01,6.548137150096330166e-12,0.000000000000000000e+00,2.706832060607070848e+07,2.612637339990586042e+04,2.706832060607070848e+07,0.000000000000000000e+00,0.000000000000000000e+00,1.723738743417853713e+08,-1.603995071996682884e+32,-7.942124809063282389e+29,1.532244220599987759e+32,0.000000000000000000e+00,0.000000000000000000e+00,0.000000000000000000e+00,2.893566882176258394e+38,8.914710258852399939e+35,nan,nan,1.053771978692014527e+05
1.405000000000000000e+02,3.410816896118112673e+00,1.343955993786847068e+21,-1.308084035190001515e+01,7.059256317753863757e-12,0.000000000000000000e+00,2.712106046807077527e+07,2.612637339990586042e+04,2.712106046807077527e+07,0.000000000000000000e+00,0.000000000000000000e+00,1.727094034024851620e+08,-1.633904030291402252e+32,-7.902408826940432488e+29,1.602281846318172396e+32,0.000000000000000000e+00,0.000000000000000000e+00,0.000000000000000000e+00,2.882104660089493458e+38,8.826812670552403312e+35,nan,nan,1.055823166109785379e+05
1.410000000000000000e+02,3.356243723255336597e+00,1.323310161188267229e+21,-1.308611383584839238e+01,7.619763320109677662e-12,0.000000000000000000e+00,2.717390298922627419e+07,2.612637339990586042e+04,2.717390298922627419e+07,0.000000000000000000e+00,0.000000000000000000e+00,1.730455855769529939e+08,-1.664785659259007726e+32,-7.944310793075360752e+29,1.676774421585194493e+32,0.000000000000000000e+00,0.000000000000000000e+00,0.000000000000000000e+00,2.870709779274877450e+38,8.739929103020147120e+35,nan,nan,1.057878346203304245e+05
1.415000000000000000e+02,3.301744906794303436e+00,1.302666325700302864e+21,-1.307813971030506117e+01,8.234728964980534719e-12,0.000000000000000000e+00,2.722684836936522648e+07,2.612637339990586042e+04,2.722684836936522648e+07,0.000000000000000000e+00,0.000000000000000000e+00,1.733824221364873052e+08,-1.696661347536384601e+32,-8.074860838161161096e+29,1.756004185993877297e+32,0.000000000000000000e+00,0.000000000000000000e+00,0.000000000000000000e+00,2.859446638347827656e+38,8.654517209089212488e+35,nan,nan,1.059937526744390634e+05
1.420000000000000000e+02,3.247375393195524929e+00,1.282046210180607115e+21,-1.305586715204229087e+01,8.909685437869922164e-12,0.000000000000000000e+00,2.727989680870461464e+07,2.612637339990586042e+04,2.727989680870461464e+07,0.000000000000000000e+00,0.000000000000000000e+00,1.737199143548611999e+08,-1.729549719605661034e+32,-8.301607872366813114e+29,1.840261726028314781e+32,0.000000000000000000e+00,0.000000000000000000e+00,0.000000000000000000e+00,2.848213849116741680e+38,8.569785680007814496e+35,nan,nan,1.062000715519992809e+05
1.425000000000000000e+02,3.193194326354975132e+00,1.261473252000405389e+21,-1.301817348050445489e+01,9.650638781658047698e-12,0.000000000000000000e+00,2.733304850785115734e+07,2.612637339990586042e+04,2.733304850785115734e+07,0.000000000000000000e+00,0.000000000000000000e+00,1.740580635083272457e+08,-1.763465876399245503e+32,-8.632639340992817599e+29,1.929843169371450110e+32,0.000000000000000000e+00,0.000000000000000000e+00,0.000000000000000000e+00,2.837036030535422910e+38,8.485947809914616101e+35,nan,nan,1.064067920332216163e+05
1.430000000000000000e+02,3.139265323855590317e+00,1.240972717715879625e+21,-1.296386266798038989e+01,1.046407026652341499e-11,0.000000000000000000e+00,2.738630366780205816e+07,2.612637339990586042e+04,2.738630366780205816e+07,0.000000000000000000e+00,0.000000000000000000e+00,1.743968708756222427e+08,-1.798420512420875226e+32,-9.076596194433185705e+29,2.025046401227236481e+32,0.000000000000000000e+00,0.000000000000000000e+00,0.000000000000000000e+00,2.826043702020944185e+38,8.403934543681782364e+35,nan,nan,1.066139148998353630e+05
1.435000000000000000e+02,3.085656756149046664e+00,1.220571819334101893e+21,-1.289166485679996832e+01,1.135692211227032010e-11,0.000000000000000000e+00,2.743966248994575813e+07,2.612637339990586042e+04,2.743966248994575813e+07,0.000000000000000000e+00,0.000000000000000000e+00,1.747363377379720509e+08,-1.834418896786281230e+32,-9.642681225480332591e+29,2.126166096924937632e+32,0.000000000000000000e+00,0.000000000000000000e+00,0.000000000000000000e+00,2.815035683044696998e+38,8.322245754516823810e+35,nan,nan,1.068214409350914066e+05
1.440000000000000000e+02,3.032442024019754712e+00,1.200299830339959521e+21,-1.280023720330415138e+01,1.233656188877147270e-11,0.000000000000000000e+00,2.749312517606271058e+07,2.612637339990586042e+04,2.749312517606271058e+07,0.000000000000000000e+00,0.000000000000000000e+00,1.750764653790964782e+08,-1.871459706495954208e+32,-1.034065852621705369e+30,2.233487340686839855e+32,0.000000000000000000e+00,0.000000000000000000e+00,0.000000000000000000e+00,2.804124579053962784e+38,8.241715690156188406e+35,nan,nan,1.070293709237652511e+05
1.445000000000000000e+02,2.979699828313227439e+00,1.180188199098456080e+21,-1.268816642949483864e+01,1.341071864431505590e-11,0.000000000000000000e+00,2.754669192832613736e+07,2.612637339990586042e+04,2.754669192832613736e+07,0.000000000000000000e+00,0.000000000000000000e+00,1.754172550852140486e+08,-1.909533702174215509e+32,-1.118084136921177218e+30,2.347277580128451442e+32,0.000000000000000000e+00,0.000000000000000000e+00,0.000000000000000000e+00,2.793344814848660599e+38,8.162583248762798494e+35,nan,nan,1.072377056521599443e+05
1.450000000000000000e+02,2.927514424296290496e+00,1.160270656594444157e+21,-1.255397352884854456e+01,1.458738244570681730e-11,0.000000000000000000e+00,2.760036294930278510e+07,2.612637339990586042e+04,2.760036294930278510e+07,0.000000000000000000e+00,0.000000000000000000e+00,1.757587081450471580e+08,-1.948622239789000144e+32,-1.217406533274145387e+30,2.467776653787437293e+32,0.000000000000000000e+00,0.000000000000000000e+00,0.000000000000000000e+00,2.782536639614986203e+38,8.083670500972847460e+35,nan,nan,1.074464459081092500e+05
1.455000000000000000e+02,2.875975851145954554e+00,1.140583314714239959e+21,-1.239612114007464605e+01,1.587465765190318223e-11,0.000000000000000000e+00,2.765413844195372239e+07,2.612637339990586042e+04,2.765413844195372239e+07,0.000000000000000000e+00,0.000000000000000000e+00,1.761008258498263955e+08,-1.988695616912353935e+32,-1.333164298497736619e+30,2.595184630201650506e+32,0.000000000000000000e+00,0.000000000000000000e+00,0.000000000000000000e+00,2.771902438026082343e+38,8.006430120748443101e+35,nan,nan,1.076555924809802382e+05
1.460000000000000000e+02,2.825180124940014803e+00,1.121164750411142398e+21,-1.221302416728880758e+01,1.728055904065050869e-11,0.000000000000000000e+00,2.770801860963506252e+07,2.612637339990586042e+04,2.770801860963506252e+07,0.000000000000000000e+00,0.000000000000000000e+00,1.764436094932960272e+08,-2.029711259350953913e+32,-1.466529594658424848e+30,2.729647218972327120e+32,0.000000000000000000e+00,0.000000000000000000e+00,0.000000000000000000e+00,2.761317232887938008e+38,7.929976154251173568e+35,nan,nan,1.078651461616766755e+05
1.465000000000000000e+02,2.775229381169578513e+00,1.102056070138498646e+21,-1.200306428073302634e+01,1.881273910270061743e-11,0.000000000000000000e+00,2.776200365609876812e+07,2.612637339990586042e+04,2.776200365609876812e+07,0.000000000000000000e+00,0.000000000000000000e+00,1.767870603717184961e+08,-2.071611763954113022e+32,-1.618705970899217329e+30,2.871238565918873640e+32,0.000000000000000000e+00,0.000000000000000000e+00,0.000000000000000000e+00,2.750775922598403802e+38,7.854226678349795929e+35,nan,nan,1.080751077426417469e+05
1.470000000000000000e+02,2.726231950266076343e+00,1.083300947900599370e+21,-1.176460896981576276e+01,2.047813474903999957e-11,0.000000000000000000e+00,2.781609378549339995e+07,2.612637339990586042e+04,2.781609378549339995e+07,0.000000000000000000e+00,0.000000000000000000e+00,1.771311797838794589e+08,-2.114322826561108731e+32,-1.790915625916781064e+30,3.019941336686684964e+32,0.000000000000000000e+00,0.000000000000000000e+00,0.000000000000000000e+00,2.740334424183586930e+38,7.779604169572760163e+35,nan,nan,1.082854780178611545e+05
1.475000000000000000e+02,2.678302347028226116e+00,1.064945629200796746e+21,-1.149603582791293199e+01,2.228252279551457946e-11,0.000000000000000000e+00,2.787028920236491784e+07,2.612637339990586042e+04,2.787028920236491784e+07,0.000000000000000000e+00,0.000000000000000000e+00,1.774759690310927331e+08,-2.157751100757161911e+32,-1.984382943508715990e+30,3.175624138103300405e+32,0.000000000000000000e+00,0.000000000000000000e+00,0.000000000000000000e+00,2.729961466854498770e+38,7.705871669606157860e+35,nan,nan,1.084962577828661742e+05
1.480000000000000000e+02,2.631561152296289396e+00,1.047038892116640268e+21,-1.119576271095583841e+01,2.422997646124123679e-11,0.000000000000000000e+00,2.792459011165740341e+07,2.612637339990586042e+04,2.792459011165740341e+07,0.000000000000000000e+00,0.000000000000000000e+00,1.778214294172050357e+08,-2.201782053547733260e+32,-2.200313811672068483e+30,3.338016536430371426e+32,0.000000000000000000e+00,0.000000000000000000e+00,0.000000000000000000e+00,2.719649269576227085e+38,7.632939916495198670e+35,nan,nan,1.087074478347364784e+05
1.485000000000000000e+02,2.586134762964879652e+00,1.029631955788503450e+21,-1.086228431129387140e+01,2.632222039185239852e-11,0.000000000000000000e+00,2.797899671871389076e+07,2.612637339990586042e+04,2.797899671871389076e+07,0.000000000000000000e+00,0.000000000000000000e+00,1.781675622486012280e+08,-2.246277908071651624e+32,-2.439870297499488941e+30,3.506682216834686971e+32,0.000000000000000000e+00,0.000000000000000000e+00,0.000000000000000000e+00,2.709403371766784656e+38,7.560882622800302932e+35,nan,nan,1.089190489721033955e+05
1.490000000000000000e+02,2.542154984739231072e+00,1.012778325886458528e+21,-1.049421550455708285e+01,2.855789005926454689e-11,0.000000000000000000e+00,2.803350922927711159e+07,2.612637339990586042e+04,2.803350922927711159e+07,0.000000000000000000e+00,0.000000000000000000e+00,1.785143688342089355e+08,-2.291075790367164089e+32,-2.704140370258334992e+30,3.680991194415373140e+32,0.000000000000000000e+00,0.000000000000000000e+00,0.000000000000000000e+00,2.699262572146884450e+38,7.489914582484735015e+35,nan,nan,1.091310619951527187e+05
1.495000000000000000e+02,2.499758441289397837e+00,9.965335662674886001e+20,-1.009034153992398331e+01,3.093171334273551770e-11,0.000000000000000000e+00,2.808812784949027374e+07,2.612637339990586042e+04,2.808812784949027374e+07,0.000000000000000000e+00,0.000000000000000000e+00,1.788618504855037630e+08,-2.335986225561801115e+32,-2.994102558684200872e+30,3.860092430359754790e+32,0.000000000000000000e+00,0.000000000000000000e+00,0.000000000000000000e+00,2.689127128707894451e+38,7.419374490978223190e+35,nan,nan,1.093434877056278929e+05
1.500000000000000000e+02,2.459085774082319542e+00,9.809549862293991588e+20,-9.649674735832270756e+00,3.343364788756212156e-11,0.000000000000000000e+00,2.814285278589785099e+07,2.612637339990586042e+04,2.814285278589785099e+07,0.000000000000000000e+00,0.000000000000000000e+00,1.792100085165139139e+08,-2.380792156319704114e+32,-3.310585709157667465e+30,4.042888709251215890e+32,0.000000000000000000e+00,0.000000000000000000e+00,0.000000000000000000e+00,2.679165351116915341e+38,7.350398631941819125e+35,nan,nan,1.095563269068328373e+05
1.505000000000000000e+02,2.420280609665774296e+00,9.661012337092768563e+20,-9.171516803603799062e+00,3.604802709783495428e-11,0.000000000000000000e+00,2.819768424544636160e+07,2.612637339990586042e+04,2.819768424544636160e+07,0.000000000000000000e+00,0.000000000000000000e+00,1.795588442438256145e+08,-2.425248679501938275e+32,-3.654224387742490624e+30,4.228016157156614009e+32,0.000000000000000000e+00,0.000000000000000000e+00,0.000000000000000000e+00,2.669149137809072248e+38,7.281407330153741525e+35,nan,nan,1.097695804036352929e+05
1.510000000000000000e+02,2.383488276046699550e+00,9.520317866698577019e+20,-8.655525253749324577e+00,3.875278906107081201e-11,0.000000000000000000e+00,2.825262243548514694e+07,2.612637339990586042e+04,2.825262243548514694e+07,0.000000000000000000e+00,0.000000000000000000e+00,1.799083589865877330e+08,-2.469083711212136210e+32,-4.025410940738968495e+30,4.413831261952181347e+32,0.000000000000000000e+00,0.000000000000000000e+00,0.000000000000000000e+00,2.659306173448010185e+38,7.213966892190636090e+35,nan,nan,1.099832490024695871e+05
1.515000000000000000e+02,2.348854257501794329e+00,9.388063379537939661e+20,-8.101781566880356777e+00,4.151888382285188978e-11,0.000000000000000000e+00,2.830766756376716122e+07,2.612637339990586042e+04,2.830766756376716122e+07,0.000000000000000000e+00,0.000000000000000000e+00,1.802585540665168464e+08,-2.511999790220701910e+32,-4.424245781265812758e+30,4.598408607681691515e+32,0.000000000000000000e+00,0.000000000000000000e+00,0.000000000000000000e+00,2.649448071846335650e+38,7.146773062221323413e+35,nan,nan,1.101973335113397625e+05
1.520000000000000000e+02,2.316522387989162990e+00,9.264840731942842532e+20,-7.510857982633572405e+00,4.430997135384194177e-11,0.000000000000000000e+00,2.836281983844975010e+07,2.612637339990586042e+04,2.836281983844975010e+07,0.000000000000000000e+00,0.000000000000000000e+00,1.806094308079023659e+08,-2.553677209273585368e+32,-4.850488070526416284e+30,4.779552640666540713e+32,0.000000000000000000e+00,0.000000000000000000e+00,0.000000000000000000e+00,2.639707559455077528e+38,7.080725352497069564e+35,nan,nan,1.104118347398227343e+05
1.525000000000000000e+02,2.286632797347365909e+00,9.151228469795440558e+20,-6.883878956101223245e+00,4.708253017723851050e-11,0.000000000000000000e+00,2.841807946809543669e+07,2.612637339990586042e+04,2.841807946809543669e+07,0.000000000000000000e+00,0.000000000000000000e+00,1.809609905376114547e+08,-2.593778617554137783e+32,-5.303509556719102335e+30,4.954826522444869953e+32,0.000000000000000000e+00,0.000000000000000000e+00,0.000000000000000000e+00,2.630015680008668235e+38,7.015355170579516196e+35,nan,nan,1.106267534990712593e+05
1.530000000000000000e+02,2.259319641345377327e+00,9.047782692555304468e+20,-6.222572662958893552e+00,4.978648923795247406e-11,0.000000000000000000e+00,2.847344666167272627e+07,2.612637339990586042e+04,2.847344666167272627e+07,0.000000000000000000e+00,0.000000000000000000e+00,1.813132345850939751e+08,-2.631955161882002923e+32,-5.782254844258872365e+30,5.121600380174855052e+32,0.000000000000000000e+00,0.000000000000000000e+00,0.000000000000000000e+00,2.620380704689675759e+38,6.950694078314209470e+35,nan,nan,1.108420906018169771e+05
1.535000000000000000e+02,2.234708665571994324e+00,8.955027215983943352e+20,-5.529307536169357107e+00,5.236646806111903046e-11,0.000000000000000000e+00,2.852892162855687737e+07,2.612637339990586042e+04,2.852892162855687737e+07,0.000000000000000000e+00,0.000000000000000000e+00,1.816661642823876441e+08,-2.667854128687696484e+32,-6.285211695310101541e+30,5.277119968499826335e+32,0.000000000000000000e+00,0.000000000000000000e+00,0.000000000000000000e+00,2.610840529996963492e+38,6.887013152368585162e+35,nan,nan,1.110578468623735389e+05
1.540000000000000000e+02,2.212914672770605939e+00,8.873443309572886364e+20,-4.807108830114509068e+00,5.476365971499370474e-11,0.000000000000000000e+00,2.858450457853070647e+07,2.612637339990586042e+04,2.858450457853070647e+07,0.000000000000000000e+00,0.000000000000000000e+00,1.820197809641229808e+08,-2.701127917776971103e+32,-6.810395011923749084e+30,5.418594917666206450e+32,0.000000000000000000e+00,0.000000000000000000e+00,0.000000000000000000e+00,2.601317711667693729e+38,6.823756457332310144e+35,nan,nan,1.112740230966397066e+05
1.545000000000000000e+02,2.194038981660780596e+00,8.803459360093051290e+20,-4.059650754770920855e+00,5.691831888467856440e-11,0.000000000000000000e+00,2.864019572178537771e+07,2.612637339990586042e+04,2.864019572178537771e+07,0.000000000000000000e+00,0.000000000000000000e+00,1.823740859675284326e+08,-2.731444032617227994e+32,-7.355347818708043163e+30,5.543303483757823033e+32,0.000000000000000000e+00,0.000000000000000000e+00,0.000000000000000000e+00,2.591894370269292374e+38,6.761499222755919499e+35,nan,nan,1.114906201221023512e+05
1.550000000000000000e+02,2.178166980288377630e+00,8.745440874737466081e+20,-3.291220874773390648e+00,5.877273044997984917e-11,0.000000000000000000e+00,2.869599526892118528e+07,2.612637339990586042e+04,2.869599526892118528e+07,0.000000000000000000e+00,0.000000000000000000e+00,1.827290806324353516e+08,-2.758495626451038199e+32,-7.917161805191762098e+30,5.648708290394052094e+32,0.000000000000000000e+00,0.000000000000000000e+00,0.000000000000000000e+00,2.582510900548276739e+38,6.699806906188144807e+35,nan,nan,1.117076387578396534e+05
1.555000000000000000e+02,2.165365886144817509e+00,8.699681276433276600e+20,-2.506655214879241367e+00,6.027444524404201313e-11,0.000000000000000000e+00,2.875190343094836548e+07,2.612637339990586042e+04,2.875190343094836548e+07,0.000000000000000000e+00,0.000000000000000000e+00,1.830847663012831509e+08,-2.782012019572560216e+32,-8.492518793282286795e+30,5.732575323898236002e+32,0.000000000000000000e+00,0.000000000000000000e+00,0.000000000000000000e+00,2.573195509974104643e+38,6.638890851482280424e+35,nan,nan,1.119250798245241313e+05
1.560000000000000000e+02,2.155682826589622181e+00,8.666393951442281431e+20,-1.711244738383030040e+00,6.137949641050682782e-11,0.000000000000000000e+00,2.880792041928790510e+07,2.612637339990586042e+04,2.880792041928790510e+07,0.000000000000000000e+00,0.000000000000000000e+00,1.834411443191242516e+08,-2.801768522677967885e+32,-9.077752942196420461e+30,5.793086843599725843e+32,0.000000000000000000e+00,0.000000000000000000e+00,0.000000000000000000e+00,2.563952839682307946e+38,6.578744716888969182e+35,nan,nan,1.121429441444257245e+05
1.565000000000000000e+02,2.149143345079100431e+00,8.645705979438315602e+20,-9.106163444029512499e-01,6.205527002619383731e-11,0.000000000000000000e+00,2.886404644577230141e+07,2.612637339990586042e+04,2.886404644577230141e+07,0.000000000000000000e+00,0.000000000000000000e+00,1.837982160336292684e+08,-2.817594883596001275e+32,-9.668931742774373712e+30,5.828938295426196368e+32,0.000000000000000000e+00,0.000000000000000000e+00,0.000000000000000000e+00,2.554739040739402685e+38,6.519106360561950393e+35,nan,nan,1.123612325414149527e+05
1.570000000000000000e+02,2.145750420995813368e+00,8.637653907182224671e+20,-1.105939549377975284e-01,6.228271134001521274e-11,0.000000000000000000e+00,2.892028172264640406e+07,2.612637339990586042e+04,2.892028172264640406e+07,0.000000000000000000e+00,0.000000000000000000e+00,1.841559827950921357e+08,-2.829381731682784040e+32,-1.026195210040119923e+31,5.839410036196272780e+32,0.000000000000000000e+00,0.000000000000000000e+00,0.000000000000000000e+00,2.545636342845732511e+38,6.460473172211541031e+35,nan,nan,1.125799458409660292e+05
1.575000000000000000e+02,2.145484064436550931e+00,8.642181822278694339e+20,6.829527108757493803e-01,6.205760811199076076e-11,0.000000000000000000e+00,2.897662646256820112e+07,2.612637339990586042e+04,2.897662646256820112e+07,0.000000000000000000e+00,0.000000000000000000e+00,1.845144459564350545e+08,-2.837084526153059903e+32,-1.085264630583803960e+31,5.824406728363654292e+32,0.000000000000000000e+00,0.000000000000000000e+00,0.000000000000000000e+00,2.536520966015218129e+38,6.402071780200806464e+35,nan,nan,1.127990848701599461e+05
1.580000000000000000e+02,2.148301514401825152e+00,8.659141852136329708e+20,1.464262762613210977e+00,6.139079839006765745e-11,0.000000000000000000e+00,2.903308087860961258e+07,2.612637339990586042e+04,2.903308087860961258e+07,0.000000000000000000e+00,0.000000000000000000e+00,1.848736068732138872e+08,-2.840724709064483578e+32,-1.143689167409015323e+31,5.784460421601765246e+32,0.000000000000000000e+00,0.000000000000000000e+00,0.000000000000000000e+00,2.527554458052885308e+38,6.344899051185174140e+35,nan,nan,1.130186504576876905e+05
1.585000000000000000e+02,2.154138032723238450e+00,8.688297068245134868e+20,2.227832862086322141e+00,6.030728369484298326e-11,0.000000000000000000e+00,2.908964518425731733e+07,2.612637339990586042e+04,2.908964518425731733e+07,0.000000000000000000e+00,0.000000000000000000e+00,1.852334669036228955e+08,-2.840387996398726880e+32,-1.201071725549066712e+31,5.720697127947815262e+32,0.000000000000000000e+00,0.000000000000000000e+00,0.000000000000000000e+00,2.518565267447525059e+38,6.287882742750712224e+35,nan,nan,1.132386434338531835e+05
1.590000000000000000e+02,2.162908250589421932e+00,8.729326632576913244e+20,2.968551344496002553e+00,5.884436496639229144e-11,0.000000000000000000e+00,2.914631959341354668e+07,2.612637339990586042e+04,2.914631959341354668e+07,0.000000000000000000e+00,0.000000000000000000e+00,1.855940274085002840e+08,-2.836219980210680381e+32,-1.257040135076630007e+31,5.634770506527928720e+32,0.000000000000000000e+00,0.000000000000000000e+00,0.000000000000000000e+00,2.509700493045445130e+38,6.231929436083212925e+35,nan,nan,1.134590646305766859e+05
1.595000000000000000e+02,2.174507993422087893e+00,8.781832896403645399e+20,3.681810534748149788e+00,5.704903216675202111e-11,0.000000000000000000e+00,2.920310432039690018e+07,2.612637339990586042e+04,2.920310432039690018e+07,0.000000000000000000e+00,0.000000000000000000e+00,1.859552897513329983e+08,-2.828419428591336343e+32,-1.311255453728992678e+31,5.528769484967717257e+32,0.000000000000000000e+00,0.000000000000000000e+00,0.000000000000000000e+00,2.500840991184747490e+38,6.176295486364547474e+35,nan,nan,1.136799148813977081e+05
1.600000000000000000e+02,2.188816486152269647e+00,8.845350064518526403e+20,4.363592211049686753e+00,5.497490963315696842e-11,0.000000000000000000e+00,2.925999957994314656e+07,2.612637339990586042e+04,2.925999957994314656e+07,0.000000000000000000e+00,0.000000000000000000e+00,1.863172552982622087e+08,-2.817229831063197934e+32,-1.363418437862382861e+31,5.405108779768390116e+32,0.000000000000000000e+00,0.000000000000000000e+00,0.000000000000000000e+00,2.492067944466207259e+38,6.121478900721569529e+35,nan,nan,1.139011950214783574e+05
1.605000000000000000e+02,2.205698826551417024e+00,8.919353977601953628e+20,5.010523653687691592e+00,5.267907929800916462e-11,0.000000000000000000e+00,2.931700558720604330e+07,2.612637339990586042e+04,2.931700558720604330e+07,0.000000000000000000e+00,0.000000000000000000e+00,1.866799254180881083e+08,-2.802929828212098838e+32,-1.413273971889434337e+31,5.266412097736307108e+32,0.000000000000000000e+00,0.000000000000000000e+00,0.000000000000000000e+00,2.483341385643133718e+38,6.067224189881957692e+35,nan,nan,1.141229058876062627e+05
1.610000000000000000e+02,2.225008609737085585e+00,9.003272544786270126e+20,5.619904189348246426e+00,5.021907560397317305e-11,0.000000000000000000e+00,2.937412255775815248e+07,2.612637339990586042e+04,2.937412255775815248e+07,0.000000000000000000e+00,0.000000000000000000e+00,1.870433014822754860e+08,-2.785823181656302615e+32,-1.460613421418146041e+31,5.115397332683276708e+32,0.000000000000000000e+00,0.000000000000000000e+00,0.000000000000000000e+00,2.474650512966344124e+38,6.013466828782047479e+35,nan,nan,1.143450483181980380e+05
1.615000000000000000e+02,2.246590591577971363e+00,9.096496374678382182e+20,6.189704302197831076e+00,4.765028158216025319e-11,0.000000000000000000e+00,2.943135070759164914e+07,2.612637339990586042e+04,2.943135070759164914e+07,0.000000000000000000e+00,0.000000000000000000e+00,1.874073848649585247e+08,-2.766228891459143362e+32,-1.505275030976447052e+31,4.954771569394320314e+32,0.000000000000000000e+00,0.000000000000000000e+00,0.000000000000000000e+00,2.466060168824491006e+38,5.960587997861378291e+35,nan,nan,1.145676231533021491e+05
1.620000000000000000e+02,2.270283290758844164e+00,9.198389199513469583e+20,6.718541025842051262e+00,4.502387223493375915e-11,0.000000000000000000e+00,2.948869025311914459e+07,2.612637339990586042e+04,2.948869025311914459e+07,0.000000000000000000e+00,0.000000000000000000e+00,1.877721769429463148e+08,-2.744471969016128600e+32,-1.547142608138606689e+31,4.787141559583386864e+32,0.000000000000000000e+00,0.000000000000000000e+00,0.000000000000000000e+00,2.457460450355803142e+38,5.907924482956383219e+35,nan,nan,1.147906312346023042e+05
1.625000000000000000e+02,2.295921446445949421e+00,9.308297754660607099e+20,7.205634359320329807e+00,4.238536619616599423e-11,0.000000000000000000e+00,2.954614141117449477e+07,2.612637339990586042e+04,2.954614141117449477e+07,0.000000000000000000e+00,0.000000000000000000e+00,1.881376790957279205e+08,-2.720875244731620919e+32,-1.586142814417590790e+31,4.614942963115227759e+32,0.000000000000000000e+00,0.000000000000000000e+00,0.000000000000000000e+00,2.448991263900888393e+38,5.856309209228675030e+35,nan,nan,1.150140734054205823e+05
1.630000000000000000e+02,2.323338268380939819e+00,9.425560854633372713e+20,7.650749873068339646e+00,3.977377305530643533e-11,0.000000000000000000e+00,2.960370439901363477e+07,2.612637339990586042e+04,2.960370439901363477e+07,0.000000000000000000e+00,0.000000000000000000e+00,1.885038927054775059e+08,-2.695752451803688340e+32,-1.622241419155767226e+31,4.440389416343023268e+32,0.000000000000000000e+00,0.000000000000000000e+00,0.000000000000000000e+00,2.440513508724052533e+38,5.804900680300902202e+35,nan,nan,1.152379505107205332e+05
1.635000000000000000e+02,2.352367436599013040e+00,9.549517488105234104e+20,8.054132573180236676e+00,3.722126962115802431e-11,0.000000000000000000e+00,2.966137943431538716e+07,2.612637339990586042e+04,2.966137943431538716e+07,0.000000000000000000e+00,0.000000000000000000e+00,1.888708191570598483e+08,-2.669402697157342185e+32,-1.655438871240367388e+31,4.265440651702225803e+32,0.000000000000000000e+00,0.000000000000000000e+00,0.000000000000000000e+00,2.432128791306098207e+38,5.754312971617515942e+35,nan,nan,1.154622633971105533e+05
1.640000000000000000e+02,2.382844827035281110e+00,9.679513830977297449e+20,8.416436605513045066e+00,3.475330612920799466e-11,0.000000000000000000e+00,2.971916673518229276e+07,2.612637339990586042e+04,2.971916673518229276e+07,0.000000000000000000e+00,0.000000000000000000e+00,1.892384598380351961e+08,-2.642106319840547239e+32,-1.685765513620740236e+31,4.091787576319198578e+32,0.000000000000000000e+00,0.000000000000000000e+00,0.000000000000000000e+00,2.423769825787719815e+38,5.704116926856462652e+35,nan,nan,1.156870129128468689e+05
1.645000000000000000e+02,2.414609955830873567e+00,9.814909143296147456e+20,8.738654649855735812e+00,3.238903104237016880e-11,0.000000000000000000e+00,2.977706652014143020e+07,2.612637339990586042e+04,2.977706652014143020e+07,0.000000000000000000e+00,0.000000000000000000e+00,1.896068161386648417e+08,-2.614122052321246494e+32,-1.713276717323870870e+31,3.920851438516609685e+32,0.000000000000000000e+00,0.000000000000000000e+00,0.000000000000000000e+00,2.415465395552003446e+38,5.654513095588552298e+35,nan,nan,1.159121999078368972e+05
1.650000000000000000e+02,2.447507148509748376e+00,9.955080569993793372e+20,9.022050012088007165e+00,3.014192621511569092e-11,0.000000000000000000e+00,2.983507900814525783e+07,2.612637339990586042e+04,2.983507900814525783e+07,0.000000000000000000e+00,0.000000000000000000e+00,1.899758894519161284e+08,-2.585685342550655207e+32,-1.738048154372462220e+31,3.753793906253311486e+32,0.000000000000000000e+00,0.000000000000000000e+00,0.000000000000000000e+00,2.407223811814075573e+38,5.605501779265079015e+35,nan,nan,1.161378252336424048e+05
1.655000000000000000e+02,2.481386450177043290e+00,1.009942690615731159e+21,9.268093576437506087e+00,2.802055747973106281e-11,0.000000000000000000e+00,2.989320441857240349e+07,2.612637339990586042e+04,2.989320441857240349e+07,0.000000000000000000e+00,0.000000000000000000e+00,1.903456811734679937e+08,-2.557007662274581270e+32,-1.760171370418087596e+31,3.591534943654392489e+32,0.000000000000000000e+00,0.000000000000000000e+00,0.000000000000000000e+00,2.399047777479911483e+38,5.557136975993646836e+35,nan,nan,1.163638897434827959e+05
1.660000000000000000e+02,2.516104299654652543e+00,1.024737141541503238e+21,9.478407006065133089e+00,2.602936422226961582e-11,0.000000000000000000e+00,2.995144297122854739e+07,2.612637339990586042e+04,2.995144297122854739e+07,0.000000000000000000e+00,0.000000000000000000e+00,1.907161927017159760e+08,-2.528276615618943728e+32,-1.779749763538370192e+31,3.434775681417540768e+32,0.000000000000000000e+00,0.000000000000000000e+00,0.000000000000000000e+00,2.390870048377049466e+38,5.508989071713406399e+35,nan,nan,1.165903942922381975e+05
1.665000000000000000e+02,2.551523994414112817e+00,1.039836380657271046e+21,9.654712922686695009e+00,2.416943133383129637e-11,0.000000000000000000e+00,3.000979488634721190e+07,2.612637339990586042e+04,3.000979488634721190e+07,0.000000000000000000e+00,0.000000000000000000e+00,1.910874254377776682e+08,-2.499656666296193913e+32,-1.796895028873948637e+31,3.284023924129579720e+32,0.000000000000000000e+00,0.000000000000000000e+00,0.000000000000000000e+00,2.382805128349190799e+38,5.461738220065403334e+35,nan,nan,1.168173397364528646e+05
1.670000000000000000e+02,2.587515974802253371e+00,1.055188148085870428e+21,9.798792273284011145e+00,2.243920539636097302e-11,0.000000000000000000e+00,3.006826038459060714e+07,2.612637339990586042e+04,3.006826038459060714e+07,0.000000000000000000e+00,0.000000000000000000e+00,1.914593807854979038e+08,-2.471290316772565775e+32,-1.811724091120225530e+31,3.139620434104570463e+32,0.000000000000000000e+00,0.000000000000000000e+00,0.000000000000000000e+00,2.374732368700594728e+38,5.414679318562167557e+35,nan,nan,1.170447269343382213e+05
1.675000000000000000e+02,2.623957955921743412e+00,1.070743016218599621e+21,9.912448703622139590e+00,2.083513260257268093e-11,0.000000000000000000e+00,3.012683968705046549e+07,2.612637339990586042e+04,3.012683968705046549e+07,0.000000000000000000e+00,0.000000000000000000e+00,1.918320601514542103e+08,-2.443299593933816742e+32,-1.824356518485615184e+31,3.001764614510496063e+32,0.000000000000000000e+00,0.000000000000000000e+00,0.000000000000000000e+00,2.366746617830778680e+38,5.368342462185116828e+35,nan,nan,1.172725567457763391e+05
1.680000000000000000e+02,2.660734934135362550e+00,1.086454401774129381e+21,9.997479491499507986e+00,1.935220814282439210e-11,0.000000000000000000e+00,3.018553301524889097e+07,2.612637339990586042e+04,3.018553301524889097e+07,0.000000000000000000e+00,0.000000000000000000e+00,1.922054649449619651e+08,-2.415787719637625986e+32,-1.834912391823226832e+31,2.870538645536301534e+32,0.000000000000000000e+00,0.000000000000000000e+00,0.000000000000000000e+00,2.358830003146658816e+38,5.322639779280426295e+35,nan,nan,1.175008300323229632e+05
1.685000000000000000e+02,2.697739092951281226e+00,1.102278536773918261e+21,1.005565242820558325e+01,1.798443566596988370e-11,0.000000000000000000e+00,3.024434059113917127e+07,2.612637339990586042e+04,3.024434059113917127e+07,0.000000000000000000e+00,0.000000000000000000e+00,1.925795965780798793e+08,-2.388840868463157459e+32,-1.843510589982060485e+31,2.745929486989109516e+32,0.000000000000000000e+00,0.000000000000000000e+00,0.000000000000000000e+00,2.350867252969678192e+38,5.276889847756762639e+35,nan,nan,1.177295476572109619e+05
1.690000000000000000e+02,2.734869630376108862e+00,1.118174407277939393e+21,1.008868795323849454e+01,1.672520134391839429e-11,0.000000000000000000e+00,3.030326263710663095e+07,2.612637339990586042e+04,3.030326263710663095e+07,0.000000000000000000e+00,0.000000000000000000e+00,1.929544564656152129e+08,-2.362529937264995648e+32,-1.850267445567508069e+31,2.627848444041079946e+32,0.000000000000000000e+00,0.000000000000000000e+00,0.000000000000000000e+00,2.343077855938642003e+38,5.232349452672182933e+35,nan,nan,1.179587104853534256e+05
1.695000000000000000e+02,2.772032526968397637e+00,1.134103667603205915e+21,1.009824582441627605e+01,1.556757060599564824e-11,0.000000000000000000e+00,3.036229937596948817e+07,2.612637339990586042e+04,3.036229937596948817e+07,0.000000000000000000e+00,0.000000000000000000e+00,1.933300460251291990e+08,-2.336912270837745128e+32,-1.855295722835821179e+31,2.516148204073573504e+32,0.000000000000000000e+00,0.000000000000000000e+00,0.000000000000000000e+00,2.335249497361980633e+38,5.187802695494935412e+35,nan,nan,1.181883193833470577e+05
1.700000000000000000e+02,2.809140270986204779e+00,1.150030536625747395e+21,1.008591562500946104e+01,1.450451734665326133e-11,0.000000000000000000e+00,3.042145103097966313e+07,2.612637339990586042e+04,3.042145103097966313e+07,0.000000000000000000e+00,0.000000000000000000e+00,1.937063666769423783e+08,-2.312033304673985988e+32,-1.858703870109969561e+31,2.410637400955740819e+32,0.000000000000000000e+00,0.000000000000000000e+00,0.000000000000000000e+00,2.327474144808403038e+38,5.143773607603510230e+35,nan,nan,1.184183752194754197e+05
1.705000000000000000e+02,2.846111554331807181e+00,1.165921681699022176e+21,1.005321045650278755e+01,1.352909587995203772e-11,0.000000000000000000e+00,3.048071782582364231e+07,2.612637339990586042e+04,3.048071782582364231e+07,0.000000000000000000e+00,0.000000000000000000e+00,1.940834198441399634e+08,-2.287928099407148293e+32,-1.860595501840361809e+31,2.311092859963076737e+32,0.000000000000000000e+00,0.000000000000000000e+00,0.000000000000000000e+00,2.319813178380363712e+38,5.100597587763948194e+35,nan,nan,1.186488788637121761e+05
1.710000000000000000e+02,2.882870950536138288e+00,1.181746094742054633e+21,1.000156322840615353e+01,1.263456555572520763e-11,0.000000000000000000e+00,3.054009998462332785e+07,2.612637339990586042e+04,3.054009998462332785e+07,0.000000000000000000e+00,0.000000000000000000e+00,1.944612069525772333e+08,-2.264622752267424671e+32,-1.861069069410488779e+31,2.217269733291778071e+32,0.000000000000000000e+00,0.000000000000000000e+00,0.000000000000000000e+00,2.312108306564229825e+38,5.057380475502103084e+35,nan,nan,1.188798311877243978e+05
1.715000000000000000e+02,2.919348583836884448e+00,1.197474964176603972e+21,9.932325026537123236e+00,1.181447710411675704e-11,0.000000000000000000e+00,3.059959773193688318e+07,2.612637339990586042e+04,3.059959773193688318e+07,0.000000000000000000e+00,0.000000000000000000e+00,1.948397294308848977e+08,-2.242135679070981161e+32,-1.860217684379674014e+31,2.128909763103621005e+32,0.000000000000000000e+00,0.000000000000000000e+00,0.000000000000000000e+00,2.304506419705053617e+38,5.014951914685592245e+35,nan,nan,1.191112330648759089e+05
1.720000000000000000e+02,2.955479796501042422e+00,1.213081545630691885e+21,9.846765112313157431e+00,1.106272868310254359e-11,0.000000000000000000e+00,3.065921129275956005e+07,2.612637339990586042e+04,3.065921129275956005e+07,0.000000000000000000e+00,0.000000000000000000e+00,1.952189887104746401e+08,-2.220478766293857347e+32,-1.858129062617203220e+31,2.045747914997411287e+32,0.000000000000000000e+00,0.000000000000000000e+00,0.000000000000000000e+00,2.296942732257546299e+38,4.972927828200544030e+35,nan,nan,1.193430853702305758e+05
1.725000000000000000e+02,2.991204819919117686e+00,1.228541033674164142e+21,9.746072173810302885e+00,1.037359843554257286e-11,0.000000000000000000e+00,3.071894089252459258e+07,2.612637339990586042e+04,3.071894089252459258e+07,0.000000000000000000e+00,0.000000000000000000e+00,1.955989862255441844e+08,-2.199658397039761955e+32,-1.854885562414335824e+31,1.967517616766506811e+32,0.000000000000000000e+00,0.000000000000000000e+00,0.000000000000000000e+00,2.289393584982660793e+38,4.931191086940219174e+35,nan,nan,1.195753889805554936e+05
1.730000000000000000e+02,3.026468453636241396e+00,1.243830436303986229e+21,9.631356512239038992e+00,9.741759225255813924e-12,0.000000000000000000e+00,3.077878675710401312e+07,2.612637339990586042e+04,3.077878675710401312e+07,0.000000000000000000e+00,0.000000000000000000e+00,1.959797234130831957e+08,-2.179676357557078252e+32,-1.850564293976598686e+31,1.893954820648126783e+32,0.000000000000000000e+00,0.000000000000000000e+00,0.000000000000000000e+00,2.281933592395221899e+38,4.890147524238691245e+35,nan,nan,1.198081447743244935e+05
1.735000000000000000e+02,3.061219755360286676e+00,1.258928453443147792e+21,9.503652903789959083e+00,9.162280177532545229e-12,0.000000000000000000e+00,3.083874911280951276e+07,2.612637339990586042e+04,3.083874911280951276e+07,0.000000000000000000e+00,0.000000000000000000e+00,1.963612017128782868e+08,-2.160530632713433751e+32,-1.845237281595329124e+31,1.824801085954078778e+32,0.000000000000000000e+00,0.000000000000000000e+00,0.000000000000000000e+00,2.274486674186716550e+38,4.849356573540921371e+35,nan,nan,1.200413536317213293e+05
1.740000000000000000e+02,3.095411744070823534e+00,1.273815360346514522e+21,9.363923926057422520e+00,8.630618728869379153e-12,0.000000000000000000e+00,3.089882818639331311e+07,2.612637339990586042e+04,3.089882818639331311e+07,0.000000000000000000e+00,0.000000000000000000e+00,1.967434225675188005e+08,-2.142216099766607609e+32,-1.838971663231503643e+31,1.759805855779611232e+32,0.000000000000000000e+00,0.000000000000000000e+00,0.000000000000000000e+00,2.267088835510263546e+38,4.809037915434088218e+35,nan,nan,1.202750164346431120e+05
1.745000000000000000e+02,3.129001117617086436e+00,1.288472896508619129e+21,9.213063580542868891e+00,8.142606103110569826e-12,0.000000000000000000e+00,3.095902420504900441e+07,2.612637339990586042e+04,3.095902420504900441e+07,0.000000000000000000e+00,0.000000000000000000e+00,1.971263874224019349e+08,-2.124725130099780554e+32,-1.831829915212956615e+31,1.698728078286110045e+32,0.000000000000000000e+00,0.000000000000000000e+00,0.000000000000000000e+00,2.259736589810132969e+38,4.769157525417594233e+35,nan,nan,1.205091340667034819e+05
1.750000000000000000e+02,3.161947985611031520e+00,1.302884160431550366e+21,9.051901078489830610e+00,7.694428473236431031e-12,0.000000000000000000e+00,3.101933739641241729e+07,2.612637339990586042e+04,3.101933739641241729e+07,0.000000000000000000e+00,0.000000000000000000e+00,1.975100977257384956e+08,-2.108048108494327116e+32,-1.823870092270607768e+31,1.641337301022187819e+32,0.000000000000000000e+00,0.000000000000000000e+00,0.000000000000000000e+00,2.252430366849177821e+38,4.729702005409343807e+35,nan,nan,1.207437074132361158e+05
1.755000000000000000e+02,3.194215617967975263e+00,1.317033510425883836e+21,8.881204687113571694e+00,7.282605529071536907e-12,0.000000000000000000e+00,3.107976798856248334e+07,2.612637339990586042e+04,3.107976798856248334e+07,0.000000000000000000e+00,0.000000000000000000e+00,1.978945549285582602e+08,-2.092173879132321269e+32,-1.815146075256864615e+31,1.587414346561706271e+32,0.000000000000000000e+00,0.000000000000000000e+00,0.000000000000000000e+00,2.245178284776681303e+38,4.690734800930727757e+35,nan,nan,1.209787373612980155e+05
1.760000000000000000e+02,3.225770209100239594e+00,1.330906471475206160e+21,8.701685557846122521e+00,6.903967737019320036e-12,0.000000000000000000e+00,3.114031621002209187e+07,2.612637339990586042e+04,3.114031621002209187e+07,0.000000000000000000e+00,0.000000000000000000e+00,1.982797604847154021e+08,-2.077090126958623695e+32,-1.805707820644295336e+31,1.536751659720286659e+32,0.000000000000000000e+00,0.000000000000000000e+00,0.000000000000000000e+00,2.237922429071390593e+38,4.651929962824947538e+35,nan,nan,1.212142247996728111e+05
1.765000000000000000e+02,3.256580657508945542e+00,1.344489648087436886e+21,8.514001478221441488e+00,6.555633233366973750e-12,0.000000000000000000e+00,3.120098228975895047e+07,2.612637339990586042e+04,3.120098228975895047e+07,0.000000000000000000e+00,0.000000000000000000e+00,1.986657158508940637e+08,-2.062783702366961611e+32,-1.795601607340793773e+31,1.489153400850969392e+32,0.000000000000000000e+00,0.000000000000000000e+00,0.000000000000000000e+00,2.230758490939271668e+38,4.613785595536969867e+35,nan,nan,1.214501706188741955e+05
1.770000000000000000e+02,3.286618360329252031e+00,1.357770642977233043e+21,8.318760505146109097e+00,6.234985023007359293e-12,0.000000000000000000e+00,3.126176645718646795e+07,2.612637339990586042e+04,3.126176645718646795e+07,0.000000000000000000e+00,0.000000000000000000e+00,1.990524224866139293e+08,-2.049240896462209246e+32,-1.784870277523920205e+31,1.444435346151325894e+32,0.000000000000000000e+00,0.000000000000000000e+00,0.000000000000000000e+00,2.223646837232513856e+38,4.576107529096657357e+35,nan,nan,1.216865757111493003e+05
1.775000000000000000e+02,3.315857022250654484e+00,1.370737981367627022e+21,8.116524450153963954e+00,5.939648947130639944e-12,0.000000000000000000e+00,3.132266894216459990e+07,2.612637339990586042e+04,3.132266894216459990e+07,0.000000000000000000e+00,0.000000000000000000e+00,1.994398818542355299e+08,-2.036447673432053610e+32,-1.773553469133527174e+31,1.402424644385734754e+32,0.000000000000000000e+00,0.000000000000000000e+00,0.000000000000000000e+00,2.216505458324680339e+38,4.538447366068610754e+35,nan,nan,1.219234409704819263e+05
1.780000000000000000e+02,3.344272478144720395e+00,1.383381040660967588e+21,7.907812197379139540e+00,5.667472724731787333e-12,0.000000000000000000e+00,3.138368997500073537e+07,2.612637339990586042e+04,3.138368997500073537e+07,0.000000000000000000e+00,0.000000000000000000e+00,1.998280954189660549e+08,-2.024389865862227547e+32,-1.761687838405977181e+31,1.362959469738289424e+32,0.000000000000000000e+00,0.000000000000000000e+00,0.000000000000000000e+00,2.209456386951669793e+38,4.501440346222478101e+35,nan,nan,1.221607672925961524e+05
1.785000000000000000e+02,3.371842528678219875e+00,1.395689985205337063e+21,7.693102842880919390e+00,5.416506253585886284e-12,0.000000000000000000e+00,3.144482978645055741e+07,2.612637339990586042e+04,3.144482978645055741e+07,0.000000000000000000e+00,0.000000000000000000e+00,2.002170646488646269e+08,-2.013053338167854227e+32,-1.749307271418227783e+31,1.325888602447166569e+32,0.000000000000000000e+00,0.000000000000000000e+00,0.000000000000000000e+00,2.202480054069004538e+38,4.464992324982805170e+35,nan,nan,1.223985555749595223e+05
1.790000000000000000e+02,3.398546788161954879e+00,1.407655705869690077e+21,7.472838650028751140e+00,5.184983268257064630e-12,0.000000000000000000e+00,3.150608860771892592e+07,2.612637339990586042e+04,3.150608860771892592e+07,0.000000000000000000e+00,0.000000000000000000e+00,2.006067910148480535e+08,-2.002424122699386086e+32,-1.736443084064581603e+31,1.291070962214066769e+32,0.000000000000000000e+00,0.000000000000000000e+00,0.000000000000000000e+00,2.195471980114499904e+38,4.428546363956997777e+35,nan,nan,1.226368067167865665e+05
1.795000000000000000e+02,3.424366543878405444e+00,1.419269764136415789e+21,7.247427820255619935e+00,4.971304388840027483e-12,0.000000000000000000e+00,3.156746667046073824e+07,2.612637339990586042e+04,3.156746667046073824e+07,0.000000000000000000e+00,0.000000000000000000e+00,2.009972759906962514e+08,-1.992488532520264831e+32,-1.723124210237321317e+31,1.258375113928492774e+32,0.000000000000000000e+00,0.000000000000000000e+00,0.000000000000000000e+00,2.188510037655414737e+38,4.392508157555812951e+35,nan,nan,1.228755216190420906e+05
1.800000000000000000e+02,3.449284626139227594e+00,1.430524340421761434e+21,7.017247081905119366e+00,4.774021548919566385e-12,0.000000000000000000e+00,3.162896420678181946e+07,2.612637339990586042e+04,3.162896420678181946e+07,0.000000000000000000e+00,0.000000000000000000e+00,2.013885210530579388e+08,-1.983233254346314079e+32,-1.709377378245247778e+31,1.227678760810016306e+32,0.000000000000000000e+00,0.000000000000000000e+00,0.000000000000000000e+00,2.181664129702805896e+38,4.357233984528426844e+35,nan,nan,1.231147011844447261e+05
1.805000000000000000e+02,3.473285288342772059e+00,1.441412186340919869e+21,6.782644102374443484e+00,4.591823760230247366e-12,0.000000000000000000e+00,3.169058144923978671e+07,2.612637339990586042e+04,3.169058144923978671e+07,0.000000000000000000e+00,0.000000000000000000e+00,2.017805276814561486e+08,-1.974645424683120513e+32,-1.695227275698555573e+31,1.198868236486946501e+32,0.000000000000000000e+00,0.000000000000000000e+00,0.000000000000000000e+00,2.174796489652311240e+38,4.322010020677727411e+35,nan,nan,1.233543463174702047e+05
1.810000000000000000e+02,3.496354096328721184e+00,1.451926580644258251e+21,6.543939730490974327e+00,4.423524151197545572e-12,0.000000000000000000e+00,3.175231863084492087e+07,2.612637339990586042e+04,3.175231863084492087e+07,0.000000000000000000e+00,0.000000000000000000e+00,2.021732973582938015e+08,-1.966712691794861478e+32,-1.680696703228491336e+31,1.171838004652727331e+32,0.000000000000000000e+00,0.000000000000000000e+00,0.000000000000000000e+00,2.167937467985893926e+38,4.286994696216960047e+35,nan,nan,1.235944579243548942e+05
1.815000000000000000e+02,3.518477826359144522e+00,1.462061288563075973e+21,6.301430077216734205e+00,4.268048204199495344e-12,0.000000000000000000e+00,3.181417598506110162e+07,2.612637339990586042e+04,3.181417598506110162e+07,0.000000000000000000e+00,0.000000000000000000e+00,2.025668315688593090e+08,-1.959423265782745765e+32,-1.665806717507534356e+31,1.146490172648010198e+32,0.000000000000000000e+00,0.000000000000000000e+00,0.000000000000000000e+00,2.161185857770275686e+38,4.252685829459442711e+35,nan,nan,1.238350369130990584e+05
1.820000000000000000e+02,3.539644371090834518e+00,1.471810524316669837e+21,6.055388443483995076e+00,4.124423109878414716e-12,0.000000000000000000e+00,3.187615374580661580e+07,2.612637339990586042e+04,3.187615374580661580e+07,0.000000000000000000e+00,0.000000000000000000e+00,2.029611318013322949e+08,-1.952765958739639675e+32,-1.650576764099770318e+31,1.122734023501558622e+32,0.000000000000000000e+00,0.000000000000000000e+00,0.000000000000000000e+00,2.154465762833473992e+38,4.218691478729229645e+35,nan,nan,1.240760841934705095e+05
1.825000000000000000e+02,3.559842652941181740e+00,1.481168916546708308e+21,5.806067104332631956e+00,3.991768154522463997e-12,0.000000000000000000e+00,3.193825214745508879e+07,2.612637339990586042e+04,3.193825214745508879e+07,0.000000000000000000e+00,0.000000000000000000e+00,2.033561995467891395e+08,-1.946730216675417887e+32,-1.635024800709352387e+31,1.100485569538467479e+32,0.000000000000000000e+00,0.000000000000000000e+00,0.000000000000000000e+00,2.147733147365961164e+38,4.184789174091397320e+35,nan,nan,1.243176006770079111e+05
1.830000000000000000e+02,3.579062544287835212e+00,1.490131476459489853e+21,5.553698958629878391e+00,3.869286057183925595e-12,0.000000000000000000e+00,3.200047142483635992e+07,2.612637339990586042e+04,3.200047142483635992e+07,0.000000000000000000e+00,0.000000000000000000e+00,2.037520362992086411e+08,-1.941306144671111925e+32,-1.619167411413567165e+31,1.079667129555875282e+32,0.000000000000000000e+00,0.000000000000000000e+00,0.000000000000000000e+00,2.141047189363456501e+38,4.151283322320562867e+35,nan,nan,1.245595872770242422e+05
1.835000000000000000e+02,3.597294793980316818e+00,1.498693568471279337e+21,5.298499053573049622e+00,3.756255175867889402e-12,0.000000000000000000e+00,3.206281181323736534e+07,2.612637339990586042e+04,3.206281181323736534e+07,0.000000000000000000e+00,0.000000000000000000e+00,2.041486435554776192e+08,-1.936484526515099936e+32,-1.603019912470926082e+31,1.060206930713418445e+32,0.000000000000000000e+00,0.000000000000000000e+00,0.000000000000000000e+00,2.134461777051758775e+38,4.118427266161967900e+35,nan,nan,1.248020449086102744e+05
1.840000000000000000e+02,3.614530959678776245e+00,1.506850883166257807e+21,5.040665992958641262e+00,3.652022506112422310e-12,0.000000000000000000e+00,3.212527354840303585e+07,2.612637339990586042e+04,3.212527354840303585e+07,0.000000000000000000e+00,0.000000000000000000e+00,2.045460228153966367e+08,-1.932256839897804352e+32,-1.586596450287805509e+31,1.042038735637746123e+32,0.000000000000000000e+00,0.000000000000000000e+00,0.000000000000000000e+00,2.127856474098862198e+38,4.085616356862090425e+35,nan,nan,1.250449744886380067e+05
1.845000000000000000e+02,3.630763345570971357e+00,1.514599412390577308e+21,4.780383237888327308e+00,3.555997400073917057e-12,0.000000000000000000e+00,3.218785686653717607e+07,2.612637339990586042e+04,3.218785686653717607e+07,0.000000000000000000e+00,0.000000000000000000e+00,2.049441755816856027e+08,-1.928615268089205427e+32,-1.569910092112483237e+31,1.025101494756495246e+32,0.000000000000000000e+00,0.000000000000000000e+00,0.000000000000000000e+00,2.121290946437123411e+38,4.053157333924196328e+35,nan,nan,1.252883769357641431e+05
1.850000000000000000e+02,3.645984945052872295e+00,1.521935426319393227e+21,4.517820308206160540e+00,3.467645939454778188e-12,0.000000000000000000e+00,3.225056200430337712e+07,2.612637339990586042e+04,3.225056200430337712e+07,0.000000000000000000e+00,0.000000000000000000e+00,2.053431033599895835e+08,-1.925552708893007906e+32,-1.552972910005394401e+31,1.009339023523558730e+32,0.000000000000000000e+00,0.000000000000000000e+00,0.000000000000000000e+00,2.114770013337835168e+38,4.021071592728784085e+35,nan,nan,1.255322531704335852e+05
1.855000000000000000e+02,3.660189387990941512e+00,1.528855452346508116e+21,4.253133892546566486e+00,3.386485900997813774e-12,0.000000000000000000e+00,3.231338919882588834e+07,2.612637339990586042e+04,3.231338919882588834e+07,0.000000000000000000e+00,0.000000000000000000e+00,2.057428076588844061e+08,-1.923062781559685547e+32,-1.535796058610932572e+31,9.946997039471858173e+31,0.000000000000000000e+00,0.000000000000000000e+00,0.000000000000000000e+00,2.108295515685653979e+38,3.989348008079975930e+35,nan,nan,1.257766041148829536e+05
1.860000000000000000e+02,3.673370892214995465e+00,1.535356255658366992e+21,3.986468874438473087e+00,3.312082258636801031e-12,0.000000000000000000e+00,3.237633868769055232e+07,2.612637339990586042e+04,3.237633868769055232e+07,0.000000000000000000e+00,0.000000000000000000e+00,2.061432899898822606e+08,-1.921139832245512203e+32,-1.518389847230552396e+31,9.811362096635117896e+31,0.000000000000000000e+00,0.000000000000000000e+00,0.000000000000000000e+00,2.101846217925736240e+38,3.957889949791682653e+35,nan,nan,1.260214306931438769e+05
1.865000000000000000e+02,3.685524218919566941e+00,1.541434821365524857e+21,3.717959281471543864e+00,3.244043171610514544e-12,0.000000000000000000e+00,3.243941070894563571e+07,2.612637339990586042e+04,3.243941070894563571e+07,0.000000000000000000e+00,0.000000000000000000e+00,2.065445518674376309e+08,-1.919778938523897556e+32,-1.500763806670485642e+31,9.686052536928024387e+31,0.000000000000000000e+00,0.000000000000000000e+00,0.000000000000000000e+00,2.095440058352082310e+38,3.926788976593925640e+35,nan,nan,1.262667338310467749e+05
1.870000000000000000e+02,3.696644631678930537e+00,1.547088338075436974e+21,3.447729164096609455e+00,3.182016412838287947e-12,0.000000000000000000e+00,3.250260550110279769e+07,2.612637339990586042e+04,3.250260550110279769e+07,0.000000000000000000e+00,0.000000000000000000e+00,2.069465948089528382e+08,-1.918975913387006516e+32,-1.482926751310759065e+31,9.570673579601169229e+31,0.000000000000000000e+00,0.000000000000000000e+00,0.000000000000000000e+00,2.089067535144333857e+38,3.895994918627640226e+35,nan,nan,1.265125144562241185e+05
1.875000000000000000e+02,3.706727858806363241e+00,1.552314182800446587e+21,3.175893410211823475e+00,3.125686196572255641e-12,0.000000000000000000e+00,3.256592330313796550e+07,2.612637339990586042e+04,3.256592330313796550e+07,0.000000000000000000e+00,0.000000000000000000e+00,2.073494203347839117e+08,-1.918727309118104790e+32,-1.464886836816194205e+31,9.464866436448501218e+31,0.000000000000000000e+00,0.000000000000000000e+00,0.000000000000000000e+00,2.082701756771168332e+38,3.865361830569953232e+35,nan,nan,1.267587734981140675e+05
1.880000000000000000e+02,3.715770058812001952e+00,1.557109907104236306e+21,2.902558501284446812e+00,3.074770368762555378e-12,0.000000000000000000e+00,3.262936435449222848e+07,2.612637339990586042e+04,3.262936435449222848e+07,0.000000000000000000e+00,0.000000000000000000e+00,2.077530299682463109e+08,-1.919030421366923103e+32,-1.446651613884988690e+31,9.368306414360199733e+31,0.000000000000000000e+00,0.000000000000000000e+00,0.000000000000000000e+00,2.076406387590171545e+38,3.835203571383942644e+35,nan,nan,1.270055118879639776e+05
1.885000000000000000e+02,3.723767788735787398e+00,1.561473224398781022e+21,2.627823215379291089e+00,3.029017927692007974e-12,0.000000000000000000e+00,3.269292889507275447e+07,2.612637339990586042e+04,3.269292889507275447e+07,0.000000000000000000e+00,0.000000000000000000e+00,2.081574252356205881e+08,-1.919883293720310021e+32,-1.428228078406762420e+31,9.280701208051993110e+31,0.000000000000000000e+00,0.000000000000000000e+00,0.000000000000000000e+00,2.070152266366694207e+38,3.805382441594523158e+35,nan,nan,1.272527305588338495e+05
1.890000000000000000e+02,3.730717975152634480e+00,1.565401998312024048e+21,2.351779282111382763e+00,2.988206846263554538e-12,0.000000000000000000e+00,3.275661716525370255e+07,2.612637339990586042e+04,3.275661716525370255e+07,0.000000000000000000e+00,0.000000000000000000e+00,2.085626076661582887e+08,-1.921284723027528827e+32,-1.409622718379787121e+31,9.201789374612842824e+31,0.000000000000000000e+00,0.000000000000000000e+00,0.000000000000000000e+00,2.063917133537382334e+38,3.775787293571397242e+35,nan,nan,1.275004304455999663e+05
1.895000000000000000e+02,3.736617887666244364e+00,1.568894232054171959e+21,2.074511994213910526e+00,2.952142170873009751e-12,0.000000000000000000e+00,3.282042940587711334e+07,2.612637339990586042e+04,3.282042940587711334e+07,0.000000000000000000e+00,0.000000000000000000e+00,2.089685787920875549e+08,-1.923234265712761079e+32,-1.390841557916688506e+31,9.131338982167373708e+31,0.000000000000000000e+00,0.000000000000000000e+00,0.000000000000000000e+00,2.057659893913555161e+38,3.746216792266844432e+35,nan,nan,1.277486124849582266e+05
1.900000000000000000e+02,3.741465114725896601e+00,1.571948058717644128e+21,1.796100780113964568e+00,2.920654375093291858e-12,0.000000000000000000e+00,3.288436585825384036e+07,2.612637339990586042e+04,3.288436585825384036e+07,0.000000000000000000e+00,0.000000000000000000e+00,2.093753401486192346e+08,-1.925732245286006870e+32,-1.371890198649324372e+31,9.069146425703648347e+31,0.000000000000000000e+00,0.000000000000000000e+00,0.000000000000000000e+00,2.051509870973233281e+38,3.717278107962183455e+35,nan,nan,1.279972776154280291e+05
1.905000000000000000e+02,3.745257541617408759e+00,1.574561732452442178e+21,1.516619741638309593e+00,2.893597949459937633e-12,0.000000000000000000e+00,3.294842676416444033e+07,2.612637339990586042e+04,3.294842676416444033e+07,0.000000000000000000e+00,0.000000000000000000e+00,2.097828932739523053e+08,-1.928779761246888280e+32,-1.352773858826864479e+31,9.015035403948873299e+31,0.000000000000000000e+00,0.000000000000000000e+00,0.000000000000000000e+00,2.045400838630478766e+38,3.688664422803601861e+35,nan,nan,1.282464267773554166e+05
1.910000000000000000e+02,3.747993330495167363e+00,1.576733620465013883e+21,1.236138160729592261e+00,2.870850211509625045e-12,0.000000000000000000e+00,3.301261236586011946e+07,2.612637339990586042e+04,3.301261236586011946e+07,0.000000000000000000e+00,0.000000000000000000e+00,2.101912397092800736e+08,-1.932378699563334959e+32,-1.333497410386404599e+31,8.968856052068317563e+31,0.000000000000000000e+00,0.000000000000000000e+00,0.000000000000000000e+00,2.039310752590804079e+38,3.660267979772813503e+35,nan,nan,1.284960609129170334e+05
1.915000000000000000e+02,3.749670902336929235e+00,1.578462195794624905e+21,9.547209788398579589e-01,2.852310322913564310e-12,0.000000000000000000e+00,3.307692290606362745e+07,2.612637339990586042e+04,3.307692290606362745e+07,0.000000000000000000e+00,0.000000000000000000e+00,2.106003809987955689e+08,-1.936531744898287494e+32,-1.314065414262715211e+31,8.930484225905952187e+31,0.000000000000000000e+00,0.000000000000000000e+00,0.000000000000000000e+00,2.033200209582349974e+38,3.631899174287901027e+35,nan,nan,1.287461809661232837e+05
1.920000000000000000e+02,3.750288920717086416e+00,1.579746030826902520e+21,6.724292524827527595e-01,2.837898503097048423e-12,0.000000000000000000e+00,3.314135862797015533e+07,2.612637339990586042e+04,3.314135862797015533e+07,0.000000000000000000e+00,0.000000000000000000e+00,2.110103186896978915e+08,-1.941242394751968340e+32,-1.294482154193063974e+31,8.899820934473078208e+31,0.000000000000000000e+00,0.000000000000000000e+00,0.000000000000000000e+00,2.027131071885771217e+38,3.603850062909522021e+35,nan,nan,1.289967878828222892e+05
1.925000000000000000e+02,3.749846277307313791e+00,1.580583791509571109e+21,3.893205882681727847e-01,2.827555431177146823e-12,0.000000000000000000e+00,3.320591977524830028e+07,2.612637339990586042e+04,3.320591977524830028e+07,0.000000000000000000e+00,0.000000000000000000e+00,2.114210543321974874e+08,-1.946514975684633822e+32,-1.274751669264361839e+31,8.876791918420678938e+31,0.000000000000000000e+00,0.000000000000000000e+00,0.000000000000000000e+00,2.021160548565937125e+38,3.576374982171670920e+35,nan,nan,1.292478826107031200e+05
1.930000000000000000e+02,3.748342079026152351e+00,1.580974232240537993e+21,1.054495606131661545e-01,2.821241830415404498e-12,0.000000000000000000e+00,3.327060659204097092e+07,2.612637339990586042e+04,3.327060659204097092e+07,0.000000000000000000e+00,0.000000000000000000e+00,2.118325894795225859e+08,-1.952354661784747417e+32,-1.254877785443347503e+31,8.861347373303894599e+31,0.000000000000000000e+00,0.000000000000000000e+00,0.000000000000000000e+00,2.015223205573116550e+38,3.549175772616492623e+35,nan,nan,1.294994660992996505e+05
1.935000000000000000e+02,3.745775636771222938e+00,1.580916191403449254e+21,-1.791318847794579894e-01,2.818938231705390080e-12,0.000000000000000000e+00,3.333541932296628132e+07,2.612637339990586042e+04,3.333541932296628132e+07,0.000000000000000000e+00,0.000000000000000000e+00,2.122449256879247129e+08,-1.958767495549987161e+32,-1.234864146326013189e+31,8.853461817566253643e+31,0.000000000000000000e+00,0.000000000000000000e+00,0.000000000000000000e+00,2.009257232121778239e+38,3.521960995182445660e+35,nan,nan,1.297515392999940523e+05
1.940000000000000000e+02,3.742146455679489225e+00,1.580408587530646847e+21,-4.643740386579734980e-01,2.820644914931385525e-12,0.000000000000000000e+00,3.340035821311851218e+07,2.612637339990586042e+04,3.340035821311851218e+07,0.000000000000000000e+00,0.000000000000000000e+00,2.126580645166846216e+08,-1.965760411353216921e+32,-1.214714243340194137e+31,8.853134106343614533e+31,0.000000000000000000e+00,0.000000000000000000e+00,0.000000000000000000e+00,2.003320102056535256e+38,3.494999055740937643e+35,nan,nan,1.300041031660202862e+05
1.945000000000000000e+02,3.737454226872392482e+00,1.579450416078171931e+21,-7.502290442038030971e-01,2.826382029381626875e-12,0.000000000000000000e+00,3.346542350806903094e+07,2.612637339990586042e+04,3.346542350806903094e+07,0.000000000000000000e+00,0.000000000000000000e+00,2.130720075281182230e+08,-1.973341261672424480e+32,-1.194431445635140350e+31,8.860387593421446415e+31,0.000000000000000000e+00,0.000000000000000000e+00,0.000000000000000000e+00,1.997420101183353132e+38,3.468326948070854712e+35,nan,nan,1.302571586524678569e+05
1.950000000000000000e+02,3.731698820653972515e+00,1.578040746802141463e+21,-1.036650518306576396e+00,2.836189896816883590e-12,0.000000000000000000e+00,3.353061545386720076e+07,2.612637339990586042e+04,3.353061545386720076e+07,0.000000000000000000e+00,0.000000000000000000e+00,2.134867562875827253e+08,-1.981518846272424029e+32,-1.174019029894123169e+31,8.875270444985555112e+31,0.000000000000000000e+00,0.000000000000000000e+00,0.000000000000000000e+00,1.991605006962945553e+38,3.442151454674344820e+35,nan,nan,1.305107067162854510e+05
1.955000000000000000e+02,3.724880281141232707e+00,1.576178721730477949e+21,-1.323593175168527925e+00,2.850129503325761450e-12,0.000000000000000000e+00,3.359593429704134166e+07,2.612637339990586042e+04,3.359593429704134166e+07,0.000000000000000000e+00,0.000000000000000000e+00,2.139023123634819686e+08,-1.990302944536927471e+32,-1.153480210310792971e+31,8.897856110198012843e+31,0.000000000000000000e+00,0.000000000000000000e+00,0.000000000000000000e+00,1.985806947810957700e+38,3.416164969127828643e+35,nan,nan,1.307647483162842691e+05
1.960000000000000000e+02,3.716998822317194584e+00,1.573863553728678724e+21,-1.611012449232534172e+00,2.868283188788743552e-12,0.000000000000000000e+00,3.366138028459962457e+07,2.612637339990586042e+04,3.366138028459962457e+07,0.000000000000000000e+00,0.000000000000000000e+00,2.143186773272729814e+08,-1.999704351162169508e+32,-1.132818168977256828e+31,8.928243955122798730e+31,0.000000000000000000e+00,0.000000000000000000e+00,0.000000000000000000e+00,1.980002204046086307e+38,3.390260188384903592e+35,nan,nan,1.310192844131420279e+05
1.965000000000000000e+02,3.708054825508484420e+00,1.571094525663113380e+21,-1.898864114353885135e+00,2.890755545675849077e-12,0.000000000000000000e+00,3.372695366403104365e+07,2.612637339990586042e+04,3.372695366403104365e+07,0.000000000000000000e+00,0.000000000000000000e+00,2.147358527534716427e+08,-2.009734915437672524e+32,-1.112036086941811267e+31,8.966560068137180272e+31,0.000000000000000000e+00,0.000000000000000000e+00,0.000000000000000000e+00,1.974232664741607559e+38,3.364627719556174366e+35,nan,nan,1.312743159694063943e+05
1.970000000000000000e+02,3.698048838300878050e+00,1.567870990170272563e+21,-2.187103896027529082e+00,2.917674542076295375e-12,0.000000000000000000e+00,3.379265468330632150e+07,2.612637339990586042e+04,3.379265468330632150e+07,0.000000000000000000e+00,0.000000000000000000e+00,2.151538402196585238e+08,-2.020407584355885763e+32,-1.091137176207258343e+31,9.012958246715225934e+31,0.000000000000000000e+00,0.000000000000000000e+00,0.000000000000000000e+00,1.968498303637607681e+38,3.339265199892720321e+35,nan,nan,1.315298439494986087e+05
1.975000000000000000e+02,3.686981574918291482e+00,1.564192370045535650e+21,-2.475687073337616617e+00,2.949192887369195935e-12,0.000000000000000000e+00,3.385848359087888151e+07,2.612637339990586042e+04,3.385848359087888151e+07,0.000000000000000000e+00,0.000000000000000000e+00,2.155726413064852059e+08,-2.031736449810316913e+32,-1.070124712956917823e+31,9.067621177382946541e+31,0.000000000000000000e+00,0.000000000000000000e+00,0.000000000000000000e+00,1.962798730826024902e+38,3.314168632122472112e+35,nan,nan,1.317858693197171960e+05
1.980000000000000000e+02,3.674853918103243355e+00,1.560058159270420283e+21,-2.764568067111682126e+00,2.985489662868027358e-12,0.000000000000000000e+00,3.392444063568574935e+07,2.612637339990586042e+04,3.392444063568574935e+07,0.000000000000000000e+00,0.000000000000000000e+00,2.159922575976797640e+08,-2.043736800161298918e+32,-1.049002072315170698e+31,9.130761822746121078e+31,0.000000000000000000e+00,0.000000000000000000e+00,0.000000000000000000e+00,1.957149185694425719e+38,3.289392258529523286e+35,nan,nan,1.320423930482415890e+05
1.985000000000000000e+02,3.661666922550120162e+00,1.555467924703005639e+21,-3.053700010534208698e+00,3.026772244196294959e-12,0.000000000000000000e+00,3.399052606714850664e+07,2.612637339990586042e+04,3.399052606714850664e+07,0.000000000000000000e+00,0.000000000000000000e+00,2.164126906800533235e+08,-2.056425176469714387e+32,-1.027772764973021433e+31,9.202625031812534967e+31,0.000000000000000000e+00,0.000000000000000000e+00,0.000000000000000000e+00,1.951504410014248863e+38,3.264742539533440652e+35,nan,nan,1.322994161051358678e+05
1.990000000000000000e+02,3.647421819956632838e+00,1.550421308462335525e+21,-3.343034298199385024e+00,3.073278547179370231e-12,0.000000000000000000e+00,3.405674013517425954e+07,2.612637339990586042e+04,3.405674013517425954e+07,0.000000000000000000e+00,0.000000000000000000e+00,2.168339421435054839e+08,-2.069819433721716118e+32,-1.006440476037104914e+31,9.283489392403450902e+31,0.000000000000000000e+00,0.000000000000000000e+00,0.000000000000000000e+00,1.945893350562739918e+38,3.240348015999663456e+35,nan,nan,1.325569394623522530e+05
1.995000000000000000e+02,3.632120025774054461e+00,1.544918031044209803e+21,-3.632520109255495289e+00,3.125279634787150090e-12,0.000000000000000000e+00,3.412308309015654027e+07,2.612637339990586042e+04,3.412308309015654027e+07,0.000000000000000000e+00,0.000000000000000000e+00,2.172560135810308158e+08,-2.083938807391671265e+32,-9.850091064933879805e+30,9.373669347313828811e+31,0.000000000000000000e+00,0.000000000000000000e+00,0.000000000000000000e+00,1.940315637598668420e+38,3.216204916957334644e+35,nan,nan,1.328149640937349468e+05
2.000000000000000000e+02,3.615763147753159323e+00,1.538957895212917326e+21,-3.922103899907913860e+00,3.183082729273733003e-12,0.000000000000000000e+00,3.418955518297629058e+07,2.612637339990586042e+04,3.418955518297629058e+07,0.000000000000000000e+00,0.000000000000000000e+00,2.176789065887246132e+08,-2.098803985716024352e+32,-9.634828177149720504e+30,9.473517599079467940e+31,0.000000000000000000e+00,0.000000000000000000e+00,0.000000000000000000e+00,1.934770901258200319e+38,3.192309500223578212e+35,nan,nan,1.330734909750237421e+05
2.005000000000000000e+02,3.598352996400649761e+00,1.532540790721290437e+21,-4.211728860096992655e+00,3.247034681298546197e-12,0.000000000000000000e+00,3.425615666500281543e+07,2.612637339990586042e+04,3.425615666500281543e+07,0.000000000000000000e+00,0.000000000000000000e+00,2.181026227657890022e+08,-2.114437188077396026e+32,-9.418660794877201269e+30,9.583427831792235838e+31,0.000000000000000000e+00,0.000000000000000000e+00,0.000000000000000000e+00,1.929237404166477262e+38,3.168564296132557448e+35,nan,nan,1.333325210838577768e+05
2.010000000000000000e+02,3.579891597480333587e+00,1.525666699920032924e+21,-4.501334328643602056e+00,3.317525956672765417e-12,0.000000000000000000e+00,3.432288778809465468e+07,2.612637339990586042e+04,3.432288778809465468e+07,0.000000000000000000e+00,0.000000000000000000e+00,2.185271637145389616e+08,-2.130862249925592543e+32,-9.201637220785552101e+30,9.703837782425710479e+31,0.000000000000000000e+00,0.000000000000000000e+00,0.000000000000000000e+00,1.923721692466303889e+38,3.144992163801675874e+35,nan,nan,1.335920553997790848e+05
2.015000000000000000e+02,3.560381206714857694e+00,1.518335704326753223e+21,-4.790855160549259750e+00,3.394995211686062392e-12,0.000000000000000000e+00,3.438974880460066348e+07,2.612637339990586042e+04,3.438974880460066348e+07,0.000000000000000000e+00,0.000000000000000000e+00,2.189525310404084921e+08,-2.148104714690057345e+32,-8.983809929301998708e+30,9.835232698656285435e+31,0.000000000000000000e+00,0.000000000000000000e+00,0.000000000000000000e+00,1.918260557706633541e+38,3.121752435706518535e+35,nan,nan,1.338520949042365246e+05
2.020000000000000000e+02,3.539824326867532900e+00,1.510547992235628560e+21,-5.080221039439211772e+00,3.479934540005082447e-12,0.000000000000000000e+00,3.445673996736086160e+07,2.612637339990586042e+04,3.445673996736086160e+07,0.000000000000000000e+00,0.000000000000000000e+00,2.193787263519565165e+08,-2.166191933165895995e+32,-8.765236186338206872e+30,9.978149225257719705e+31,0.000000000000000000e+00,0.000000000000000000e+00,0.000000000000000000e+00,1.912831034695579958e+38,3.098748064424805151e+35,nan,nan,1.341126405805892718e+05
2.025000000000000000e+02,3.518223727410211943e+00,1.502303867460310270e+21,-5.369355727333326556e+00,3.572895488221802804e-12,0.000000000000000000e+00,3.452386152970743924e+07,2.612637339990586042e+04,3.452386152970743924e+07,0.000000000000000000e+00,0.000000000000000000e+00,2.198057512608730495e+08,-2.185153170882471271e+32,-8.545978729087753996e+30,1.013317976688895473e+32,0.000000000000000000e+00,0.000000000000000000e+00,0.000000000000000000e+00,1.907432777339264086e+38,3.075975657649628264e+35,nan,nan,1.343736934141106030e+05
2.030000000000000000e+02,3.495582467012602113e+00,1.493603759315724796e+21,-5.658176243007078554e+00,3.674495953653887218e-12,0.000000000000000000e+00,3.459111374546568841e+07,2.612637339990586042e+04,3.459111374546568841e+07,0.000000000000000000e+00,0.000000000000000000e+00,2.202336073819853663e+08,-2.205019723988390190e+32,-8.326106514077170729e+30,1.030097738157152163e+32,0.000000000000000000e+00,0.000000000000000000e+00,0.000000000000000000e+00,1.902065443674423437e+38,3.053431870474736964e+35,nan,nan,1.346352543919917662e+05
2.035000000000000000e+02,3.471903919121294813e+00,1.484448233959021871e+21,-5.946591959147429662e+00,3.785428097421099318e-12,0.000000000000000000e+00,3.465849686895499378e+07,2.612637339990586042e+04,3.465849686895499378e+07,0.000000000000000000e+00,0.000000000000000000e+00,2.206622963332639635e+08,-2.225825044208545720e+32,-8.105695542673339854e+30,1.048226126645996112e+32,0.000000000000000000e+00,0.000000000000000000e+00,0.000000000000000000e+00,1.896698926408520565e+38,3.030985895009529743e+35,nan,nan,1.348973245033455023e+05
2.040000000000000000e+02,3.447191800933701700e+00,1.474838007226324484e+21,-6.234503607297599892e+00,3.906467428690902251e-12,0.000000000000000000e+00,3.472601115498977154e+07,2.612637339990586042e+04,3.472601115498977154e+07,0.000000000000000000e+00,0.000000000000000000e+00,2.210918197358287871e+08,-2.247604873445646641e+32,-7.884829774417569723e+30,1.067782290575063157e+32,0.000000000000000000e+00,0.000000000000000000e+00,0.000000000000000000e+00,1.891336906781912821e+38,3.008652830827780070e+35,nan,nan,1.351599047392098873e+05
2.045000000000000000e+02,3.421450206113465953e+00,1.464773959120344056e+21,-6.521802178199888722e+00,4.038483242956788751e-12,0.000000000000000000e+00,3.479365685888044536e+07,2.612637339990586042e+04,3.479365685888044536e+07,0.000000000000000000e+00,0.000000000000000000e+00,2.215221792139553130e+08,-2.270397388608572239e+32,-7.663602139891793263e+30,1.088853295986326294e+32,0.000000000000000000e+00,0.000000000000000000e+00,0.000000000000000000e+00,1.886005952047502264e+38,2.986544874912519933e+35,nan,nan,1.354229960925521445e+05
2.050000000000000000e+02,3.394683641640654059e+00,1.454257150124726682e+21,-6.808367703563321882e+00,4.182450629064209539e-12,0.000000000000000000e+00,3.486143423643438518e+07,2.612637339990586042e+04,3.486143423643438518e+07,0.000000000000000000e+00,0.000000000000000000e+00,2.219533763950806856e+08,-2.294243357249582999e+32,-7.442115666348608995e+30,1.111534898548676908e+32,0.000000000000000000e+00,0.000000000000000000e+00,0.000000000000000000e+00,1.880746349902266606e+38,2.964822215962511527e+35,nan,nan,1.356865995582721953e+05
2.055000000000000000e+02,3.366897069242567042e+00,1.443288839544418861e+21,-7.094067903476407366e+00,4.339464297359003578e-12,0.000000000000000000e+00,3.492934354395690560e+07,2.612637339990586042e+04,3.492934354395690560e+07,0.000000000000000000e+00,0.000000000000000000e+00,2.223854129098098576e+08,-2.319186304578585927e+32,-7.220484731080094449e+30,1.135932408782889396e+32,0.000000000000000000e+00,0.000000000000000000e+00,0.000000000000000000e+00,1.875516089099704244e+38,2.943312983091355858e+35,nan,nan,1.359507161332066753e+05
2.060000000000000000e+02,3.338095951910427850e+00,1.431870506097829216e+21,-7.378756681625021407e+00,4.510754525905008420e-12,0.000000000000000000e+00,3.499738503825224191e+07,2.612637339990586042e+04,3.499738503825224191e+07,0.000000000000000000e+00,0.000000000000000000e+00,2.228182903919218779e+08,-2.345272692390294220e+32,-6.998836459490306528e+30,1.162161661957425264e+32,0.000000000000000000e+00,0.000000000000000000e+00,0.000000000000000000e+00,1.870314851791997908e+38,2.922014101812844549e+35,nan,nan,1.362153468161325145e+05
2.065000000000000000e+02,3.308286306074331495e+00,1.420003871016536244e+21,-7.662272448128358171e+00,4.697705574509352704e-12,0.000000000000000000e+00,3.506555897662448138e+07,2.612637339990586042e+04,3.506555897662448138e+07,0.000000000000000000e+00,0.000000000000000000e+00,2.232520104783759415e+08,-2.372552110383069421e+32,-6.777312287105808028e+30,1.190350105575571135e+32,0.000000000000000000e+00,0.000000000000000000e+00,0.000000000000000000e+00,1.865132131459732069e+38,2.900880026482036862e+35,nan,nan,1.364804926077708369e+05
2.070000000000000000e+02,3.277474760084781558e+00,1.407690923942196806e+21,-7.944436247135763907e+00,4.901876978853507298e-12,0.000000000000000000e+00,3.513386561687856168e+07,2.612637339990586042e+04,3.513386561687856168e+07,0.000000000000000000e+00,0.000000000000000000e+00,2.236865748093176186e+08,-2.401077480258851405e+32,-6.556069707343894800e+30,1.220638019008175387e+32,0.000000000000000000e+00,0.000000000000000000e+00,0.000000000000000000e+00,1.859944380001050223e+38,2.879811567667552980e+35,nan,nan,1.367461545107906568e+05
2.075000000000000000e+02,3.245668619735052385e+00,1.394933951948715196e+21,-8.225049663294315749e+00,5.125028211178725790e-12,0.000000000000000000e+00,3.520230521732125431e+07,2.612637339990586042e+04,3.520230521732125431e+07,0.000000000000000000e+00,0.000000000000000000e+00,2.241219850280849338e+08,-2.430905272861590438e+32,-6.335284229799478675e+30,1.253179881630978318e+32,0.000000000000000000e+00,0.000000000000000000e+00,0.000000000000000000e+00,1.854779517577565374e+38,2.858924253740038070e+35,nan,nan,1.370123335298126331e+05
2.080000000000000000e+02,3.212875941655935819e+00,1.381735572061256417e+21,-8.503892477759418256e+00,5.369147281852567395e-12,0.000000000000000000e+00,3.527087803676212579e+07,2.612637339990586042e+04,3.527087803676212579e+07,0.000000000000000000e+00,0.000000000000000000e+00,2.245582427812148929e+08,-2.462095738424390257e+32,-6.115151577151546486e+30,1.288145907803102056e+32,0.000000000000000000e+00,0.000000000000000000e+00,0.000000000000000000e+00,1.849643394250236476e+38,2.838241333189632872e+35,nan,nan,1.372790306714130857e+05
2.085000000000000000e+02,3.179105615524520090e+00,1.368098767692946735e+21,-8.780720040534031767e+00,5.636483960234581005e-12,0.000000000000000000e+00,3.533958433451451361e+07,2.612637339990586042e+04,3.533958433451451361e+07,0.000000000000000000e+00,0.000000000000000000e+00,2.249953497184493542e+08,-2.494713149736909580e+32,-5.895890152574482377e+30,1.325723769167208619e+32,0.000000000000000000e+00,0.000000000000000000e+00,0.000000000000000000e+00,1.844535700921533700e+38,2.817760354724017703e+35,nan,nan,1.375462469441275171e+05
2.090000000000000000e+02,3.144367456153258633e+00,1.354026929475913515e+21,-9.055260321542437651e+00,5.929588416427689700e-12,0.000000000000000000e+00,3.540842437039651722e+07,2.612637339990586042e+04,3.540842437039651722e+07,0.000000000000000000e+00,0.000000000000000000e+00,2.254333074927416146e+08,-2.528826057693792387e+32,-5.677743813814731174e+30,1.366120527043021959e+32,0.000000000000000000e+00,0.000000000000000000e+00,0.000000000000000000e+00,1.839457277043750732e+38,2.797483000035252096e+35,nan,nan,1.378139833584546868e+05
2.095000000000000000e+02,3.108672306666456997e+00,1.339523901026440577e+21,-9.327210597929076030e+00,6.251356231003907484e-12,0.000000000000000000e+00,3.547739840473197401e+07,2.612637339990586042e+04,3.547739840473197401e+07,0.000000000000000000e+00,0.000000000000000000e+00,2.258721177602622807e+08,-2.564507558215929529e+32,-5.460984994905058160e+30,1.409564800086258116e+32,0.000000000000000000e+00,0.000000000000000000e+00,0.000000000000000000e+00,1.834438595805968387e+38,2.777525592839445639e+35,nan,nan,1.380822409268601914e+05
2.100000000000000000e+02,3.072032154130318382e+00,1.324594030255331344e+21,-9.596233729586064243e+00,6.605080891263482431e-12,0.000000000000000000e+00,3.554650669835144281e+07,2.612637339990586042e+04,3.554650669835144281e+07,0.000000000000000000e+00,0.000000000000000000e+00,2.263117821804058552e+08,-2.601835568916253962e+32,-5.245918221878344565e+30,1.456309194828853578e+32,0.000000000000000000e+00,0.000000000000000000e+00,0.000000000000000000e+00,1.829446577611319380e+38,2.757757626371685635e+35,nan,nan,1.383510206637804804e+05
2.105000000000000000e+02,3.034460259181990693e+00,1.309242226915036889e+21,-9.861953968829029193e+00,6.994515093976618168e-12,0.000000000000000000e+00,3.561574951259322464e+07,2.612637339990586042e+04,3.561574951259322464e+07,0.000000000000000000e+00,0.000000000000000000e+00,2.267523024157967865e+08,-2.640893113068770584e+32,-5.032884074842993756e+30,1.506633029098733506e+32,0.000000000000000000e+00,0.000000000000000000e+00,0.000000000000000000e+00,1.824450862708929606e+38,2.738055064827444125e+35,nan,nan,1.386203235856265819e+05
2.110000000000000000e+02,2.995971301404549703e+00,1.293474027165632168e+21,-1.012395224345452505e+01,7.423942409991441657e-12,0.000000000000000000e+00,3.568512710930427909e+07,2.612637339990586042e+04,3.568512710930427909e+07,0.000000000000000000e+00,0.000000000000000000e+00,2.271936801322959661e+08,-2.681768607381225788e+32,-4.822263655408310521e+30,1.560845380477004323e+32,0.000000000000000000e+00,0.000000000000000000e+00,0.000000000000000000e+00,1.819469259870985054e+38,2.718489291320614874e+35,nan,nan,1.388901507107880607e+05
2.115000000000000000e+02,2.956581542420665620e+00,1.277295666043251327e+21,-1.038176084514934949e+01,7.898261139600095013e-12,0.000000000000000000e+00,3.575463975084128231e+07,2.612637339990586042e+04,3.575463975084128231e+07,0.000000000000000000e+00,0.000000000000000000e+00,2.276359169990068078e+08,-2.724556148702356855e+32,-4.614483625689270524e+30,1.619288493647707316e+32,0.000000000000000000e+00,0.000000000000000000e+00,0.000000000000000000e+00,1.814514400155642273e+38,2.699109964780928463e+35,nan,nan,1.391605030596367142e+05
2.120000000000000000e+02,2.916309008929665492e+00,1.260714158828029477e+21,-1.063485744745546668e+01,8.423082502601462751e-12,0.000000000000000000e+00,3.582428770007158071e+07,2.612637339990586042e+04,3.582428770007158071e+07,0.000000000000000000e+00,0.000000000000000000e+00,2.280790146882818043e+08,-2.769355793031321528e+32,-4.410021892922734816e+30,1.682341581380881863e+32,0.000000000000000000e+00,0.000000000000000000e+00,0.000000000000000000e+00,1.809586003156994536e+38,2.679914498065420615e+35,nan,nan,1.394313816545305890e+05
2.125000000000000000e+02,2.875173698192133198e+00,1.243737392434545426e+21,-1.088265836936913189e+01,9.004845665711822629e-12,0.000000000000000000e+00,3.589407122037420422e+07,2.612637339990586042e+04,3.589407122037420422e+07,0.000000000000000000e+00,0.000000000000000000e+00,2.285229748757285178e+08,-2.816273817936930484e+32,-4.209414021973268673e+30,1.750425053462805802e+32,0.000000000000000000e+00,0.000000000000000000e+00,0.000000000000000000e+00,1.804683792513353155e+38,2.660900342261152642e+35,nan,nan,1.397027875198176771e+05
2.130000000000000000e+02,2.833197808773943116e+00,1.226374228086699590e+21,-1.112451099241719277e+01,9.650952511911643985e-12,0.000000000000000000e+00,3.596399057564084977e+07,2.612637339990586042e+04,3.596399057564084977e+07,0.000000000000000000e+00,0.000000000000000000e+00,2.289677992402162850e+08,-2.865422956609562528e+32,-4.013260466485170907e+30,1.824005205439409097e+32,0.000000000000000000e+00,0.000000000000000000e+00,0.000000000000000000e+00,1.799807494890991559e+38,2.642064982229632479e+35,nan,nan,1.399747216818399902e+05
2.135000000000000000e+02,2.790405999697135542e+00,1.208634616690712510e+21,-1.135968523110521566e+01,1.036992549654966270e-11,0.000000000000000000e+00,3.603404603027687967e+07,2.612637339990586042e+04,3.603404603027687967e+07,0.000000000000000000e+00,0.000000000000000000e+00,2.294134894638823271e+08,-2.916922588101303478e+32,-3.822234717799315872e+30,1.903599393577820801e+32,0.000000000000000000e+00,0.000000000000000000e+00,0.000000000000000000e+00,1.794956839430501476e+38,2.623405934562679687e+35,nan,nan,1.402471851689372270e+05
2.140000000000000000e+02,2.746825681506082084e+00,1.190529728483615048e+21,-1.158736394957953131e+01,1.117159240121480544e-11,0.000000000000000000e+00,3.610423784920233488e+07,2.612637339990586042e+04,3.610423784920233488e+07,0.000000000000000000e+00,0.000000000000000000e+00,2.298600472321381867e+08,-2.970898863666100609e+32,-3.637092478457062447e+30,1.989781712601278703e+32,0.000000000000000000e+00,0.000000000000000000e+00,0.000000000000000000e+00,1.790131558355488972e+38,2.604920747007628967e+35,nan,nan,1.405201790114508767e+05
2.145000000000000000e+02,2.702487343138991083e+00,1.172072098708134822e+21,-1.180663221209269054e+01,1.206730226438994430e-11,0.000000000000000000e+00,3.617456629785294086e+07,2.612637339990586042e+04,3.617456629785294086e+07,0.000000000000000000e+00,0.000000000000000000e+00,2.303074742336761057e+08,-3.027484743256501328e+32,-3.458681973342315560e+30,2.083189176623862433e+32,0.000000000000000000e+00,0.000000000000000000e+00,0.000000000000000000e+00,1.785327984863212184e+38,2.586593786669081168e+35,nan,nan,1.407937042417279154e+05
2.150000000000000000e+02,2.657424918888068976e+00,1.153275791244472222e+21,-1.201646525272233035e+01,1.307017719527713510e-11,0.000000000000000000e+00,3.624503164218107611e+07,2.612637339990586042e+04,3.624503164218107611e+07,0.000000000000000000e+00,0.000000000000000000e+00,2.307557721604752839e+08,-3.086819908884278682e+32,-3.287955515069382001e+30,2.184528378729427427e+32,0.000000000000000000e+00,0.000000000000000000e+00,0.000000000000000000e+00,1.780529158418510433e+38,2.568357709921608000e+35,nan,nan,1.410677618941248220e+05
2.155000000000000000e+02,2.611676200121888947e+00,1.134156582308749115e+21,-1.221571505264124902e+01,1.419540509371235014e-11,0.000000000000000000e+00,3.631563414865680784e+07,2.612637339990586042e+04,3.631563414865680784e+07,0.000000000000000000e+00,0.000000000000000000e+00,2.312049427078086138e+08,-3.149050512376056143e+32,-3.125982439387081998e+30,2.294582567329971983e+32,0.000000000000000000e+00,0.000000000000000000e+00,0.000000000000000000e+00,1.775767413754220902e+38,2.550334619706885474e+35,nan,nan,1.413423530050115660e+05
2.160000000000000000e+02,2.565283296808221092e+00,1.114732166497133396e+21,-1.240309542370569851e+01,1.546057839315524707e-11,0.000000000000000000e+00,3.638637408426889032e+07,2.612637339990586042e+04,3.638637408426889032e+07,0.000000000000000000e+00,0.000000000000000000e+00,2.316549875742486715e+08,-3.214328703666753886e+32,-2.973963518701522403e+30,2.414219023164698832e+32,0.000000000000000000e+00,0.000000000000000000e+00,0.000000000000000000e+00,1.771030056262334523e+38,2.532477864621757618e+35,nan,nan,1.416174786127753032e+05
2.165000000000000000e+02,2.518293154180911930e+00,1.095022387598991032e+21,-1.257716551887190448e+01,1.688608364309355763e-11,0.000000000000000000e+00,3.645725171652578562e+07,2.612637339990586042e+04,3.645725171652578562e+07,0.000000000000000000e+00,0.000000000000000000e+00,2.321059084616744816e+08,-3.282811871743498527e+32,-2.833246943923385089e+30,2.544396543443344280e+32,0.000000000000000000e+00,0.000000000000000000e+00,0.000000000000000000e+00,1.766316832880123883e+38,2.514785209424505221e+35,nan,nan,1.418931397578245087e+05
2.170000000000000000e+02,2.470758130091250226e+00,1.075049496700384182e+21,-1.273631172796560840e+01,1.849554579229787725e-11,0.000000000000000000e+00,3.652826731345666200e+07,2.612637339990586042e+04,3.652826731345666200e+07,0.000000000000000000e+00,0.000000000000000000e+00,2.325577070752775967e+08,-3.354661513221986481e+32,-2.705345932045174530e+30,2.686172731241515982e+32,0.000000000000000000e+00,0.000000000000000000e+00,0.000000000000000000e+00,1.761627495182440041e+38,2.497254456654390366e+35,nan,nan,1.421693374825927312e+05
2.175000000000000000e+02,2.422736638602773329e+00,1.054838440120088134e+21,-1.287872797836166150e+01,2.031632904236971079e-11,0.000000000000000000e+00,3.659942114361239970e+07,2.612637339990586042e+04,3.659942114361239970e+07,0.000000000000000000e+00,0.000000000000000000e+00,2.330103851235690713e+08,-3.430041622856427310e+32,-2.591957962808702098e+30,2.840710638670421201e+32,0.000000000000000000e+00,0.000000000000000000e+00,0.000000000000000000e+00,1.756961795394253938e+38,2.479883430592084074e+35,nan,nan,1.424460728315428423e+05
2.180000000000000000e+02,2.374293865130920445e+00,1.034417179620952506e+21,-1.300239455314989634e+01,2.238009255884392882e-11,0.000000000000000000e+00,3.667071347606663406e+07,2.612637339990586042e+04,3.667071347606663406e+07,0.000000000000000000e+00,0.000000000000000000e+00,2.334639443183852434e+08,-3.509116475677845503e+32,-2.494985564058526908e+30,3.009284108925587871e+32,0.000000000000000000e+00,0.000000000000000000e+00,0.000000000000000000e+00,1.752319491230513468e+38,2.462669994361629445e+35,nan,nan,1.427233468511704996e+05
2.185000000000000000e+02,2.325502557761004674e+00,1.013817047060579877e+21,-1.310505567608995214e+01,2.472339337298325416e-11,0.000000000000000000e+00,3.674214458041675389e+07,2.612637339990586042e+04,3.674214458041675389e+07,0.000000000000000000e+00,0.000000000000000000e+00,2.339183863748949468e+08,-3.592047641735983961e+32,-2.416558440764292777e+30,3.193280889846024636e+32,0.000000000000000000e+00,0.000000000000000000e+00,0.000000000000000000e+00,1.747700339973906412e+38,2.445612028126640311e+35,nan,nan,1.430011605900086579e+05
2.190000000000000000e+02,2.276443898118274856e+00,9.930731351066020413e+20,-1.318419630808235610e+01,2.738831940381323903e-11,0.000000000000000000e+00,3.681371472678492963e+07,2.612637339990586042e+04,3.681371472678492963e+07,0.000000000000000000e+00,0.000000000000000000e+00,2.343737130116053522e+08,-3.678990041768464814e+32,-2.359056562918365309e+30,3.394202232645635599e+32,0.000000000000000000e+00,0.000000000000000000e+00,0.000000000000000000e+00,1.743104104140778783e+38,2.428707449687236159e+35,nan,nan,1.432795150986310618e+05
2.195000000000000000e+02,2.227208453071328087e+00,9.722247247364515430e+20,-1.323701887266193467e+01,3.042312123691310488e-11,0.000000000000000000e+00,3.688542418581911176e+07,2.612637339990586042e+04,3.688542418581911176e+07,0.000000000000000000e+00,0.000000000000000000e+00,2.348299259503688216e+08,-3.770086816367450121e+32,-2.325133574648395410e+30,3.613657225580185906e+32,0.000000000000000000e+00,0.000000000000000000e+00,0.000000000000000000e+00,1.738530547521943574e+38,2.411954199758627989e+35,nan,nan,1.435584114296565240e+05
2.200000000000000000e+02,2.177897205311641660e+00,9.513157488302362460e+20,-1.326042100051764194e+01,3.388279026674780651e-11,0.000000000000000000e+00,3.695727322869407386e+07,2.612637339990586042e+04,3.695727322869407386e+07,0.000000000000000000e+00,0.000000000000000000e+00,2.352870269163893759e+08,-3.865462744254358648e+32,-2.317739539264274858e+30,3.853349526807041016e+32,0.000000000000000000e+00,0.000000000000000000e+00,0.000000000000000000e+00,1.733979439239578529e+38,2.395350256310367205e+35,nan,nan,1.438378506377527956e+05
2.205000000000000000e+02,2.128622656069696806e+00,9.303952890710426911e+20,-1.325097588065035481e+01,3.782950080832509745e-11,0.000000000000000000e+00,3.702926212711247802e+07,2.612637339990586042e+04,3.702926212711247802e+07,0.000000000000000000e+00,0.000000000000000000e+00,2.357450176382291019e+08,-3.965215910662131016e+32,-2.340141567728531570e+30,4.115053443902797160e+32,0.000000000000000000e+00,0.000000000000000000e+00,0.000000000000000000e+00,1.729438234275622045e+38,2.378847881705530844e+35,nan,nan,1.441178337796404376e+05
2.210000000000000000e+02,2.079509986413143885e+00,9.095181003714220524e+20,-1.320491745488170565e+01,4.233279235230414587e-11,0.000000000000000000e+00,3.710139115330579877e+07,2.612637339990586042e+04,3.710139115330579877e+07,0.000000000000000000e+00,0.000000000000000000e+00,2.362038998478148580e+08,-4.069407300586025147e+32,-2.395940264923017135e+30,4.400575465880820236e+32,0.000000000000000000e+00,0.000000000000000000e+00,0.000000000000000000e+00,1.724912222097881438e+38,2.362466012415175161e+35,nan,nan,1.443983619140971568e+05
2.215000000000000000e+02,2.030698254148187498e+00,8.887451528898546237e+20,-1.311813351610405576e+01,4.746931302595305943e-11,0.000000000000000000e+00,3.717366058003546298e+07,2.612637339990586042e+04,3.717366058003546298e+07,0.000000000000000000e+00,0.000000000000000000e+00,2.366636752804446816e+08,-4.178047983327675951e+32,-2.489079145280390882e+30,4.711696424466674872e+32,0.000000000000000000e+00,0.000000000000000000e+00,0.000000000000000000e+00,1.720403942662328829e+38,2.346213161507193796e+35,nan,nan,1.446794361019613862e+05
2.220000000000000000e+02,1.982341590673407650e+00,8.681441760996016783e+20,-1.298617078081750797e+01,5.332187539628433695e-11,0.000000000000000000e+00,3.724607068059380352e+07,2.612637339990586042e+04,3.724607068059380352e+07,0.000000000000000000e+00,0.000000000000000000e+00,2.371243456747943759e+08,-4.291083578575027854e+32,-2.623843202784781543e+30,5.050088535475258638e+32,0.000000000000000000e+00,0.000000000000000000e+00,0.000000000000000000e+00,1.715918054240059232e+38,2.330105584975333739e+35,nan,nan,1.449610574061366206e+05
2.225000000000000000e+02,1.934610345577957080e+00,8.477901820357594317e+20,-1.280425719076612801e+01,5.997749263769502382e-11,0.000000000000000000e+00,3.731862172880513221e+07,2.612637339990586042e+04,3.731862172880513221e+07,0.000000000000000000e+00,0.000000000000000000e+00,2.375859127729241252e+08,-4.408375770425159418e+32,-2.804841677895456801e+30,5.417200823539910909e+32,0.000000000000000000e+00,0.000000000000000000e+00,0.000000000000000000e+00,1.711454331180204379e+38,2.314141733569634582e+35,nan,nan,1.452432268915952591e+05
2.230000000000000000e+02,1.887692105817115440e+00,8.277659355370323968e+20,-1.256734800013799891e+01,6.752397386163930495e-11,0.000000000000000000e+00,3.739131399902677536e+07,2.612637339990586042e+04,3.739131399902677536e+07,0.000000000000000000e+00,0.000000000000000000e+00,2.380483783202850819e+08,-4.529680791213991278e+32,-3.036968794362328474e+30,5.814106163253343506e+32,0.000000000000000000e+00,0.000000000000000000e+00,0.000000000000000000e+00,1.707012547128911681e+38,2.298320058724208330e+35,nan,nan,1.455259456253826793e+05
2.235000000000000000e+02,1.841792490750337352e+00,8.081623279218623775e+20,-1.227020349448461722e+01,7.604457854064156113e-11,0.000000000000000000e+00,3.746414776615007967e+07,2.612637339990586042e+04,3.746414776615007967e+07,0.000000000000000000e+00,0.000000000000000000e+00,2.385117440657260120e+08,-4.654625065111540596e+32,-3.325334958734264843e+30,6.241303841811756268e+32,0.000000000000000000e+00,0.000000000000000000e+00,0.000000000000000000e+00,1.702592481060026860e+38,2.282639040668079961e+35,nan,nan,1.458092146766213991e+05
2.240000000000000000e+02,1.797135594651908086e+00,7.890785972836477174e+20,-1.190750722756576785e+01,8.561019232138263183e-11,0.000000000000000000e+00,3.753712330560149252e+07,2.612637339990586042e+04,3.753712330560149252e+07,0.000000000000000000e+00,0.000000000000000000e+00,2.389760117614997327e+08,-4.782678619123293178e+32,-3.675159843404293367e+30,6.698473821936302124e+32,0.000000000000000000e+00,0.000000000000000000e+00,0.000000000000000000e+00,1.698193916273168523e+38,2.267096915559782512e+35,nan,nan,1.460930351165148604e+05
2.245000000000000000e+02,1.753963916066571649e+00,7.706223241322163077e+20,-1.147403406874932585e+01,9.626854029674361757e-11,0.000000000000000000e+00,3.761024089334356785e+07,2.612637339990586042e+04,3.761024089334356785e+07,0.000000000000000000e+00,0.000000000000000000e+00,2.394411831632699072e+08,-4.913127469909268093e+32,-4.091618268709337227e+30,7.184183598450598009e+32,0.000000000000000000e+00,0.000000000000000000e+00,0.000000000000000000e+00,1.693816640358357458e+38,2.251691872973218884e+35,nan,nan,1.463774080183516780e+05
2.250000000000000000e+02,1.712537581820027466e+00,7.529091168645134418e+20,-1.096487656896948160e+01,1.080301704062835181e-10,0.000000000000000000e+00,3.768350080587604642e+07,2.612637339990586042e+04,3.768350080587604642e+07,0.000000000000000000e+00,0.000000000000000000e+00,2.399072600301176608e+08,-5.045046995270078162e+32,-4.579630387227838860e+30,7.695556607273519897e+32,0.000000000000000000e+00,0.000000000000000000e+00,0.000000000000000000e+00,1.689460440927834507e+38,2.236422139527064086e+35,nan,nan,1.466623344575096853e+05
2.255000000000000000e+02,1.673132648127923616e+00,7.360618899471243674e+20,-1.037573545544821840e+01,1.208514050739567499e-10,0.000000000000000000e+00,3.775690332023686916e+07,2.612637339990586042e+04,3.775690332023686916e+07,0.000000000000000000e+00,0.000000000000000000e+00,2.403742441245480776e+08,-5.177279277279485062e+32,-5.143590043964801430e+30,8.227923270093934526e+32,0.000000000000000000e+00,0.000000000000000000e+00,0.000000000000000000e+00,1.685125110546541743e+38,2.221285974407300311e+35,nan,nan,1.469478155114598339e+05
2.260000000000000000e+02,1.636038250333219146e+00,7.202096323887051571e+20,-9.703274650822452330e+00,1.346152508362490784e-10,0.000000000000000000e+00,3.783044871400322765e+07,2.612637339990586042e+04,3.783044871400322765e+07,0.000000000000000000e+00,0.000000000000000000e+00,2.408421372124972641e+08,-5.308418469996347215e+32,-5.787030119672717687e+30,8.774491949125256989e+32,0.000000000000000000e+00,0.000000000000000000e+00,0.000000000000000000e+00,1.680810442590034712e+38,2.206281653922178708e+35,nan,nan,1.472338522597706178e+05
2.265000000000000000e+02,1.601552387279126188e+00,7.054855699311744778e+20,-8.945532400369526016e+00,1.491123942738622221e-10,0.000000000000000000e+00,3.790413726529263705e+07,2.612637339990586042e+04,3.790413726529263705e+07,0.000000000000000000e+00,0.000000000000000000e+00,2.413109410633384585e+08,-5.436809209047476540e+32,-6.512231843252495384e+30,9.326095918559789965e+32,0.000000000000000000e+00,0.000000000000000000e+00,0.000000000000000000e+00,1.676516234273218269e+38,2.191407482630671165e+35,nan,nan,1.475204457841116819e+05
2.270000000000000000e+02,1.569976178756905316e+00,6.920246470049174651e+20,-8.102367683937311327e+00,1.640257884314624478e-10,0.000000000000000000e+00,3.797796925276396424e+07,2.612637339990586042e+04,3.797796925276396424e+07,0.000000000000000000e+00,0.000000000000000000e+00,2.417806574498891830e+08,-5.560563633911280582e+32,-7.319796729499994318e+30,9.871090257498200978e+32,0.000000000000000000e+00,0.000000000000000000e+00,0.000000000000000000e+00,1.672242282938749749e+38,2.176661779556797876e+35,nan,nan,1.478075971682583040e+05
2.275000000000000000e+02,1.541606536444723785e+00,6.799602990959628124e+20,-7.175905867899274426e+00,1.789236267154523194e-10,0.000000000000000000e+00,3.805194495561850071e+07,2.612637339990586042e+04,3.805194495561850071e+07,0.000000000000000000e+00,0.000000000000000000e+00,2.422512881484177113e+08,-5.677602322099711899e+32,-8.208214298262673794e+30,1.039548291793040590e+33,0.000000000000000000e+00,0.000000000000000000e+00,0.000000000000000000e+00,1.667988389813210780e+38,2.162042891469494483e+35,nan,nan,1.480953074980953243e+05
2.280000000000000000e+02,1.516727346472538818e+00,6.694205556393379103e+20,-6.170931778300429826e+00,1.932661438031086470e-10,0.000000000000000000e+00,3.812606465360099077e+07,2.612637339990586042e+04,3.812606465360099077e+07,0.000000000000000000e+00,0.000000000000000000e+00,2.427228349386499226e+08,-5.785722896704969694e+32,-9.173473999212088923e+30,1.088337850041794769e+33,0.000000000000000000e+00,0.000000000000000000e+00,0.000000000000000000e+00,1.663754358373590848e+38,2.147549186846319053e+35,nan,nan,1.483835778616213065e+05
2.285000000000000000e+02,1.495599470222331639e+00,6.605236058408048394e+20,-5.095166018321935830e+00,2.064309503719612761e-10,0.000000000000000000e+00,3.820032862700074166e+07,2.612637339990586042e+04,3.820032862700074166e+07,0.000000000000000000e+00,0.000000000000000000e+00,2.431952996037759185e+08,-5.882696958732139499e+32,-1.020878209740105840e+31,1.131778298353371380e+33,0.000000000000000000e+00,0.000000000000000000e+00,0.000000000000000000e+00,1.659539992937898905e+38,2.133179050829666584e+35,nan,nan,1.486724093489525549e+05
2.290000000000000000e+02,1.478450107546513292e+00,6.533730655149454787e+20,-3.959356651306720654e+00,2.177589009501323424e-10,0.000000000000000000e+00,3.827473715665260702e+07,2.612637339990586042e+04,3.827473715665260702e+07,0.000000000000000000e+00,0.000000000000000000e+00,2.436686839304568470e+08,-5.966391367936070666e+32,-1.130444869055690063e+31,1.168175878977041435e+33,0.000000000000000000e+00,0.000000000000000000e+00,0.000000000000000000e+00,1.655345101846130171e+38,2.118930894612853861e+35,nan,nan,1.489618030523273628e+05
2.295000000000000000e+02,1.465462292734251548e+00,6.480532842750355702e+20,-2.777128427355314511e+00,2.266177878594686616e-10,0.000000000000000000e+00,3.834929052393811941e+07,2.612637339990586042e+04,3.834929052393811941e+07,0.000000000000000000e+00,0.000000000000000000e+00,2.441429897088315487e+08,-6.034904376558265340e+32,-1.244800157504569812e+31,1.195983785373791955e+33,0.000000000000000000e+00,0.000000000000000000e+00,0.000000000000000000e+00,1.651169572407512760e+38,2.104803416153594469e+35,nan,nan,1.492517600661100587e+05
2.300000000000000000e+02,1.456765453397585564e+00,6.446251049046895493e+20,-1.564558233195279424e+00,2.324754096682574912e-10,0.000000000000000000e+00,3.842398901078652591e+07,2.612637339990586042e+04,3.842398901078652591e+07,0.000000000000000000e+00,0.000000000000000000e+00,2.446182187325235307e+08,-6.086701961445820691e+32,-1.362455957127397628e+31,1.213951443604350467e+33,0.000000000000000000e+00,0.000000000000000000e+00,0.000000000000000000e+00,1.647013073479613228e+38,2.090794894406138312e+35,nan,nan,1.495422814867951965e+05
2.305000000000000000e+02,1.452427999837045736e+00,6.431225054320349676e+20,-3.394863064704560229e-01,2.349687357157692236e-10,0.000000000000000000e+00,3.849883289967582375e+07,2.612637339990586042e+04,3.849883289967582375e+07,0.000000000000000000e+00,0.000000000000000000e+00,2.450943727986475229e+08,-6.120736539384994704e+32,-1.481745982638272648e+31,1.221257824512874706e+33,0.000000000000000000e+00,0.000000000000000000e+00,0.000000000000000000e+00,1.642875368798683856e+38,2.076903983982488376e+35,nan,nan,1.498333684130116599e+05
2.310000000000000000e+02,1.452452789458405169e+00,6.435505021616753213e+20,8.793799161209112647e-01,2.339542680292345910e-10,0.000000000000000000e+00,3.857382247363390028e+07,2.612637339990586042e+04,3.857382247363390028e+07,0.000000000000000000e+00,0.000000000000000000e+00,2.455714537078163624e+08,-6.136530553183310482e+32,-1.600908873041061475e+31,1.217604104745567833e+33,0.000000000000000000e+00,0.000000000000000000e+00,0.000000000000000000e+00,1.638755788543699431e+38,2.063127817674492444e+35,nan,nan,1.501250219455267943e+05
2.315000000000000000e+02,1.456776026123182577e+00,6.458845676500341228e+20,2.073471012661598056e+00,2.295277093349059107e-10,0.000000000000000000e+00,3.864895801623953879e+07,2.612637339990586042e+04,3.864895801623953879e+07,0.000000000000000000e+00,0.000000000000000000e+00,2.460494632641479373e+08,-6.134211785477505087e+32,-1.718182600073739472e+31,1.203247040986233269e+33,0.000000000000000000e+00,0.000000000000000000e+00,0.000000000000000000e+00,1.634650221814685249e+38,2.049451889652718774e+35,nan,nan,1.504172431872507441e+05
2.320000000000000000e+02,1.465269755011651576e+00,6.500716417598505615e+20,3.225347902032828618e+00,2.220082327948762157e-10,0.000000000000000000e+00,3.872423981162352115e+07,2.612637339990586042e+04,3.872423981162352115e+07,0.000000000000000000e+00,0.000000000000000000e+00,2.465284032752718031e+08,-6.114494959367264829e+32,-1.831898760580113639e+31,1.178966285951663200e+33,0.000000000000000000e+00,0.000000000000000000e+00,0.000000000000000000e+00,1.630563599474144851e+38,2.035892265608223185e+35,nan,nan,1.507100332432403520e+05
2.325000000000000000e+02,1.477747670632160171e+00,6.560326176756692419e+20,4.319562202469317214e+00,2.118915050545510759e-10,0.000000000000000000e+00,3.879966814446968585e+07,2.612637339990586042e+04,3.879966814446968585e+07,0.000000000000000000e+00,0.000000000000000000e+00,2.470082755523360372e+08,-6.078613313230307436e+32,-1.940565413789144306e+31,1.145972709873558509e+33,0.000000000000000000e+00,0.000000000000000000e+00,0.000000000000000000e+00,1.626495741258945836e+38,2.022447502692061357e+35,nan,nan,1.510033932207034959e+05
2.330000000000000000e+02,1.493973584380504205e+00,6.636660192196177428e+20,5.343292506080253190e+00,1.997829068557433056e-10,0.000000000000000000e+00,3.887524330001602322e+07,2.612637339990586042e+04,3.887524330001602322e+07,0.000000000000000000e+00,0.000000000000000000e+00,2.474890819100142121e+08,-6.028211822742554790e+32,-2.042929518371533295e+31,1.105776497635600350e+33,0.000000000000000000e+00,0.000000000000000000e+00,0.000000000000000000e+00,1.622446468833591798e+38,2.009116176980425001e+35,nan,nan,1.512973242290033086e+05
2.335000000000000000e+02,1.513671640740468005e+00,6.728524699381836022e+20,6.286708396297846058e+00,1.863255912509226140e-10,0.000000000000000000e+00,3.895096556405574083e+07,2.612637339990586042e+04,3.895096556405574083e+07,0.000000000000000000e+00,0.000000000000000000e+00,2.479708241665123105e+08,-5.965218693919405979e+32,-2.138014083428536438e+31,1.060039562023428884e+33,0.000000000000000000e+00,0.000000000000000000e+00,0.000000000000000000e+00,1.618415605774629263e+38,1.995896882438531043e+35,nan,nan,1.515918273796623107e+05
2.340000000000000000e+02,1.536537294872636128e+00,6.834595183860151747e+20,7.143061295327862936e+00,1.721366351106148718e-10,0.000000000000000000e+00,3.902683522293835133e+07,2.612637339990586042e+04,3.902683522293835133e+07,0.000000000000000000e+00,0.000000000000000000e+00,2.484535041435752809e+08,-5.891712672722062814e+32,-2.225129596583638027e+31,1.010435894630658238e+33,0.000000000000000000e+00,0.000000000000000000e+00,0.000000000000000000e+00,1.614402977550341705e+38,1.982788230871612681e+35,nan,nan,1.518869037863665726e+05
2.345000000000000000e+02,1.562248137462822095e+00,6.953464143111516324e+20,7.908540245807978764e+00,1.577599355602698510e-10,0.000000000000000000e+00,3.910285256357074529e+07,2.612637339990586042e+04,3.910285256357074529e+07,0.000000000000000000e+00,0.000000000000000000e+00,2.489371236664943099e+08,-5.809801156300437171e+32,-2.303863029550271657e+31,9.585373126334477907e+32,0.000000000000000000e+00,0.000000000000000000e+00,0.000000000000000000e+00,1.610408411496407630e+38,1.969788851341007624e+35,nan,nan,1.521825545649700507e+05
2.350000000000000000e+02,1.590473839739825479e+00,7.083685116430859633e+20,8.581954488111751544e+00,1.436389116413659708e-10,0.000000000000000000e+00,3.917901787341829389e+07,2.612637339990586042e+04,3.917901787341829389e+07,0.000000000000000000e+00,0.000000000000000000e+00,2.494216845641133189e+08,-5.721519366105945527e+32,-2.374050058167816000e+31,9.057335711819192232e+32,0.000000000000000000e+00,0.000000000000000000e+00,0.000000000000000000e+00,1.606431736796649758e+38,1.956897390230469710e+35,nan,nan,1.524787808334986039e+05
2.355000000000000000e+02,1.620884731836621073e+00,7.223810795833326305e+20,9.164312001908157868e+00,1.301074178442734522e-10,0.000000000000000000e+00,3.925533144050591439e+07,2.612637339990586042e+04,3.925533144050591439e+07,0.000000000000000000e+00,0.000000000000000000e+00,2.499071886688364744e+08,-5.628755550176349660e+32,-2.435736927466133263e+31,8.531878199711881080e+32,0.000000000000000000e+00,0.000000000000000000e+00,0.000000000000000000e+00,1.602472767055838540e+38,1.944112453463437983e+35,nan,nan,1.527755837121545628e+05
2.360000000000000000e+02,1.653158767744574709e+00,7.372424090321956372e+20,9.658357353543552293e+00,1.173945263387543553e-10,0.000000000000000000e+00,3.933179355341918766e+07,2.612637339990586042e+04,3.933179355341918766e+07,0.000000000000000000e+00,0.000000000000000000e+00,2.503936378166343570e+08,-5.533202580637238719e+32,-2.489137932216540522e+31,8.018226701742755728e+32,0.000000000000000000e+00,0.000000000000000000e+00,0.000000000000000000e+00,1.598531368710068902e+38,1.931432832190514368e+35,nan,nan,1.530729643233204843e+05
2.365000000000000000e+02,1.686986832766140143e+00,7.528161914424802673e+20,1.006811857037976665e+01,1.056379984574046586e-10,0.000000000000000000e+00,3.940840450130540133e+07,2.612637339990586042e+04,3.940840450130540133e+07,0.000000000000000000e+00,0.000000000000000000e+00,2.508810338470515907e+08,-5.436333078996804537e+32,-2.534593261244368632e+31,7.523292210487757881e+32,0.000000000000000000e+00,0.000000000000000000e+00,0.000000000000000000e+00,1.594607387837757957e+38,1.918857259690852466e+35,nan,nan,1.533709237915639242e+05
2.370000000000000000e+02,1.722076496738178530e+00,7.689732128852849459e+20,1.039849652043053752e+01,9.490178625896246187e-11,0.000000000000000000e+00,3.948516457387471199e+07,2.612637339990586042e+04,3.948516457387471199e+07,0.000000000000000000e+00,0.000000000000000000e+00,2.513693786032133698e+08,-5.339393456928201534e+32,-2.572530455452678723e+31,7.051908584519053197e+32,0.000000000000000000e+00,0.000000000000000000e+00,0.000000000000000000e+00,1.590700612534881592e+38,1.906384282660876995e+35,nan,nan,1.536694632436412794e+05
2.375000000000000000e+02,1.758154406585862084e+00,7.855924466866867405e+20,1.065491515217723517e+01,8.519409070506810142e-11,0.000000000000000000e+00,3.956207406140116602e+07,2.612637339990586042e+04,3.956207406140116602e+07,0.000000000000000000e+00,0.000000000000000000e+00,2.518586739318326116e+08,-5.243411758474278268e+32,-2.603431312872812379e+31,6.607146465947589980e+32,0.000000000000000000e+00,0.000000000000000000e+00,0.000000000000000000e+00,1.586810904737136664e+38,1.894012742878007087e+35,nan,nan,1.539685838085022406e+05
2.380000000000000000e+02,1.794967553320762743e+00,8.025616470140028191e+20,1.084303895241605531e+01,7.648380442746201124e-11,0.000000000000000000e+00,3.963913325472386181e+07,2.612637339990586042e+04,3.963913325472386181e+07,0.000000000000000000e+00,0.000000000000000000e+00,2.523489216832168400e+08,-5.149214533357069756e+32,-2.627804936060829303e+31,6.190648556775900880e+32,0.000000000000000000e+00,0.000000000000000000e+00,0.000000000000000000e+00,1.582938101150795005e+38,1.881741673649896796e+35,nan,nan,1.542682866172939830e+05
2.385000000000000000e+02,1.832283654117692118e+00,8.197775487986148311e+20,1.096855568569163530e+01,6.871426627651694833e-11,0.000000000000000000e+00,3.971634244524799287e+07,2.612637339990586042e+04,3.971634244524799287e+07,0.000000000000000000e+00,0.000000000000000000e+00,2.528401237112753093e+08,-5.057448769173110955e+32,-2.646166819594674525e+31,5.802949856402538400e+32,0.000000000000000000e+00,0.000000000000000000e+00,0.000000000000000000e+00,1.579082040258399183e+38,1.869570113088258802e+35,nan,nan,1.545685728033655323e+05
2.390000000000000000e+02,1.869890872484065936e+00,8.371457720461289062e+20,1.103701755902214465e+01,6.181403539609762116e-11,0.000000000000000000e+00,3.979370192494601011e+07,2.612637339990586042e+04,3.979370192494601011e+07,0.000000000000000000e+00,0.000000000000000000e+00,2.533322818735259175e+08,-4.968605860018405410e+32,-2.659023393082752925e+31,5.443762090569349717e+32,0.000000000000000000e+00,0.000000000000000000e+00,0.000000000000000000e+00,1.575242564359052071e+38,1.857497119603826169e+35,nan,nan,1.548694435022719554e+05
2.395000000000000000e+02,1.907597069559886949e+00,8.545805156691610173e+20,1.105373166550897679e+01,5.570486514542271645e-11,0.000000000000000000e+00,3.987121198635867983e+07,2.612637339990586042e+04,3.987121198635867983e+07,0.000000000000000000e+00,0.000000000000000000e+00,2.538253980311022103e+08,-4.883045496831764651e+32,-2.666861201431710065e+31,5.112213286112037277e+32,0.000000000000000000e+00,0.000000000000000000e+00,0.000000000000000000e+00,1.571419515192522829e+38,1.845521787140985537e+35,nan,nan,1.551708998517787550e+05
2.400000000000000000e+02,1.945228745134759629e+00,8.720041109792119849e+20,1.102369007863934591e+01,5.030728994211208946e-11,0.000000000000000000e+00,3.994887292259620875e+07,2.612637339990586042e+04,3.994887292259620875e+07,0.000000000000000000e+00,0.000000000000000000e+00,2.543194740487605929e+08,-4.801018131111163224e+32,-2.670139843595253266e+31,4.807041276075618754e+32,0.000000000000000000e+00,0.000000000000000000e+00,0.000000000000000000e+00,1.567612739362601286e+38,1.833643047997017082e+35,nan,nan,1.554729429918661190e+05
2.405000000000000000e+02,1.982629793129438101e+00,8.893464901612934267e+20,1.095153058170470928e+01,4.554431041133854479e-11,0.000000000000000000e+00,4.002668502733933181e+07,2.612637339990586042e+04,4.002668502733933181e+07,0.000000000000000000e+00,0.000000000000000000e+00,2.548145117948870957e+08,-4.722685255992524277e+32,-2.669287836972713287e+31,4.526744532345519119e+32,0.000000000000000000e+00,0.000000000000000000e+00,0.000000000000000000e+00,1.563822087061180057e+38,1.821859730613722311e+35,nan,nan,1.557755740647331113e+05
2.410000000000000000e+02,2.019660165907033011e+00,9.065446117061740462e+20,1.084152018551313112e+01,4.134364161320930358e-11,0.000000000000000000e+00,4.010464859484045953e+07,2.612637339990586042e+04,4.010464859484045953e+07,0.000000000000000000e+00,0.000000000000000000e+00,2.553105131415047348e+08,-4.648137174025337314e+32,-2.664700676193379362e+31,4.269695985645464716e+32,0.000000000000000000e+00,0.000000000000000000e+00,0.000000000000000000e+00,1.560042319564410603e+38,1.810154622247839128e+35,nan,nan,1.560787942148022703e+05
2.415000000000000000e+02,2.056194516100264824e+00,9.235418734602091233e+20,1.069755494949239250e+01,3.763892402922434074e-11,0.000000000000000000e+00,4.018276391992475837e+07,2.612637339990586042e+04,4.018276391992475837e+07,0.000000000000000000e+00,0.000000000000000000e+00,2.558074799642803073e+08,-4.577408205412320221e+32,-2.656740477518620001e+31,4.034226206637326863e+32,0.000000000000000000e+00,0.000000000000000000e+00,0.000000000000000000e+00,1.556277294915980542e+38,1.798539408648071167e+35,nan,nan,1.563826045887235960e+05
2.420000000000000000e+02,2.092120863892990457e+00,9.402875347871634555e+20,1.052317095706342087e+01,3.437021793083938677e-11,0.000000000000000000e+00,4.026103129799129069e+07,2.612637339990586042e+04,4.026103129799129069e+07,0.000000000000000000e+00,0.000000000000000000e+00,2.563054141425317824e+08,-4.510489465752477864e+32,-2.645736722257024534e+31,3.818682117632237015e+32,0.000000000000000000e+00,0.000000000000000000e+00,0.000000000000000000e+00,1.552527409197951486e+38,1.787014730067939418e+35,nan,nan,1.566870063353792648e+05
2.425000000000000000e+02,2.127339321526779514e+00,9.567361621770233446e+20,1.032156249068949627e+01,3.148402557526396004e-11,0.000000000000000000e+00,4.033945102501410991e+07,2.612637339990586042e+04,4.033945102501410991e+07,0.000000000000000000e+00,0.000000000000000000e+00,2.568043175592352152e+08,-4.447339438490947980e+32,-2.631987723002548865e+31,3.621466728146157766e+32,0.000000000000000000e+00,0.000000000000000000e+00,0.000000000000000000e+00,1.548792522199085907e+38,1.775579533553653371e+35,nan,nan,1.569920006058876752e+05
2.430000000000000000e+02,2.161760894594756621e+00,9.728471072168808284e+20,1.009560445867800560e+01,2.893302011490559339e-11,0.000000000000000000e+00,4.041802339754337072e+07,2.612637339990586042e+04,4.041802339754337072e+07,0.000000000000000000e+00,0.000000000000000000e+00,2.573041921010318100e+08,-4.387892609432907812e+32,-2.615762530303542819e+31,3.441064527673167769e+32,0.000000000000000000e+00,0.000000000000000000e+00,0.000000000000000000e+00,1.545072493924266326e+38,1.764232775637003211e+35,nan,nan,1.572975885536078131e+05
2.435000000000000000e+02,2.195306370733082879e+00,9.885840218537580298e+20,9.847876938994565066e+00,2.667560748424231539e-11,0.000000000000000000e+00,4.049674871270649880e+07,2.612637339990586042e+04,4.049674871270649880e+07,0.000000000000000000e+00,0.000000000000000000e+00,2.578050396582352817e+08,-4.332066438159190196e+32,-2.597303073649443156e+31,3.276056295878031061e+32,0.000000000000000000e+00,0.000000000000000000e+00,0.000000000000000000e+00,1.541367185228495489e+38,1.752973423934442395e+35,nan,nan,1.576037713341438503e+05
2.440000000000000000e+02,2.227905299950876827e+00,1.003914413034248077e+21,9.580690341152239498e+00,2.467540730387979759e-11,0.000000000000000000e+00,4.057562726820927858e+07,2.612637339990586042e+04,4.057562726820927858e+07,0.000000000000000000e+00,0.000000000000000000e+00,2.583068621248388588e+08,-4.279766928011861258e+32,-2.576826390667076121e+31,3.125126293261707801e+32,0.000000000000000000e+00,0.000000000000000000e+00,0.000000000000000000e+00,1.537676460112895839e+38,1.741800464268318171e+35,nan,nan,1.579105501053493062e+05
2.445000000000000000e+02,2.259495066458011792e+00,1.018809236840639496e+21,9.296110171189198468e+00,2.290070923041120678e-11,0.000000000000000000e+00,4.065465936233697832e+07,2.612637339990586042e+04,4.065465936233697832e+07,0.000000000000000000e+00,0.000000000000000000e+00,2.588096613985223770e+08,-4.230893032158837258e+32,-2.554526844365024027e+31,2.987064112273665596e+32,0.000000000000000000e+00,0.000000000000000000e+00,0.000000000000000000e+00,1.534000183410278648e+38,1.730712893351910400e+35,nan,nan,1.582179260273314430e+05
2.450000000000000000e+02,2.290020048961676213e+00,1.033242530940059779e+21,8.995980744528083051e+00,2.132394005749248419e-11,0.000000000000000000e+00,4.073384529395546764e+07,2.612637339990586042e+04,4.073384529395546764e+07,0.000000000000000000e+00,0.000000000000000000e+00,2.593134393806596398e+08,-4.185340104427536408e+32,-2.530578262633061687e+31,2.860762907857269367e+32,0.000000000000000000e+00,0.000000000000000000e+00,0.000000000000000000e+00,1.530338221601675373e+38,1.719709720457588334e+35,nan,nan,1.585259002624557470e+05
2.455000000000000000e+02,2.319430864609600018e+00,1.047191083347042238e+21,8.681947453092092815e+00,1.992116223071338049e-11,0.000000000000000000e+00,4.081318536251238734e+07,2.612637339990586042e+04,4.081318536251238734e+07,0.000000000000000000e+00,0.000000000000000000e+00,2.598181979763254523e+08,-4.143002574043604093e+32,-2.505135959360451770e+31,2.745215279661942151e+32,0.000000000000000000e+00,0.000000000000000000e+00,0.000000000000000000e+00,1.526700769161819483e+38,1.708820103996024703e+35,nan,nan,1.588344739753502654e+05
2.460000000000000000e+02,2.347683690750799634e+00,1.060634135034137281e+21,8.355477378968448221e+00,1.867161457472532521e-11,0.000000000000000000e+00,4.089267986803825200e+07,2.612637339990586042e+04,4.089267986803825200e+07,0.000000000000000000e+00,0.000000000000000000e+00,2.603239390943028331e+08,-4.103775995384911416e+32,-2.478338614555882608e+31,2.639507730687734754e+32,0.000000000000000000e+00,0.000000000000000000e+00,0.000000000000000000e+00,1.523088828418815490e+38,1.698046161255973078e+35,nan,nan,1.591436483329099137e+05
2.465000000000000000e+02,2.374739658228097738e+00,1.073553113705547039e+21,8.017878175756360193e+00,1.755729959346582942e-11,0.000000000000000000e+00,4.097232911114758998e+07,2.612637339990586042e+04,4.097232911114758998e+07,0.000000000000000000e+00,0.000000000000000000e+00,2.608306646470904648e+08,-4.067558598525990521e+32,-2.450310003458314764e+31,2.542814361995502780e+32,0.000000000000000000e+00,0.000000000000000000e+00,0.000000000000000000e+00,1.519491430784773020e+38,1.687355395526400655e+35,nan,nan,1.594534245043012197e+05
2.470000000000000000e+02,2.400564309834754884e+00,1.085931395997371597e+21,7.670315225339391141e+00,1.656261766447648408e-11,0.000000000000000000e+00,4.105213339304008335e+07,2.612637339990586042e+04,4.105213339304008335e+07,0.000000000000000000e+00,0.000000000000000000e+00,2.613383765509096384e+08,-4.034252444168733343e+32,-2.421160573205789625e+31,2.454390264073064543e+32,0.000000000000000000e+00,0.000000000000000000e+00,0.000000000000000000e+00,1.515908444250358125e+38,1.676747076334922395e+35,nan,nan,1.597638036609663395e+05
2.475000000000000000e+02,2.425127117731609605e+00,1.097754095427757277e+21,7.313827133696603866e+00,1.567404604829996328e-11,0.000000000000000000e+00,4.113209301550170779e+07,2.612637339990586042e+04,4.113209301550170779e+07,0.000000000000000000e+00,0.000000000000000000e+00,2.618470767257114649e+08,-4.003764267576400561e+32,-2.390988871259390464e+31,2.373564918192507929e+32,0.000000000000000000e+00,0.000000000000000000e+00,0.000000000000000000e+00,1.512339735398859063e+38,1.666220475145905326e+35,nan,nan,1.600747869766276272e+05
2.480000000000000000e+02,2.448401053938527028e+00,1.109007873549780517e+21,6.949339663277851464e+00,1.487985932923950096e-11,0.000000000000000000e+00,4.121220828090587258e+07,2.612637339990586042e+04,4.121220828090587258e+07,0.000000000000000000e+00,0.000000000000000000e+00,2.623567670951845646e+08,-3.976006080160354695e+32,-2.359882833288732816e+31,2.299735813669410188e+32,0.000000000000000000e+00,0.000000000000000000e+00,0.000000000000000000e+00,1.508785173697503291e+38,1.655774909161956134e+35,nan,nan,1.603863756272922619e+05
2.485000000000000000e+02,2.470362208419196737e+00,1.119680771930048037e+21,6.577678217974169073e+00,1.416988731141788335e-11,0.000000000000000000e+00,4.129247949221453816e+07,2.612637339990586042e+04,4.129247949221453816e+07,0.000000000000000000e+00,0.000000000000000000e+00,2.628674495867618322e+08,-3.950895584107445231e+32,-2.327920940235538205e+31,2.232362409686198725e+32,0.000000000000000000e+00,0.000000000000000000e+00,0.000000000000000000e+00,1.505244630514027479e+38,1.645409536508428222e+35,nan,nan,1.606985707912564394e+05
2.490000000000000000e+02,2.490989449726091820e+00,1.129762062766480556e+21,6.199579004650700220e+00,1.353530624989785518e-11,0.000000000000000000e+00,4.137290695297943056e+07,2.612637339990586042e+04,4.137290695297943056e+07,0.000000000000000000e+00,0.000000000000000000e+00,2.633791261316279769e+08,-3.928356444533434821e+32,-2.295173255243850832e+31,2.170960515665160115e+32,0.000000000000000000e+00,0.000000000000000000e+00,0.000000000000000000e+00,1.501717982358255313e+38,1.635123433506015447e+35,nan,nan,1.610113736491099407e+05
2.495000000000000000e+02,2.510264123632120814e+00,1.139242116155783250e+21,5.815698996094130990e+00,1.296845942177954670e-11,0.000000000000000000e+00,4.145349096734310687e+07,2.612637339990586042e+04,4.145349096734310687e+07,0.000000000000000000e+00,0.000000000000000000e+00,2.638917986647269428e+08,-3.908318454758136916e+32,-2.261702351416221830e+31,2.115097126194319312e+32,0.000000000000000000e+00,0.000000000000000000e+00,0.000000000000000000e+00,1.498205105332861643e+38,1.624915708292501021e+35,nan,nan,1.613247853837406437e+05
2.500000000000000000e+02,2.528169785627205179e+00,1.148112282215699186e+21,5.426624816583948352e+00,1.246270331801217094e-11,0.000000000000000000e+00,4.153423184004015476e+07,2.612637339990586042e+04,4.153423184004015476e+07,0.000000000000000000e+00,0.000000000000000000e+00,2.644054691247689128e+08,-3.890717623099009007e+32,-2.227564141168084088e+31,2.064385720745638729e+32,0.000000000000000000e+00,0.000000000000000000e+00,0.000000000000000000e+00,1.494705876911228612e+38,1.614785480454008249e+35,nan,nan,1.616388071803388884e+05
2.505000000000000000e+02,2.544691963589331696e+00,1.156364786453631074e+21,5.032880664913462532e+00,1.201227608623447339e-11,0.000000000000000000e+00,4.161512987639833987e+07,2.612637339990586042e+04,4.161512987639833987e+07,0.000000000000000000e+00,0.000000000000000000e+00,2.649201394542378783e+08,-3.875496203784856295e+32,-2.192808617480940344e+31,2.018482021512266857e+32,0.000000000000000000e+00,0.000000000000000000e+00,0.000000000000000000e+00,1.491220176958478716e+38,1.604731883460303707e+35,nan,nan,1.619534402264020173e+05
2.510000000000000000e+02,2.559817947343431488e+00,1.163992636948310917e+21,4.634935381807296473e+00,1.161218522989703978e-11,0.000000000000000000e+00,4.169618538233976066e+07,2.612637339990586042e+04,4.169618538233976066e+07,0.000000000000000000e+00,0.000000000000000000e+00,2.654358115993988812e+08,-3.862602689951618104e+32,-2.157480516720578247e+31,1.977080192122513023e+32,0.000000000000000000e+00,0.000000000000000000e+00,0.000000000000000000e+00,1.487747884600305552e+38,1.594754055210596862e+35,nan,nan,1.622686857117388281e+05
2.515000000000000000e+02,2.573536602194286704e+00,1.170989542073260966e+21,4.233208760158471584e+00,1.125811194000790609e-11,0.000000000000000000e+00,4.177739866438197345e+07,2.612637339990586042e+04,4.177739866438197345e+07,0.000000000000000000e+00,0.000000000000000000e+00,2.659524875103054643e+08,-3.851991782987163616e+32,-2.121619911973601743e+31,1.939909453913733748e+32,0.000000000000000000e+00,0.000000000000000000e+00,0.000000000000000000e+00,1.484286399765774430e+38,1.584843898715313457e+35,nan,nan,1.625845448284742306e+05
2.520000000000000000e+02,2.585838203860653994e+00,1.177349837639295304e+21,3.828077187909415091e+00,1.094632978655757607e-11,0.000000000000000000e+00,4.185877002963919193e+07,2.612637339990586042e+04,4.185877002963919193e+07,0.000000000000000000e+00,0.000000000000000000e+00,2.664701691408069432e+08,-3.843624349565490815e+32,-2.085262745121018907e+31,1.906731093517880950e+32,0.000000000000000000e+00,0.000000000000000000e+00,0.000000000000000000e+00,1.480842222878842941e+38,1.575018987659703653e+35,nan,nan,1.629010187710534665e+05
2.525000000000000000e+02,2.596714292547370295e+00,1.183068422468427317e+21,3.419878705095726001e+00,1.067363581872941495e-11,0.000000000000000000e+00,4.194029978582345694e+07,2.612637339990586042e+04,4.194029978582345694e+07,0.000000000000000000e+00,0.000000000000000000e+00,2.669888584485558569e+08,-3.837467375407194736e+32,-2.048441305149085992e+31,1.877335834743651312e+32,0.000000000000000000e+00,0.000000000000000000e+00,0.000000000000000000e+00,1.477416308950989851e+38,1.565279628885462148e+35,nan,nan,1.632181087362469116e+05
2.530000000000000000e+02,2.606157544172249541e+00,1.188140701533955424e+21,3.008917548788057950e+00,1.043729241330969554e-11,0.000000000000000000e+00,4.202198824124571681e+07,2.612637339990586042e+04,4.202198824124571681e+07,0.000000000000000000e+00,0.000000000000000000e+00,2.675085573950152993e+08,-3.833493923003529245e+32,-2.011184659519158023e+31,1.851541548437197147e+32,0.000000000000000000e+00,0.000000000000000000e+00,0.000000000000000000e+00,1.474003287721599694e+38,1.555612348974216321e+35,nan,nan,1.635358159231544123e+05
2.535000000000000000e+02,2.614161657017097795e+00,1.192562535912135983e+21,2.595468252537949994e+00,1.023497846940126074e-11,0.000000000000000000e+00,4.210383570481711626e+07,2.612637339990586042e+04,4.210383570481711626e+07,0.000000000000000000e+00,0.000000000000000000e+00,2.680292679454664588e+08,-3.831683099148864931e+32,-1.973519044794360310e+31,1.829191275668727539e+32,0.000000000000000000e+00,0.000000000000000000e+00,0.000000000000000000e+00,1.470603046757692492e+38,1.546016345121401776e+35,nan,nan,1.638541415332098550e+05
2.540000000000000000e+02,2.620721252299907267e+00,1.196330198890785538e+21,2.179779360525290421e+00,1.006474877661676086e-11,0.000000000000000000e+00,4.218584248605006188e+07,2.612637339990586042e+04,4.218584248605006188e+07,0.000000000000000000e+00,0.000000000000000000e+00,2.685509920690159798e+08,-3.832020037062836134e+32,-1.935468222159712779e+31,1.810151541881354754e+32,0.000000000000000000e+00,0.000000000000000000e+00,0.000000000000000000e+00,1.467215475320392097e+38,1.536490797291560218e+35,nan,nan,1.641730867701858806e+05
2.545000000000000000e+02,2.625831787370835002e+00,1.199440337670579421e+21,1.762076810943354221e+00,9.925000586412168388e-12,0.000000000000000000e+00,4.226800889505946636e+07,2.612637339990586042e+04,4.226800889505946636e+07,0.000000000000000000e+00,0.000000000000000000e+00,2.690737317386034131e+08,-3.834495897086028915e+32,-1.897053802977805708e+31,1.794310942317687314e+32,0.000000000000000000e+00,0.000000000000000000e+00,0.000000000000000000e+00,1.463840461482927693e+38,1.527035073686235062e+35,nan,nan,1.644926528401981632e+05
2.550000000000000000e+02,2.629489480420725389e+00,1.201889940176892068e+21,1.342567038241448740e+00,9.814446595650977674e-12,0.000000000000000000e+00,4.235033524256382883e+07,2.612637339990586042e+04,4.235033524256382883e+07,0.000000000000000000e+00,0.000000000000000000e+00,2.695974889310084581e+08,-3.839107889351469073e+32,-1.858295549095593593e+31,1.781578981956096640e+32,0.000000000000000000e+00,0.000000000000000000e+00,0.000000000000000000e+00,1.460477892613452516e+38,1.517648632297234007e+35,nan,nan,1.648128409517100372e+05
2.555000000000000000e+02,2.631691245760266806e+00,1.203676306574913044e+21,9.214398396597361929e-01,9.732093711586755149e-12,0.000000000000000000e+00,4.243282183988654613e+07,2.612637339990586042e+04,4.243282183988654613e+07,0.000000000000000000e+00,0.000000000000000000e+00,2.701222656268591285e+08,-3.845859321428514611e+32,-1.819211652259145039e+31,1.771885156248992009e+32,0.000000000000000000e+00,0.000000000000000000e+00,0.000000000000000000e+00,1.457127658148061273e+38,1.508330919426317337e+35,nan,nan,1.651336523155374452e+05
2.560000000000000000e+02,2.632434638883100142e+00,1.204797025149637100e+21,4.988710480144113446e-01,9.677227111962441556e-12,0.000000000000000000e+00,4.251546899895694107e+07,2.612637339990586042e+04,4.251546899895694107e+07,0.000000000000000000e+00,0.000000000000000000e+00,2.706480638106382489e+08,-3.854759673674083504e+32,-1.779818996701384850e+31,1.765178262110216573e+32,0.000000000000000000e+00,0.000000000000000000e+00,0.000000000000000000e+00,1.453789648956806021e+38,1.499081389807798631e+35,nan,nan,1.654550881448528380e+05
2.565000000000000000e+02,2.631717810669704338e+00,1.205249952276241187e+21,7.502504990205514923e-02,9.649399246549045329e-12,0.000000000000000000e+00,4.259827703231155127e+07,2.612637339990586042e+04,4.259827703231155127e+07,0.000000000000000000e+00,0.000000000000000000e+00,2.711748854706918001e+08,-3.865824704883795674e+32,-1.740133408742239765e+31,1.761425931830694459e+32,0.000000000000000000e+00,0.000000000000000000e+00,0.000000000000000000e+00,1.450463756881532514e+38,1.489899517722810629e+35,nan,nan,1.657771496551903547e+05
2.570000000000000000e+02,2.629539470223117625e+00,1.205033196266395271e+21,-3.499428136286811819e-01,9.648423550832910926e-12,0.000000000000000000e+00,4.268124625309526920e+07,2.612637339990586042e+04,4.268124625309526920e+07,0.000000000000000000e+00,0.000000000000000000e+00,2.717027325992360711e+08,-3.879076590792374252e+32,-1.700169897080228377e+31,1.760614385918228986e+32,0.000000000000000000e+00,0.000000000000000000e+00,0.000000000000000000e+00,1.447149875513816036e+38,1.480784739468074450e+35,nan,nan,1.660998380644501594e+05
2.575000000000000000e+02,2.625898855954873490e+00,1.204145104933287625e+21,-7.758839283533149889e-01,9.674372762351219857e-12,0.000000000000000000e+00,4.276437697506251931e+07,2.612637339990586042e+04,4.276437697506251931e+07,0.000000000000000000e+00,0.000000000000000000e+00,2.722316071923651695e+08,-3.894544098013376712e+32,-1.659942887359969394e+31,1.762748404286166115e+32,0.000000000000000000e+00,0.000000000000000000e+00,0.000000000000000000e+00,1.443881715097558006e+38,1.471826769714299721e+35,nan,nan,1.664231545929030399e+05
2.580000000000000000e+02,2.620795714662184750e+00,1.202584256773551555e+21,-1.202654135319467077e+00,9.727581849078987595e-12,0.000000000000000000e+00,4.284766951257846504e+07,2.612637339990586042e+04,4.284766951257846504e+07,0.000000000000000000e+00,0.000000000000000000e+00,2.727615112500585914e+08,-3.912262796120355116e+32,-1.619466454571963735e+31,1.767851518799494164e+32,0.000000000000000000e+00,0.000000000000000000e+00,0.000000000000000000e+00,1.440625994549181192e+38,1.462935155552244637e+35,nan,nan,1.667471004631950345e+05
2.585000000000000000e+02,2.614230288457720874e+00,1.200349455718965576e+21,-1.630111471834783110e+00,9.808655681172127550e-12,0.000000000000000000e+00,4.293112418062018603e+07,2.612637339990586042e+04,4.293112418062018603e+07,0.000000000000000000e+00,0.000000000000000000e+00,2.732924467761890292e+08,-3.932275310745150220e+32,-1.578754556881929034e+31,1.775966433983697467e+32,0.000000000000000000e+00,0.000000000000000000e+00,0.000000000000000000e+00,1.437371761217252809e+38,1.454079312787197816e+35,nan,nan,1.670716769003522058e+05
2.590000000000000000e+02,2.606203309533628776e+00,1.197439729465769066e+21,-2.058113889821455711e+00,9.918481706462920991e-12,0.000000000000000000e+00,4.301474129477784783e+07,2.612637339990586042e+04,4.301474129477784783e+07,0.000000000000000000e+00,0.000000000000000000e+00,2.738244157785295844e+08,-3.954631620795613564e+32,-1.537821274600416431e+31,1.787155686782312969e+32,0.000000000000000000e+00,0.000000000000000000e+00,0.000000000000000000e+00,1.434111145187184802e+38,1.445237459884691326e+35,nan,nan,1.673968851317850640e+05
2.595000000000000000e+02,2.596716002864079442e+00,1.193854331445837038e+21,-2.486516915098587521e+00,1.005824803105206004e-11,0.000000000000000000e+00,4.309852117125596106e+07,2.612637339990586042e+04,4.309852117125596106e+07,0.000000000000000000e+00,0.000000000000000000e+00,2.743574202687615156e+08,-3.979389403167394849e+32,-1.496681058194910077e+31,1.801502560698810090e+32,0.000000000000000000e+00,0.000000000000000000e+00,0.000000000000000000e+00,1.430861987370408853e+38,1.436458913121700358e+35,nan,nan,1.677227263872932817e+05
2.600000000000000000e+02,2.585770097078304630e+00,1.189592746562966782e+21,-2.915171209109686856e+00,1.022946746448469607e-11,0.000000000000000000e+00,4.318246412687450647e+07,2.612637339990586042e+04,4.318246412687450647e+07,0.000000000000000000e+00,0.000000000000000000e+00,2.748914622624818683e+08,-4.006614428634781028e+32,-1.455348989523344015e+31,1.819112274576938754e+32,0.000000000000000000e+00,0.000000000000000000e+00,0.000000000000000000e+00,1.427624191083573664e+38,1.427743010534557237e+35,nan,nan,1.680492018990703800e+05
2.605000000000000000e+02,2.573367843871333438e+00,1.184654700880402842e+21,-3.343919991715446738e+00,1.043400827059327213e-11,0.000000000000000000e+00,4.326657047907016426e+07,2.612637339990586042e+04,4.326657047907016426e+07,0.000000000000000000e+00,0.000000000000000000e+00,2.754265437792113423e+08,-4.036381012946148746e+32,-1.413841060839550076e+31,1.840113471776998410e+32,0.000000000000000000e+00,0.000000000000000000e+00,0.000000000000000000e+00,1.424397660563767600e+38,1.419089097667380020e+35,nan,nan,1.683763129017084721e+05
2.610000000000000000e+02,2.559512046465740820e+00,1.179040175513939608e+21,-3.772596279824002252e+00,1.067413257761372327e-11,0.000000000000000000e+00,4.335084054589751363e+07,2.612637339990586042e+04,4.335084054589751363e+07,0.000000000000000000e+00,0.000000000000000000e+00,2.759626668424012661e+08,-4.068772527509961857e+32,-1.372174476599741865e+31,1.864660041728152072e+32,0.000000000000000000e+00,0.000000000000000000e+00,0.000000000000000000e+00,1.421182300382910488e+38,1.410496525872403328e+35,nan,nan,1.687040606322026288e+05
2.615000000000000000e+02,2.544206097797829802e+00,1.172749425060023763e+21,-4.201019891708564380e+00,1.095254365370029532e-11,0.000000000000000000e+00,4.343527464603023231e+07,2.612637339990586042e+04,4.343527464603023231e+07,0.000000000000000000e+00,0.000000000000000000e+00,2.764998334794419408e+08,-4.103881974424856228e+32,-1.330367983699943971e+31,1.892933312933468725e+32,0.000000000000000000e+00,0.000000000000000000e+00,0.000000000000000000e+00,1.417983986028972580e+38,1.401980187397275573e+35,nan,nan,1.690324463299559429e+05
2.620000000000000000e+02,2.527454029279809333e+00,1.165783000972098011e+21,-4.628994160711692452e+00,1.127244355759706465e-11,0.000000000000000000e+00,4.351987309876230359e+07,2.612637339990586042e+04,4.351987309876230359e+07,0.000000000000000000e+00,0.000000000000000000e+00,2.770380457216699123e+08,-4.141812630964000207e+32,-1.288442236515958940e+31,1.925144664652532032e+32,0.000000000000000000e+00,0.000000000000000000e+00,0.000000000000000000e+00,1.414831478655482188e+38,1.393613973094373248e+35,nan,nan,1.693614712367839238e+05
2.625000000000000000e+02,2.509260571189952493e+00,1.158141780393028616e+21,-5.056302294467922565e+00,1.163760304271625844e-11,0.000000000000000000e+00,4.360463622400922328e+07,2.612637339990586042e+04,4.360463622400922328e+07,0.000000000000000000e+00,0.000000000000000000e+00,2.775773056043757796e+08,-4.182678768945456684e+32,-1.246420204022956974e+31,1.961538613888361683e+32,0.000000000000000000e+00,0.000000000000000000e+00,0.000000000000000000e+00,1.411690393186814366e+38,1.385307583808739525e+35,nan,nan,1.696911365969193284e+05
2.630000000000000000e+02,2.489631225970594386e+00,1.149827001059273998e+21,-5.482703306563143641e+00,1.205244604331047865e-11,0.000000000000000000e+00,4.368956434230919927e+07,2.612637339990586042e+04,4.368956434230919927e+07,0.000000000000000000e+00,0.000000000000000000e+00,2.781176151668118238e+08,-4.226606454672251628e+32,-1.204327627368515515e+31,2.002396445189127303e+32,0.000000000000000000e+00,0.000000000000000000e+00,0.000000000000000000e+00,1.408560634690220418e+38,1.377060416223305871e+35,nan,nan,1.700214436570167891e+05
2.635000000000000000e+02,2.468572355974973931e+00,1.140840303016274166e+21,-5.907927436415555178e+00,1.252215162511703923e-11,0.000000000000000000e+00,4.377465777482440323e+07,2.612637339990586042e+04,4.377465777482440323e+07,0.000000000000000000e+00,0.000000000000000000e+00,2.786589764521999955e+08,-4.273734435260684493e+32,-1.162193537594083762e+31,2.048040463393974173e+32,0.000000000000000000e+00,0.000000000000000000e+00,0.000000000000000000e+00,1.405430851564091589e+38,1.368841929309373099e+35,nan,nan,1.703523936661577318e+05
2.640000000000000000e+02,2.446091287505292922e+00,1.131183778027662344e+21,-6.331670959782734087e+00,1.305277696641895183e-11,0.000000000000000000e+00,4.385991684334211051e+07,2.612637339990586042e+04,4.385991684334211051e+07,0.000000000000000000e+00,0.000000000000000000e+00,2.792013915077389479e+08,-4.324215117126771312e+32,-1.120050844784618598e+31,2.098838964081018279e+32,0.000000000000000000e+00,0.000000000000000000e+00,0.000000000000000000e+00,1.402286354250933222e+38,1.360613185049154897e+35,nan,nan,1.706839878758546547e+05
2.645000000000000000e+02,2.422196433333880350e+00,1.120860027727148745e+21,-6.753590276288234051e+00,1.365140578216442361e-11,0.000000000000000000e+00,4.394534187027598917e+07,2.612637339990586042e+04,4.394534187027598917e+07,0.000000000000000000e+00,0.000000000000000000e+00,2.797448623846127987e+08,-4.378215642076959355e+32,-1.077937011820897327e+31,2.155212033401501410e+32,0.000000000000000000e+00,0.000000000000000000e+00,0.000000000000000000e+00,1.399152337936858702e+38,1.352441719938267517e+35,nan,nan,1.710162275400564831e+05
2.650000000000000000e+02,2.396897436306536289e+00,1.109872231755810341e+21,-7.173295141272507891e+00,1.432632765508773618e-11,0.000000000000000000e+00,4.403093317866730690e+07,2.612637339990586042e+04,4.403093317866730690e+07,0.000000000000000000e+00,0.000000000000000000e+00,2.802893911379979849e+08,-4.435919065723367113e+32,-1.035894828167679103e+31,2.217638308489913021e+32,0.000000000000000000e+00,0.000000000000000000e+00,0.000000000000000000e+00,1.396028713122432798e+38,1.344327133779179346e+35,nan,nan,1.713491139151527896e+05
2.655000000000000000e+02,2.370205337102813559e+00,1.098224227354278625e+21,-7.590340886595270398e+00,1.508725504520834632e-11,0.000000000000000000e+00,4.411669109218609333e+07,2.612637339990586042e+04,4.411669109218609333e+07,0.000000000000000000e+00,0.000000000000000000e+00,2.808349798270714879e+08,-4.497525641642006543e+32,-9.939733018156768692e+30,2.286662851972093638e+32,0.000000000000000000e+00,0.000000000000000000e+00,0.000000000000000000e+00,1.392929434148101978e+38,1.336304527648267086e+35,nan,nan,1.716826482599787414e+05
2.660000000000000000e+02,2.342132769784976976e+00,1.085920602145065140e+21,-8.004219448175517115e+00,1.594558637629101532e-11,0.000000000000000000e+00,4.420261593513243645e+07,2.612637339990586042e+04,4.420261593513243645e+07,0.000000000000000000e+00,0.000000000000000000e+00,2.813816305150185227e+08,-4.563254212575672709e+32,-9.522286906762519150e+30,2.362906319410715139e+32,0.000000000000000000e+00,0.000000000000000000e+00,0.000000000000000000e+00,1.389871489954306499e+38,1.328415979081993715e+35,nan,nan,1.720168318358198740e+05
2.665000000000000000e+02,2.312694189420332780e+00,1.072966802152059699e+21,-8.414348986425531862e+00,1.691472562269245332e-11,0.000000000000000000e+00,4.428870803243768215e+07,2.612637339990586042e+04,4.428870803243768215e+07,0.000000000000000000e+00,0.000000000000000000e+00,2.819293452690402269e+08,-4.633343706725196935e+32,-9.107256984821136019e+30,2.447075626815440883e+32,0.000000000000000000e+00,0.000000000000000000e+00,0.000000000000000000e+00,1.386824183908444520e+38,1.320583214107226483e+35,nan,nan,1.723516659064168052e+05
2.670000000000000000e+02,2.281906136827225318e+00,1.059369257470145200e+21,-8.820061848664094484e+00,1.801047133646260127e-11,0.000000000000000000e+00,4.437496770966566354e+07,2.612637339990586042e+04,4.437496770966566354e+07,0.000000000000000000e+00,0.000000000000000000e+00,2.824781261603618264e+08,-4.708054732328920600e+32,-8.695388646566458629e+30,2.539976356280096717e+32,0.000000000000000000e+00,0.000000000000000000e+00,0.000000000000000000e+00,1.383787432073949193e+38,1.312805665648962589e+35,nan,nan,1.726871517379702127e+05
2.675000000000000000e+02,2.249787546392178594e+00,1.045135528426979197e+21,-9.220590579451872770e+00,1.925149117367007156e-11,0.000000000000000000e+00,4.446139529301390797e+07,2.612637339990586042e+04,4.446139529301390797e+07,0.000000000000000000e+00,0.000000000000000000e+00,2.830279752642399073e+08,-4.787671256696138559e+32,-8.287541827596171139e+30,2.642527170546721841e+32,0.000000000000000000e+00,0.000000000000000000e+00,0.000000000000000000e+00,1.380759714002303734e+38,1.305079032328403547e+35,nan,nan,1.730232905991451698e+05
2.680000000000000000e+02,2.216360103955020033e+00,1.030274475581336977e+21,-9.615051635057854540e+00,2.065990182781117360e-11,0.000000000000000000e+00,4.454799110931491852e+07,2.612637339990586042e+04,4.454799110931491852e+07,0.000000000000000000e+00,0.000000000000000000e+00,2.835788946599708796e+08,-4.872502345816820396e+32,-7.884709880684365810e+30,2.755776540142711247e+32,0.000000000000000000e+00,0.000000000000000000e+00,0.000000000000000000e+00,1.377720339227892596e+38,1.297349420913314960e+35,nan,nan,1.733600837610765011e+05
2.685000000000000000e+02,2.181648662982278886e+00,1.014796457488602890e+21,-1.000242640167336639e+01,2.226197899493382031e-11,0.000000000000000000e+00,4.463475548603738099e+07,2.612637339990586042e+04,4.463475548603738099e+07,0.000000000000000000e+00,0.000000000000000000e+00,2.841308864308983684e+08,-4.962883926511373677e+32,-7.488041616557578307e+30,2.880922116647346611e+32,0.000000000000000000e+00,0.000000000000000000e+00,0.000000000000000000e+00,1.374672465970576238e+38,1.289625415790107956e+35,nan,nan,1.736975324973731767e+05
2.690000000000000000e+02,2.145681728668638044e+00,9.987135608448184484e+20,-1.038153905376589314e+01,2.408902771606436962e-11,0.000000000000000000e+00,4.472168875128736347e+07,2.612637339990586042e+04,4.472168875128736347e+07,0.000000000000000000e+00,0.000000000000000000e+00,2.846839526644213200e+08,-5.059180513322648056e+32,-7.098867059669030362e+30,3.019333107462945355e+32,0.000000000000000000e+00,0.000000000000000000e+00,0.000000000000000000e+00,1.371642261173906790e+38,1.281973742070227898e+35,nan,nan,1.740356380841232894e+05
2.695000000000000000e+02,2.108492021241333614e+00,9.820398684058486047e+20,-1.075103072020607975e+01,2.617845027572197838e-11,0.000000000000000000e+00,4.480879123380964994e+07,2.612637339990586042e+04,4.480879123380964994e+07,0.000000000000000000e+00,0.000000000000000000e+00,2.852380954520017505e+08,-5.161786814997097747e+32,-6.718727552789273876e+30,3.172576012788711321e+32,0.000000000000000000e+00,0.000000000000000000e+00,0.000000000000000000e+00,1.368662551065322290e+38,1.274474459006707283e+35,nan,nan,1.743744017998988566e+05
2.700000000000000000e+02,2.070117131606658667e+00,9.647917709746982093e+20,-1.110932935406760969e+01,2.857505681028467521e-11,0.000000000000000000e+00,4.489606326298892498e+07,2.612637339990586042e+04,4.489606326298892498e+07,0.000000000000000000e+00,0.000000000000000000e+00,2.857933168891729712e+08,-5.271129097805635824e+32,-6.349410932684357641e+30,3.342444060977189421e+32,0.000000000000000000e+00,0.000000000000000000e+00,0.000000000000000000e+00,1.365692856163350354e+38,1.267026857788355401e+35,nan,nan,1.747138249257607677e+05
2.705000000000000000e+02,2.030600284572158021e+00,9.469883307589702779e+20,-1.145461463222489407e+01,3.133267275712125281e-11,0.000000000000000000e+00,4.498350516885101795e+07,2.612637339990586042e+04,4.498350516885101795e+07,0.000000000000000000e+00,0.000000000000000000e+00,2.863496190755470991e+08,-5.387666131628359817e+32,-5.992992586910355534e+30,3.530990603324809205e+32,0.000000000000000000e+00,0.000000000000000000e+00,0.000000000000000000e+00,1.362733097706496122e+38,1.259630413762507062e+35,nan,nan,1.750539087452633539e+05
2.710000000000000000e+02,1.989991227181188593e+00,9.286517045125825167e+20,-1.178477715174601137e+01,3.451610678824370423e-11,0.000000000000000000e+00,4.507111728206413239e+07,2.612637339990586042e+04,4.507111728206413239e+07,0.000000000000000000e+00,0.000000000000000000e+00,2.869070041148232222e+08,-5.511889475125226231e+32,-5.651883279185522415e+30,3.740566571823330105e+32,0.000000000000000000e+00,0.000000000000000000e+00,0.000000000000000000e+00,1.359783198487564229e+38,1.252284609793112893e+35,nan,nan,1.753946545444595395e+05
2.715000000000000000e+02,1.948347262148386827e+00,9.098076360638357832e+20,-1.209737115610701430e+01,3.820355186053733243e-11,0.000000000000000000e+00,4.515889993394017220e+07,2.612637339990586042e+04,4.515889993394017220e+07,0.000000000000000000e+00,0.000000000000000000e+00,2.874654741147952676e+08,-5.644322762611531923e+32,-5.328884681627706127e+30,3.973861815566625733e+32,0.000000000000000000e+00,0.000000000000000000e+00,0.000000000000000000e+00,1.356839704651862997e+38,1.244980393509149969e+35,nan,nan,1.757360636119054398e+05
2.720000000000000000e+02,1.905734448862810959e+00,8.904860290390350889e+20,-1.238956003880407231e+01,4.248949838373849646e-11,0.000000000000000000e+00,4.524685345643591136e+07,2.612637339990586042e+04,4.524685345643591136e+07,0.000000000000000000e+00,0.000000000000000000e+00,2.880250311873601675e+08,-5.785519530157825142e+32,-5.027253549911535219e+30,4.233949642252222189e+32,0.000000000000000000e+00,0.000000000000000000e+00,0.000000000000000000e+00,1.353874680235898510e+38,1.237647274300407471e+35,nan,nan,1.760781372386655421e+05
2.725000000000000000e+02,1.862228996708958917e+00,8.707216117137868063e+20,-1.265805397161075163e+01,4.748823841820072633e-11,0.000000000000000000e+00,4.533497818215430528e+07,2.612637339990586042e+04,4.533497818215430528e+07,0.000000000000000000e+00,0.000000000000000000e+00,2.885856774485256672e+08,-5.936058953114967936e+32,-4.750775380383096522e+30,4.524333096765808357e+32,0.000000000000000000e+00,0.000000000000000000e+00,0.000000000000000000e+00,1.350935029738770201e+38,1.230400973786881393e+35,nan,nan,1.764208767183173040e+05
2.730000000000000000e+02,1.817918877170650704e+00,8.505547067873574257e+20,-1.289903924549944669e+01,5.333802657102857250e-11,0.000000000000000000e+00,4.542327444434572011e+07,2.612637339990586042e+04,4.542327444434572011e+07,0.000000000000000000e+00,0.000000000000000000e+00,2.891474150184182525e+08,-6.096538651623596114e+32,-4.503848132176363745e+30,4.848990260829801368e+32,0.000000000000000000e+00,0.000000000000000000e+00,0.000000000000000000e+00,1.348029032552248525e+38,1.223261773432200046e+35,nan,nan,1.767642833469561883e+05
2.735000000000000000e+02,1.772905681725234217e+00,8.300321191947508122e+20,-1.310809937780730472e+01,6.020592562424061025e-11,0.000000000000000000e+00,4.551174257690918446e+07,2.612637339990586042e+04,4.551174257690918446e+07,0.000000000000000000e+00,0.000000000000000000e+00,2.897102460212913156e+08,-6.267563444206075590e+32,-4.291576085936237205e+30,5.212413949595269543e+32,0.000000000000000000e+00,0.000000000000000000e+00,0.000000000000000000e+00,1.345132466816002468e+38,1.216170936516962648e+35,nan,nan,1.771083584232004941e+05
2.740000000000000000e+02,1.727306750962966486e+00,8.092081544012289802e+20,-1.328012885166272916e+01,6.829328469546171585e-11,0.000000000000000000e+00,4.560038291439369321e+07,2.612637339990586042e+04,4.560038291439369321e+07,0.000000000000000000e+00,0.000000000000000000e+00,2.902741725855333209e+08,-6.449728583450018230e+32,-4.119873002435723961e+30,5.619638335743362443e+32,0.000000000000000000e+00,0.000000000000000000e+00,0.000000000000000000e+00,1.342245257697817905e+38,1.209128149058910318e+35,nan,nan,1.774531032481964212e+05
2.745000000000000000e+02,1.681257595249896042e+00,7.881457772886386278e+20,-1.340924168599555522e+01,7.784164647348045064e-11,0.000000000000000000e+00,4.568919579199944437e+07,2.612637339990586042e+04,4.568919579199944437e+07,0.000000000000000000e+00,0.000000000000000000e+00,2.908391968436753750e+08,-6.643595589155416368e+32,-3.995572237735016458e+30,6.076240897366269592e+32,0.000000000000000000e+00,0.000000000000000000e+00,0.000000000000000000e+00,1.339367330278892155e+38,1.202133099492721040e+35,nan,nan,1.777985191256226972e+05
2.750000000000000000e+02,1.634914616488409411e+00,7.669179167444884521e+20,-1.348867912271069436e+01,8.913861534051923613e-11,0.000000000000000000e+00,4.577818154557908326e+07,2.612637339990586042e+04,4.577818154557908326e+07,0.000000000000000000e+00,0.000000000000000000e+00,2.914053209323997498e+08,-6.849658313844009152e+32,-3.926539090085949732e+30,6.588302255617813736e+32,0.000000000000000000e+00,0.000000000000000000e+00,0.000000000000000000e+00,1.336496692230255405e+38,1.195180756928831944e+35,nan,nan,1.781446073616957583e+05
2.755000000000000000e+02,1.588458121119176836e+00,7.456089119785032090e+20,-1.351072386724106700e+01,1.025227803405702534e-10,0.000000000000000000e+00,4.586734051163902879e+07,2.612637339990586042e+04,4.586734051163902879e+07,0.000000000000000000e+00,0.000000000000000000e+00,2.919725469925480485e+08,-7.068296370872159011e+32,-3.921777037261191820e+30,7.162298551847625722e+32,0.000000000000000000e+00,0.000000000000000000e+00,0.000000000000000000e+00,1.333620540492365434e+38,1.188237840815509323e+35,nan,nan,1.784913692651748133e+05
2.760000000000000000e+02,1.542095582343816274e+00,7.243160814615653253e+20,-1.346663289300296285e+01,1.183860996947005753e-10,0.000000000000000000e+00,4.595667302734068781e+07,2.612637339990586042e+04,4.595667302734068781e+07,0.000000000000000000e+00,0.000000000000000000e+00,2.925408771691285968e+08,-7.299712612558685431e+32,-3.991514238373523987e+30,7.804890815187906119e+32,0.000000000000000000e+00,0.000000000000000000e+00,0.000000000000000000e+00,1.330775025109730307e+38,1.181390980807862503e+35,nan,nan,1.788388061473662383e+05
2.765000000000000000e+02,1.496065059297955191e+00,7.031513716638452285e+20,-1.334660718871877449e+01,1.371711352007601393e-10,0.000000000000000000e+00,4.604617943050180376e+07,2.612637339990586042e+04,4.604617943050180376e+07,0.000000000000000000e+00,0.000000000000000000e+00,2.931103136113253832e+08,-7.543851130964547647e+32,-4.147249272551379274e+30,8.522563649866549690e+32,0.000000000000000000e+00,0.000000000000000000e+00,0.000000000000000000e+00,1.327938464013130481e+38,1.174590120266722993e+35,nan,nan,1.791869193221291644e+05
2.770000000000000000e+02,1.450638606193149549e+00,6.822430074082754560e+20,-1.313982523571575278e+01,1.593591233026896560e-10,0.000000000000000000e+00,4.613586005959764123e+07,2.612637339990586042e+04,4.613586005959764123e+07,0.000000000000000000e+00,0.000000000000000000e+00,2.936808584725056291e+08,-7.800292556113326012e+32,-4.401725249942487723e+30,9.321053100465220662e+32,0.000000000000000000e+00,0.000000000000000000e+00,0.000000000000000000e+00,1.325110789991463268e+38,1.167834823788164127e+35,nan,nan,1.795357101058800472e+05
2.775000000000000000e+02,1.406125398672567917e+00,6.617370154709285601e+20,-1.283457730669425523e+01,1.854431426158861390e-10,0.000000000000000000e+00,4.622571525376233459e+07,2.612637339990586042e+04,4.622571525376233459e+07,0.000000000000000000e+00,0.000000000000000000e+00,2.942525139102281928e+08,-8.068124703361121317e+32,-4.768789274879944815e+30,1.020449457759243144e+33,0.000000000000000000e+00,0.000000000000000000e+00,0.000000000000000000e+00,1.322291936526631180e+38,1.161124660905818983e+35,nan,nan,1.798851798175977892e+05
2.780000000000000000e+02,1.362874162988210625e+00,6.417984256948602143e+20,-1.241854887819891751e+01,2.158789049137875560e-10,0.000000000000000000e+00,4.631574535279013962e+07,2.612637339990586042e+04,4.631574535279013962e+07,0.000000000000000000e+00,0.000000000000000000e+00,2.948252820862517953e+08,-8.345789528295556489e+32,-5.263080858701966830e+30,1.117422380065120979e+33,0.000000000000000000e+00,0.000000000000000000e+00,0.000000000000000000e+00,1.319481837787056235e+38,1.154459205500794308e+35,nan,nan,1.802353297788288328e+05
2.785000000000000000e+02,1.321274317081143179e+00,6.226118696873079603e+20,-1.187931097954790793e+01,2.510047776401750550e-10,0.000000000000000000e+00,4.640595069713674486e+07,2.612637339990586042e+04,4.640595069713674486e+07,0.000000000000000000e+00,0.000000000000000000e+00,2.953991651665428281e+08,-8.630912695862110385e+32,-5.899481169220114068e+30,1.222718952359307845e+33,0.000000000000000000e+00,0.000000000000000000e+00,0.000000000000000000e+00,1.316698846496056306e+38,1.147879960935814828e+35,nan,nan,1.805861613136918750e+05
2.790000000000000000e+02,1.281755034624707967e+00,6.043812023495069532e+20,-1.120507815619247260e+01,2.909241351706321911e-10,0.000000000000000000e+00,4.649633162792054564e+07,2.612637339990586042e+04,4.649633162792054564e+07,0.000000000000000000e+00,0.000000000000000000e+00,2.959741653212838173e+08,-8.920130629732082007e+32,-6.692250706109039584e+30,1.335400432710356262e+33,0.000000000000000000e+00,0.000000000000000000e+00,0.000000000000000000e+00,1.313911003765762120e+38,1.141308661813116146e+35,nan,nan,1.809376757488830190e+05
2.795000000000000000e+02,1.244781258689075409e+00,5.873276825449499853e+20,-1.038578281093852063e+01,3.353495029165853118e-10,0.000000000000000000e+00,4.658688848692389578e+07,2.612637339990586042e+04,4.658688848692389578e+07,0.000000000000000000e+00,0.000000000000000000e+00,2.965502847248818278e+08,-9.208941920883487035e+32,-7.653795498975623779e+30,1.453678853489874911e+33,0.000000000000000000e+00,0.000000000000000000e+00,0.000000000000000000e+00,1.311131496039854440e+38,1.134780181570097786e+35,nan,nan,1.812898744136810128e+05
2.800000000000000000e+02,1.210845587585969829e+00,5.716861976687349596e+20,-9.414477302860026597e+00,3.834219901169443951e-10,0.000000000000000000e+00,4.667762161659445614e+07,2.612637339990586042e+04,4.667762161659445614e+07,0.000000000000000000e+00,0.000000000000000000e+00,2.971275255559761524e+08,-9.491624290839598545e+32,-8.793043810819329488e+30,1.574716199535649648e+33,0.000000000000000000e+00,0.000000000000000000e+00,0.000000000000000000e+00,1.308360443148910352e+38,1.128294553771224497e+35,nan,nan,1.816427586399518477e+05
2.805000000000000000e+02,1.180455034098494504e+00,5.576990513807753871e+20,-8.289002164401178874e+00,4.335423790092519050e-10,0.000000000000000000e+00,4.676853136004648358e+07,2.612637339990586042e+04,4.676853136004648358e+07,0.000000000000000000e+00,0.000000000000000000e+00,2.977058899974470735e+08,-9.761271238509169886e+32,-1.011349882219629825e+31,1.694498668808360756e+33,0.000000000000000000e+00,0.000000000000000000e+00,0.000000000000000000e+00,1.305597783048677516e+38,1.121851376326097401e+35,nan,nan,1.819963297621542006e+05
2.810000000000000000e+02,1.154112045917152996e+00,5.456070140678675497e+20,-7.013747818264664424e+00,4.832778544928792121e-10,0.000000000000000000e+00,4.685961806106209755e+07,2.612637339990586042e+04,4.685961806106209755e+07,0.000000000000000000e+00,0.000000000000000000e+00,2.982853802364236116e+08,-1.001000700095105599e+33,-1.161116134335470154e+31,1.807867711109858875e+33,0.000000000000000000e+00,0.000000000000000000e+00,0.000000000000000000e+00,1.302843454564544191e+38,1.115450236127534491e+35,nan,nan,1.823505891173440905e+05
2.815000000000000000e+02,1.132289973522259352e+00,5.356377117675282760e+20,-5.601204831678850304e+00,5.294274062005092682e-10,0.000000000000000000e+00,4.695088206409259140e+07,2.612637339990586042e+04,4.695088206409259140e+07,0.000000000000000000e+00,0.000000000000000000e+00,2.988659984642924666e+08,-1.022942490360735459e+33,-1.327267201247610974e+31,1.908791864424708996e+33,0.000000000000000000e+00,0.000000000000000000e+00,0.000000000000000000e+00,1.300143735790766079e+38,1.109195271055092461e+35,nan,nan,1.827055380451803503e+05
2.820000000000000000e+02,1.115404383999426763e+00,5.279920035450490716e+20,-4.072888987241490177e+00,5.683173958356380533e-10,0.000000000000000000e+00,4.704232371425974369e+07,2.612637339990586042e+04,4.704232371425974369e+07,0.000000000000000000e+00,0.000000000000000000e+00,2.994477468767055869e+08,-1.041125435963464891e+33,-1.507415334016513510e+31,1.990927769144827034e+33,0.000000000000000000e+00,0.000000000000000000e+00,0.000000000000000000e+00,1.297418498047149748e+38,1.102900494351382576e+35,nan,nan,1.830611778879293706e+05
2.825000000000000000e+02,1.103783052789645502e+00,5.228296797321008906e+20,-2.459211636411002377e+00,5.963373739550982342e-10,0.000000000000000000e+00,4.713394335735713691e+07,2.612637339990586042e+04,4.713394335735713691e+07,0.000000000000000000e+00,0.000000000000000000e+00,3.000306276735889912e+08,-1.054819635036713530e+33,-1.698125769156459882e+31,2.048435809883713811e+33,0.000000000000000000e+00,0.000000000000000000e+00,0.000000000000000000e+00,1.294693276239612272e+38,1.096627593476346256e+35,nan,nan,1.834175099904703384e+05
2.830000000000000000e+02,1.097638698658777168e+00,5.202564049193422029e+20,-7.980075809085969141e-01,6.106207085249880397e-10,0.000000000000000000e+00,4.722574133985142410e+07,2.612637339990586042e+04,4.722574133985142410e+07,0.000000000000000000e+00,0.000000000000000000e+00,3.006146430591507554e+08,-1.063479295181893546e+33,-1.895077093113980638e+31,2.076903240557456098e+33,0.000000000000000000e+00,0.000000000000000000e+00,0.000000000000000000e+00,1.291976098732769553e+38,1.090395428194616626e+35,nan,nan,1.837745357003001845e+05
2.835000000000000000e+02,1.097048957004243652e+00,5.203140434465762836e+20,8.682606580779120842e-01,6.096723451140281170e-10,0.000000000000000000e+00,4.731771800888366252e+07,2.612637339990586042e+04,4.731771800888366252e+07,0.000000000000000000e+00,0.000000000000000000e+00,3.011997952418895960e+08,-1.066814627149730105e+33,-2.093377103930429848e+31,2.074137079112211349e+33,0.000000000000000000e+00,0.000000000000000000e+00,0.000000000000000000e+00,1.289266905204189217e+38,1.084203776246552898e+35,nan,nan,1.841322563675389101e+05
2.840000000000000000e+02,1.101947466518437668e+00,5.229762219142589317e+20,2.496212166085143291e+00,5.937177456617245115e-10,0.000000000000000000e+00,4.740987371227063984e+07,2.612637339990586042e+04,4.740987371227063984e+07,0.000000000000000000e+00,0.000000000000000000e+00,3.017860864346031547e+08,-1.064830789300799357e+33,-2.287988613176315693e+31,2.040580726668134395e+33,0.000000000000000000e+00,0.000000000000000000e+00,0.000000000000000000e+00,1.286595211855272309e+38,1.078118256664049743e+35,nan,nan,1.844906733449344756e+05
2.845000000000000000e+02,1.112127820912445220e+00,5.281499844565505802e+20,4.045459390886206208e+00,5.646364124410567848e-10,0.000000000000000000e+00,4.750220879850617051e+07,2.612637339990586042e+04,4.750220879850617051e+07,0.000000000000000000e+00,0.000000000000000000e+00,3.023735188543959856e+08,-1.057823729843339744e+33,-2.474183829989597925e+31,1.979216433844201507e+33,0.000000000000000000e+00,0.000000000000000000e+00,0.000000000000000000e+00,1.283959418142752604e+38,1.072133649927683007e+35,nan,nan,1.848497879878678650e+05
2.850000000000000000e+02,1.127259736733081441e+00,5.356832600745797222e+20,5.481937130289403548e+00,5.255092867388587561e-10,0.000000000000000000e+00,4.759472361676242203e+07,2.612637339990586042e+04,4.759472361676242203e+07,0.000000000000000000e+00,0.000000000000000000e+00,3.029620947226888537e+08,-1.046334472176578786e+33,-2.647936051290675142e+31,1.894987760716312732e+33,0.000000000000000000e+00,0.000000000000000000e+00,0.000000000000000000e+00,1.281279937905029611e+38,1.066069096719406615e+35,nan,nan,1.852096016543586156e+05
2.855000000000000000e+02,1.146914409424321990e+00,5.453767286030848492e+20,6.780059398093961853e+00,4.799580700497089537e-10,0.000000000000000000e+00,4.768741851689122617e+07,2.612637339990586042e+04,4.768741851689122617e+07,0.000000000000000000e+00,0.000000000000000000e+00,3.035518162652260661e+08,-1.031074479097214116e+33,-2.806178857096971386e+31,1.793933613222827298e+33,0.000000000000000000e+00,0.000000000000000000e+00,0.000000000000000000e+00,1.278606347213223729e+38,1.060039684901067356e+35,nan,nan,1.855701157050694455e+05
2.860000000000000000e+02,1.170594592152734537e+00,5.569979804224973701e+20,7.923487072901810535e+00,4.315029329505778352e-10,0.000000000000000000e+00,4.778029384942540526e+07,2.612637339990586042e+04,4.778029384942540526e+07,0.000000000000000000e+00,0.000000000000000000e+00,3.041426857120846510e+08,-1.012840478679035277e+33,-2.946905541095894015e+31,1.682289975374733842e+33,0.000000000000000000e+00,0.000000000000000000e+00,0.000000000000000000e+00,1.275940413154413839e+38,1.054049274382427638e+35,nan,nan,1.859313315033117251e+05
2.865000000000000000e+02,1.197764980633256648e+00,5.702958772537261425e+20,8.904656467761302707e+00,3.831036022516116943e-10,0.000000000000000000e+00,4.787334996558011323e+07,2.612637339990586042e+04,4.787334996558011323e+07,0.000000000000000000e+00,0.000000000000000000e+00,3.047347052976822853e+08,-9.924359042702741530e+32,-3.069124202536710706e+31,1.565764937748070885e+33,0.000000000000000000e+00,0.000000000000000000e+00,0.000000000000000000e+00,1.273302548929216103e+38,1.048142347667482299e+35,nan,nan,1.862932504150504246e+05
2.870000000000000000e+02,1.227879376487265306e+00,5.850134341885720658e+20,9.723451835118233078e+00,3.369409024345814027e-10,0.000000000000000000e+00,4.796658721725412458e+07,2.612637339990586042e+04,4.796658721725412458e+07,0.000000000000000000e+00,0.000000000000000000e+00,3.053278772607862949e+08,-9.706102851807957389e+32,-3.172711571339200681e+31,1.449089725943592753e+33,0.000000000000000000e+00,0.000000000000000000e+00,0.000000000000000000e+00,1.270717725160787791e+38,1.042372454021778654e+35,nan,nan,1.866558738089096150e+05
2.875000000000000000e+02,1.260402551886271150e+00,6.008982257871384740e+20,1.038546537157200156e+01,2.944040982397923309e-10,0.000000000000000000e+00,4.806000595703123510e+07,2.612637339990586042e+04,4.806000595703123510e+07,0.000000000000000000e+00,0.000000000000000000e+00,3.059222038445217013e+08,-9.480207306713331499e+32,-3.258216459531324465e+31,1.335843429712925088e+33,0.000000000000000000e+00,0.000000000000000000e+00,0.000000000000000000e+00,1.268110355617874008e+38,1.036571088441337434e+35,nan,nan,1.870192030561772699e+05
2.880000000000000000e+02,1.294826121678238184e+00,6.177099739044440965e+20,1.090021679970027435e+01,2.562069543907369337e-10,0.000000000000000000e+00,4.815360653818152100e+07,2.612637339990586042e+04,4.815360653818152100e+07,0.000000000000000000e+00,0.000000000000000000e+00,3.065176872963796258e+08,-9.252139431012080796e+32,-3.326656095003319968e+31,1.228485416990237582e+33,0.000000000000000000e+00,0.000000000000000000e+00,0.000000000000000000e+00,1.265478578801239721e+38,1.030734844065066919e+35,nan,nan,1.873832395308105915e+05
2.885000000000000000e+02,1.330678754746646320e+00,6.352254627297479885e+20,1.127957494597330879e+01,2.225563603076304318e-10,0.000000000000000000e+00,4.824738931466270238e+07,2.612637339990586042e+04,4.824738931466270238e+07,0.000000000000000000e+00,0.000000000000000000e+00,3.071143298682261109e+08,-9.026240697308122294e+32,-3.379333934132650710e+31,1.128510672966472952e+33,0.000000000000000000e+00,0.000000000000000000e+00,0.000000000000000000e+00,1.262854155661762895e+38,1.024935780170640660e+35,nan,nan,1.877479846094411914e+05
2.890000000000000000e+02,1.367531638282967199e+00,6.532412052861399859e+20,1.153649608680903427e+01,1.933201667809762325e-10,0.000000000000000000e+00,4.834135464112149179e+07,2.612637339990586042e+04,4.834135464112149179e+07,0.000000000000000000e+00,0.000000000000000000e+00,3.077121338163106441e+08,-8.805809019146085100e+32,-3.417692866048951577e+31,1.036654812231728446e+33,0.000000000000000000e+00,0.000000000000000000e+00,0.000000000000000000e+00,1.260260016283794366e+38,1.019223087189199684e+35,nan,nan,1.881134396713804745e+05
2.895000000000000000e+02,1.405000315887473761e+00,6.715743869258954179e+20,1.168409928041265289e+01,1.681666656461128250e-10,0.000000000000000000e+00,4.843550287289495021e+07,2.612637339990586042e+04,4.843550287289495021e+07,0.000000000000000000e+00,0.000000000000000000e+00,3.083111014012742639e+08,-8.593235887262764586e+32,-3.443206706415276799e+31,9.530990262007699005e+32,0.000000000000000000e+00,0.000000000000000000e+00,0.000000000000000000e+00,1.257718363594527089e+38,1.013643409562057426e+35,nan,nan,1.884796060986245575e+05
2.900000000000000000e+02,1.442743979871428328e+00,6.900625947186561024e+20,1.173504350273041830e+01,1.466674081317274517e-10,0.000000000000000000e+00,4.852983436601176858e+07,2.612637339990586042e+04,4.852983436601176858e+07,0.000000000000000000e+00,0.000000000000000000e+00,3.089112348881586194e+08,-8.390162922551151465e+32,-3.457306327927532547e+31,8.776481768580851392e+32,0.000000000000000000e+00,0.000000000000000000e+00,0.000000000000000000e+00,1.255175074102539618e+38,1.008078768853354675e+35,nan,nan,1.888464852758596826e+05
2.905000000000000000e+02,1.480463130343674161e+00,7.085627639838575165e+20,1.170114768979220443e+01,1.283659799205741154e-10,0.000000000000000000e+00,4.862434947719369084e+07,2.612637339990586042e+04,4.862434947719369084e+07,0.000000000000000000e+00,0.000000000000000000e+00,3.095125365464140773e+08,-8.197635002255216482e+32,-3.461333886260012369e+31,8.098721339993973126e+32,0.000000000000000000e+00,0.000000000000000000e+00,0.000000000000000000e+00,1.252583440167992151e+38,1.002425778006732346e+35,nan,nan,1.892140785904673685e+05
2.910000000000000000e+02,1.517896305353772402e+00,7.269496757061095260e+20,1.159319147533888028e+01,1.128198070956842365e-10,0.000000000000000000e+00,4.871904856385680288e+07,2.612637339990586042e+04,4.871904856385680288e+07,0.000000000000000000e+00,0.000000000000000000e+00,3.101150086499088407e+08,-8.016237535579464505e+32,-3.456518098808073452e+31,7.492105963510662841e+32,0.000000000000000000e+00,0.000000000000000000e+00,0.000000000000000000e+00,1.249998873705375126e+38,9.968082272873369468e+34,nan,nan,1.895823874325298239e+05
2.915000000000000000e+02,1.554816388044890862e+00,7.451142452723326648e+20,1.142084168222671359e+01,9.962269286366574377e-11,0.000000000000000000e+00,4.881393198411291093e+07,2.612637339990586042e+04,4.881393198411291093e+07,0.000000000000000000e+00,0.000000000000000000e+00,3.107186534769369960e+08,-7.846212733613662107e+32,-3.443964290969728798e+31,6.950465207139968678e+32,0.000000000000000000e+00,0.000000000000000000e+00,0.000000000000000000e+00,1.247458223746095759e+38,9.913040482950127212e+34,nan,nan,1.899514131948349241e+05
2.920000000000000000e+02,1.591026831324651614e+00,7.629617648843948032e+20,1.119266079361624122e+01,8.841465552053961581e-11,0.000000000000000000e+00,4.890900009677091241e+07,2.612637339990586042e+04,4.890900009677091241e+07,0.000000000000000000e+00,0.000000000000000000e+00,3.113234733102274537e+08,-7.687554201584774206e+32,-3.424654163780970688e+31,6.467548165092702639e+32,0.000000000000000000e+00,0.000000000000000000e+00,0.000000000000000000e+00,1.244958063787686528e+38,9.859047682638937413e+34,nan,nan,1.903211572728817700e+05
2.925000000000000000e+02,1.626358013702140060e+00,7.804102019716598989e+20,1.091616491847888781e+01,7.888400685494972704e-11,0.000000000000000000e+00,4.900425326133809984e+07,2.612637339990586042e+04,4.900425326133809984e+07,0.000000000000000000e+00,0.000000000000000000e+00,3.119294704369524717e+08,-7.540081597558194284e+32,-3.399451512909718447e+31,6.037327044439423472e+32,0.000000000000000000e+00,0.000000000000000000e+00,0.000000000000000000e+00,1.242460267546863219e+38,9.805288428640055326e+34,nan,nan,1.906916210648857232e+05
2.930000000000000000e+02,1.660663848545732124e+00,7.973886125754084229e+20,1.059790845195681008e+01,7.076508447413845118e-11,0.000000000000000000e+00,4.909969183802159876e+07,2.612637339990586042e+04,4.909969183802159876e+07,0.000000000000000000e+00,0.000000000000000000e+00,3.125366471487364173e+08,-7.403498155984535505e+32,-3.369111235335805895e+31,5.654171171577078293e+32,0.000000000000000000e+00,0.000000000000000000e+00,0.000000000000000000e+00,1.239911993351911634e+38,9.750611619806781594e+34,nan,nan,1.910628059717838769e+05
2.935000000000000000e+02,1.693818706528933404e+00,8.138356989587204342e+20,1.024358020709263073e+01,6.383384691941071890e-11,0.000000000000000000e+00,4.919531618772963434e+07,2.612637339990586042e+04,4.919531618772963434e+07,0.000000000000000000e+00,0.000000000000000000e+00,3.131450057416642904e+08,-7.277434119366232548e+32,-3.334289831755713890e+31,5.312933186255770057e+32,0.000000000000000000e+00,0.000000000000000000e+00,0.000000000000000000e+00,1.237365689625699490e+38,9.696172919362027486e+34,nan,nan,1.914347133972402080e+05
2.940000000000000000e+02,1.725714670402163531e+00,8.296985213118214308e+20,9.858101363128005445e+00,5.790267698462337409e-11,0.000000000000000000e+00,4.929112667207297683e+07,2.612637339990586042e+04,4.929112667207297683e+07,0.000000000000000000e+00,0.000000000000000000e+00,3.137545485162903070e+08,-7.161478937573082976e+32,-3.295556257506843464e+31,5.008978169416523771e+32,0.000000000000000000e+00,0.000000000000000000e+00,0.000000000000000000e+00,1.234888123093836646e+38,9.643367025006663195e+34,nan,nan,1.918073447476509318e+05
2.945000000000000000e+02,1.756259116264853537e+00,8.449313614624672973e+20,9.445719480861908934e+00,5.281515958578167875e-11,0.000000000000000000e+00,4.938712365336628258e+07,2.612637339990586042e+04,4.938712365336628258e+07,0.000000000000000000e+00,0.000000000000000000e+00,3.143652777776470780e+08,-7.055204720772691726e+32,-3.253402429682348393e+31,4.738177442319519202e+32,0.000000000000000000e+00,0.000000000000000000e+00,0.000000000000000000e+00,1.232427823142929417e+38,9.591107194773434682e+34,nan,nan,1.921807014321500028e+05
2.950000000000000000e+02,1.785372601304004325e+00,8.594947296482922332e+20,9.010095467483242970e+00,4.844123221166732118e-11,0.000000000000000000e+00,4.948330749462944269e+07,2.612637339990586042e+04,4.948330749462944269e+07,0.000000000000000000e+00,0.000000000000000000e+00,3.149771958352538347e+08,-6.958183005909398601e+32,-3.208253006616508567e+31,4.496881898331205271e+32,0.000000000000000000e+00,0.000000000000000000e+00,0.000000000000000000e+00,1.229968998523222435e+38,9.539059135554700303e+34,nan,nan,1.925547848626140913e+05
2.955000000000000000e+02,1.812987030860642390e+00,8.733545019373651231e+20,8.554382080717690684e+00,4.467288289117793079e-11,0.000000000000000000e+00,4.957967855958898365e+07,2.612637339990586042e+04,4.957967855958898365e+07,0.000000000000000000e+00,0.000000000000000000e+00,3.155903050031253099e+08,-6.869996489563985805e+32,-3.160474257544221446e+31,4.281884717095835479e+32,0.000000000000000000e+00,0.000000000000000000e+00,0.000000000000000000e+00,1.227455557373342026e+38,9.486020693817583398e+34,nan,nan,1.929295964536682586e+05
2.960000000000000000e+02,1.839044075089468544e+00,8.864811745656585585e+20,8.081293624304645817e+00,4.142044251155764963e-11,0.000000000000000000e+00,4.967623721267942339e+07,2.612637339990586042e+04,4.967623721267942339e+07,0.000000000000000000e+00,0.000000000000000000e+00,3.162046075997803807e+08,-6.790247023518270562e+32,-3.110381966855073409e+31,4.090379780695478287e+32,0.000000000000000000e+00,0.000000000000000000e+00,0.000000000000000000e+00,1.224969716367447636e+38,9.433745743170444979e+34,nan,nan,1.933051376226909633e+05
2.965000000000000000e+02,1.863493805609552911e+00,8.988492214513087283e+20,7.593167113034801297e+00,3.860944977383260209e-11,0.000000000000000000e+00,4.977298381904467940e+07,2.612637339990586042e+04,4.977298381904467940e+07,0.000000000000000000e+00,0.000000000000000000e+00,3.168201059482513666e+08,-6.718560872859991172e+32,-3.058248393018676953e+31,3.919919692486433398e+32,0.000000000000000000e+00,0.000000000000000000e+00,0.000000000000000000e+00,1.222540944444598167e+38,9.382831184800094512e+34,nan,nan,1.936814097898198816e+05
2.970000000000000000e+02,1.886293524222135032e+00,9.104365418828650250e+20,7.092015525888678340e+00,3.617803440733696359e-11,0.000000000000000000e+00,4.986991874453939497e+07,2.612637339990586042e+04,4.986991874453939497e+07,0.000000000000000000e+00,0.000000000000000000e+00,3.174368023760919571e+08,-6.654591998057152784e+32,-3.004308344287794187e+31,3.768375681981378992e+32,0.000000000000000000e+00,0.000000000000000000e+00,0.000000000000000000e+00,1.220118954752109183e+38,9.332235552125304413e+34,nan,nan,1.940584143779567967e+05
2.975000000000000000e+02,1.907406758231994681e+00,9.212239864983751229e+20,6.579573924336818536e+00,3.407475230710988080e-11,0.000000000000000000e+00,4.996704235573039204e+07,2.612637339990586042e+04,4.996704235573039204e+07,0.000000000000000000e+00,0.000000000000000000e+00,3.180546992153868675e+08,-6.598023935159644629e+32,-2.948764453777219284e+31,3.633900623812609436e+32,0.000000000000000000e+00,0.000000000000000000e+00,0.000000000000000000e+00,1.217686430134551836e+38,9.281590058501837120e+34,nan,nan,1.944361528127733618e+05
2.980000000000000000e+02,1.926802399675602739e+00,9.311949509465478267e+20,6.057339259946050269e+00,3.225680560217730541e-11,0.000000000000000000e+00,5.006435501989801228e+07,2.612637339990586042e+04,5.006435501989801228e+07,0.000000000000000000e+00,0.000000000000000000e+00,3.186737988027599454e+08,-6.548570703661152495e+32,-2.891791743678752494e+31,3.514895728703305244e+32,0.000000000000000000e+00,0.000000000000000000e+00,0.000000000000000000e+00,1.215205869998971380e+38,9.230107865829462390e+34,nan,nan,1.948146265227161930e+05
2.985000000000000000e+02,1.944453968547656064e+00,9.403350279137516585e+20,5.526604677516375297e+00,3.068858566974343334e-11,0.000000000000000000e+00,5.016185710503748804e+07,2.612637339990586042e+04,5.016185710503748804e+07,0.000000000000000000e+00,0.000000000000000000e+00,3.192941034793835282e+08,-6.505977061300204028e+32,-2.833541567653929285e+31,3.409981053298937927e+32,0.000000000000000000e+00,0.000000000000000000e+00,0.000000000000000000e+00,1.212800079248761369e+38,9.180329146700926821e+34,nan,nan,1.951938369390124863e+05
2.990000000000000000e+02,1.960338982768153437e+00,9.486317094341030707e+20,4.988489066995974497e+00,2.934048451763766602e-11,0.000000000000000000e+00,5.025954897986040264e+07,2.612637339990586042e+04,5.025954897986040264e+07,0.000000000000000000e+00,0.000000000000000000e+00,3.199156155909869671e+08,-6.470018341892909723e+32,-2.774145015382056335e+31,3.317969735721646427e+32,0.000000000000000000e+00,0.000000000000000000e+00,0.000000000000000000e+00,1.210408422163191921e+38,9.131010958880687146e+34,nan,nan,1.955737854956753145e+05
2.995000000000000000e+02,1.974438420064496880e+00,9.560741325350727844e+20,4.443962548216851438e+00,2.818792796276878267e-11,0.000000000000000000e+00,5.035743101379600912e+07,2.612637339990586042e+04,5.035743101379600912e+07,0.000000000000000000e+00,0.000000000000000000e+00,3.205383374878656268e+08,-6.440500050082449083e+32,-2.713715856072051055e+31,3.237845734666993865e+32,0.000000000000000000e+00,0.000000000000000000e+00,0.000000000000000000e+00,1.208023299040202347e+38,9.081996974445295798e+34,nan,nan,1.959544736295090697e+05
3.000000000000000000e+02,1.986736259126024917e+00,9.626528622921225339e+20,3.893868498538918033e+00,2.721059170801171724e-11,0.000000000000000000e+00,5.045550357699269056e+07,2.612637339990586042e+04,5.045550357699269056e+07,0.000000000000000000e+00,0.000000000000000000e+00,3.211622715248898864e+08,-6.417257340759332696e+32,-2.652353089852496716e+31,3.168744791306649455e+32,0.000000000000000000e+00,0.000000000000000000e+00,0.000000000000000000e+00,1.205601558616274881e+38,9.032386862264112978e+34,nan,nan,1.963359027801149641e+05
3.005000000000000000e+02,1.997219089320027230e+00,9.683597072711779615e+20,3.338942661495138520e+00,2.639176834244055491e-11,0.000000000000000000e+00,5.055376704031930864e+07,2.612637339990586042e+04,5.055376704031930864e+07,0.000000000000000000e+00,0.000000000000000000e+00,3.217874200615139008e+08,-6.400154476997614822e+32,-2.590143168154018627e+31,3.109938318393590908e+32,0.000000000000000000e+00,0.000000000000000000e+00,0.000000000000000000e+00,1.203200936169092268e+38,8.983355056320296034e+34,nan,nan,1.967180743898964429e+05
3.010000000000000000e+02,2.005875779953110172e+00,9.731875631335399752e+20,2.779829808174780315e+00,2.571785932289426357e-11,0.000000000000000000e+00,5.065222177536663413e+07,2.612637339990586042e+04,5.065222177536663413e+07,0.000000000000000000e+00,0.000000000000000000e+00,3.224137854617843032e+08,-6.389084335686141328e+32,-2.527161936951831929e+31,3.060819932329076613e+32,0.000000000000000000e+00,0.000000000000000000e+00,0.000000000000000000e+00,1.200838670596249663e+38,8.935260540629495611e+34,nan,nan,1.971009899040644523e+05
3.015000000000000000e+02,2.012697201543074854e+00,9.771302808746660987e+20,2.217098364171802949e+00,2.517797115264465218e-11,0.000000000000000000e+00,5.075086815444875509e+07,2.612637339990586042e+04,5.075086815444875509e+07,0.000000000000000000e+00,0.000000000000000000e+00,3.230413700943496823e+08,-6.383968012335090470e+32,-2.463476350280986559e+31,3.020894370395546153e+32,0.000000000000000000e+00,0.000000000000000000e+00,0.000000000000000000e+00,1.198482742489479659e+38,8.887459148533140161e+34,nan,nan,1.974846507706432312e+05
3.020000000000000000e+02,2.017675992860992640e+00,9.801825567784963932e+20,1.651253364149548375e+00,2.476359934393530769e-11,0.000000000000000000e+00,5.084970655060447007e+07,2.612637339990586042e+04,5.084970655060447007e+07,0.000000000000000000e+00,0.000000000000000000e+00,3.236701763324691653e+08,-6.384754564084279453e+32,-2.399145995874985285e+31,2.989768569964891869e+32,0.000000000000000000e+00,0.000000000000000000e+00,0.000000000000000000e+00,1.196127404686796623e+38,8.839832343605753449e+34,nan,nan,1.978690584404756082e+05
3.025000000000000000e+02,2.020806368638808692e+00,9.823398417056162120e+20,1.082748053492776696e+00,2.446838745530723468e-11,0.000000000000000000e+00,5.094873733759870380e+07,2.612637339990586042e+04,5.094873733759870380e+07,0.000000000000000000e+00,0.000000000000000000e+00,3.243002065540214181e+08,-6.391420921437825098e+32,-2.334224470136351906e+31,2.967144725144578580e+32,0.000000000000000000e+00,0.000000000000000000e+00,0.000000000000000000e+00,1.193739363678715741e+38,8.791677669613721738e+34,nan,nan,1.982542143672284437e+05
3.030000000000000000e+02,2.022083963841753373e+00,9.835982678092880282e+20,5.119944218817840120e-01,2.428795166070837917e-11,0.000000000000000000e+00,5.104796088992392272e+07,2.612637339990586042e+04,5.104796088992392272e+07,0.000000000000000000e+00,0.000000000000000000e+00,3.249314631415138245e+08,-6.403971993732279708e+32,-2.268760635912658257e+31,2.952815176771905497e+32,0.000000000000000000e+00,0.000000000000000000e+00,0.000000000000000000e+00,1.191405572572254853e+38,8.744762674451206456e+34,nan,nan,1.986401200073983055e+05
3.035000000000000000e+02,2.021505711303117181e+00,9.839545912004967137e+20,-6.062707343456900239e-02,2.421976406252427956e-11,0.000000000000000000e+00,5.114737758280155063e+07,2.612637339990586042e+04,5.114737758280155063e+07,0.000000000000000000e+00,0.000000000000000000e+00,3.255639484820910096e+08,-6.422440990093084765e+32,-2.202799793696224320e+31,2.946659032889342811e+32,0.000000000000000000e+00,0.000000000000000000e+00,0.000000000000000000e+00,1.189077923890076546e+38,8.698134154864702946e+34,nan,nan,1.990267768203165906e+05
3.040000000000000000e+02,2.019069750336197178e+00,9.834061494733224018e+20,-6.347583567222003786e-01,2.426309042686406606e-11,0.000000000000000000e+00,5.124698779218336940e+07,2.612637339990586042e+04,5.124698779218336940e+07,0.000000000000000000e+00,0.000000000000000000e+00,3.261976649675447345e+08,-6.446889976110213119e+32,-2.136384794863629645e+31,2.948640458637904209e+32,0.000000000000000000e+00,0.000000000000000000e+00,0.000000000000000000e+00,1.186756379265376664e+38,8.651790990582770306e+34,nan,nan,1.994141862681556377e+05
3.045000000000000000e+02,2.014775364697845461e+00,9.819508333663462359e+20,-1.210054930121087224e+00,2.441898031427039794e-11,0.000000000000000000e+00,5.134679189475300163e+07,2.612637339990586042e+04,5.134679189475300163e+07,0.000000000000000000e+00,0.000000000000000000e+00,3.268326149943221211e+08,-6.477410686267241693e+32,-2.069557124406947831e+31,2.958808617268064008e+32,0.000000000000000000e+00,0.000000000000000000e+00,0.000000000000000000e+00,1.184411281493748613e+38,8.605117560098705714e+34,nan,nan,1.998023498159338196e+05
3.050000000000000000e+02,2.008622949002790481e+00,9.795870721853018604e+20,-1.786177198204330629e+00,2.469030981893321943e-11,0.000000000000000000e+00,5.144679026792725921e+07,2.612637339990586042e+04,5.144679026792725921e+07,0.000000000000000000e+00,0.000000000000000000e+00,3.274688009635350704e+08,-6.514125612981275524e+32,-2.002357980285405982e+31,2.977299288483235308e+32,0.000000000000000000e+00,0.000000000000000000e+00,0.000000000000000000e+00,1.182105067747767455e+38,8.559348416802133460e+34,nan,nan,2.001912689315211028e+05
3.055000000000000000e+02,2.000614003400190466e+00,9.763138329576842199e+20,-2.362781700721335199e+00,2.508187943485850719e-11,0.000000000000000000e+00,5.154698328985760361e+07,2.612637339990586042e+04,5.154698328985760361e+07,0.000000000000000000e+00,0.000000000000000000e+00,3.281062252809691429e+08,-6.557189394709088075e+32,-1.934829377071032091e+31,3.004338237727641920e+32,0.000000000000000000e+00,0.000000000000000000e+00,0.000000000000000000e+00,1.179804809415851208e+38,8.513859592017413352e+34,nan,nan,2.005809450856447220e+05
3.060000000000000000e+02,1.990751157046650288e+00,9.721306336426539090e+20,-2.939512025314110932e+00,2.560057206924457325e-11,0.000000000000000000e+00,5.164737133943157643e+07,2.612637339990586042e+04,5.164737133943157643e+07,0.000000000000000000e+00,0.000000000000000000e+00,3.287448903570931554e+08,-6.606790527734179732e+32,-1.867015303031394503e+31,3.040246461735001489e+32,0.000000000000000000e+00,0.000000000000000000e+00,0.000000000000000000e+00,1.177510471628625478e+38,8.468649576145461809e+34,nan,nan,2.009713797518947977e+05
3.065000000000000000e+02,1.979038221667438258e+00,9.670375710912394035e+20,-3.515989155967270907e+00,2.625557907144722995e-11,0.000000000000000000e+00,5.174795479627424479e+07,2.612637339990586042e+04,5.174795479627424479e+07,0.000000000000000000e+00,0.000000000000000000e+00,3.293847986070676446e+08,-6.663153428759223115e+32,-1.798962962277831070e+31,3.085447493388799257e+32,0.000000000000000000e+00,0.000000000000000000e+00,0.000000000000000000e+00,1.175212725090916263e+38,8.423517112338017980e+34,nan,nan,2.013625744067297201e+05
3.070000000000000000e+02,1.965480277316197011e+00,9.610353648555229184e+20,-4.091800988206245826e+00,2.705870551962767494e-11,0.000000000000000000e+00,5.184873404074960947e+07,2.612637339990586042e+04,5.184873404074960947e+07,0.000000000000000000e+00,0.000000000000000000e+00,3.300259524507545233e+08,-6.726540878049959605e+32,-1.730724137240708796e+31,3.140477014742055155e+32,0.000000000000000000e+00,0.000000000000000000e+00,0.000000000000000000e+00,1.172933231661386463e+38,8.378858823804155678e+34,nan,nan,2.017545305294819991e+05
3.075000000000000000e+02,1.950083793352700878e+00,9.541254183958896968e+20,-4.666490707353494471e+00,2.802477012827627219e-11,0.000000000000000000e+00,5.194970945396206528e+07,2.612637339990586042e+04,5.194970945396206528e+07,0.000000000000000000e+00,0.000000000000000000e+00,3.306683543127257228e+08,-6.797256875301418724e+32,-1.662356711694138023e+31,3.205995103273716284e+32,0.000000000000000000e+00,0.000000000000000000e+00,0.000000000000000000e+00,1.170659520776586849e+38,8.334471833932486320e+34,nan,nan,2.021472496023633867e+05
3.080000000000000000e+02,1.932856788692182803e+00,9.463098997495015670e+20,-5.239543679833144729e+00,2.917212028943609626e-11,0.000000000000000000e+00,5.205088141775782406e+07,2.612637339990586042e+04,5.205088141775782406e+07,0.000000000000000000e+00,0.000000000000000000e+00,3.313120066222730279e+08,-6.875649942200788721e+32,-1.593926401077920030e+31,3.282801525842174892e+32,0.000000000000000000e+00,0.000000000000000000e+00,0.000000000000000000e+00,1.168391560965231580e+38,8.290353966268655833e+34,nan,nan,2.025407331104711629e+05
3.085000000000000000e+02,1.913809036578343337e+00,9.375918443208483799e+20,-5.810372447443565846e+00,3.052328930057710437e-11,0.000000000000000000e+00,5.215225031472638994e+07,2.612637339990586042e+04,5.215225031472638994e+07,0.000000000000000000e+00,0.000000000000000000e+00,3.319569118134166002e+08,-6.962116906229067612e+32,-1.525508745257031105e+31,3.371854600396889484e+32,0.000000000000000000e+00,0.000000000000000000e+00,0.000000000000000000e+00,1.166139921089958715e+38,8.246696415165160105e+34,nan,nan,2.029349825417931424e+05
3.090000000000000000e+02,1.892952320542687250e+00,9.279752831602859704e+20,-6.378299338006013564e+00,3.210583123279949188e-11,0.000000000000000000e+00,5.225381652820196003e+07,2.612637339990586042e+04,5.225381652820196003e+07,0.000000000000000000e+00,0.000000000000000000e+00,3.326030723249144554e+08,-7.057107198677969480e+32,-1.457191429498644362e+31,3.474294270652142964e+32,0.000000000000000000e+00,0.000000000000000000e+00,0.000000000000000000e+00,1.163886340692584310e+38,8.203105612666961944e+34,nan,nan,2.033299993872134655e+05
3.095000000000000000e+02,1.870300749891956382e+00,9.174654009373576397e+20,-6.942536109538869127e+00,3.395337976685556024e-11,0.000000000000000000e+00,5.235558044226489961e+07,2.612637339990586042e+04,5.235558044226489961e+07,0.000000000000000000e+00,0.000000000000000000e+00,3.332504906002719998e+08,-7.161127694836525553e+32,-1.389077012800087337e+31,3.591470186995421672e+32,0.000000000000000000e+00,0.000000000000000000e+00,0.000000000000000000e+00,1.161638379118014363e+38,8.159776810077169978e+34,nan,nan,2.037257851405186229e+05
3.100000000000000000e+02,1.845871145081037001e+00,9.060687288266046833e+20,-7.502159925133534912e+00,3.610699146786468294e-11,0.000000000000000000e+00,5.245754244174321741e+07,2.612637339990586042e+04,5.245754244174321741e+07,0.000000000000000000e+00,0.000000000000000000e+00,3.338991690877506733e+08,-7.274748113876807906e+32,-1.321286159329869983e+31,3.724975760901369886e+32,0.000000000000000000e+00,0.000000000000000000e+00,0.000000000000000000e+00,1.159396005867014949e+38,8.116707895821948535e+34,nan,nan,2.041223412984024908e+05
3.105000000000000000e+02,1.819683505762067721e+00,8.937933787455014830e+20,-8.056084807407039250e+00,3.861685241093486600e-11,0.000000000000000000e+00,5.255970291221398860e+07,2.612637339990586042e+04,5.255970291221398860e+07,0.000000000000000000e+00,0.000000000000000000e+00,3.345491102403775454e+08,-7.398606977281973264e+32,-1.253961489303775260e+31,3.876689361838464530e+32,0.000000000000000000e+00,0.000000000000000000e+00,0.000000000000000000e+00,1.157185741499491299e+38,8.074391028947582069e+34,nan,nan,2.045196693604723550e+05
3.110000000000000000e+02,1.791761577247779957e+00,8.806493268657516052e+20,-8.603027539656647349e+00,4.154445111870362012e-11,0.000000000000000000e+00,5.266206224000480026e+07,2.612637339990586042e+04,5.266206224000480026e+07,0.000000000000000000e+00,0.000000000000000000e+00,3.352003165159546137e+08,-7.533418093528577378e+32,-1.187272190843976340e+31,4.048824054130438536e+32,0.000000000000000000e+00,0.000000000000000000e+00,0.000000000000000000e+00,1.154960823270506137e+38,8.031894183765628686e+34,nan,nan,2.049177708292546158e+05
3.115000000000000000e+02,1.762133534700941473e+00,8.666487561174561587e+20,-9.141466760382842338e+00,4.496535205657180579e-11,0.000000000000000000e+00,5.276462081219524890e+07,2.612637339990586042e+04,5.276462081219524890e+07,0.000000000000000000e+00,0.000000000000000000e+00,3.358527903770681620e+08,-7.679977487055946197e+32,-1.121419565029266565e+31,4.243987520066336729e+32,0.000000000000000000e+00,0.000000000000000000e+00,0.000000000000000000e+00,1.152737844481921782e+38,7.989581577378549762e+34,nan,nan,2.053166472102003172e+05
3.120000000000000000e+02,1.730832808689673374e+00,8.518064695854343127e+20,-9.669593734070399904e+00,4.897274439764935395e-11,0.000000000000000000e+00,5.286737901661840081e+07,2.612637339990586042e+04,5.286737901661840081e+07,0.000000000000000000e+00,0.000000000000000000e+00,3.365065342910977006e+08,-7.839170612464172442e+32,-1.056643713137592544e+31,4.465254068255345076e+32,0.000000000000000000e+00,0.000000000000000000e+00,0.000000000000000000e+00,1.150520298728893409e+38,7.947520325448410596e+34,nan,nan,2.057163000116908806e+05
3.125000000000000000e+02,1.697899080969119900e+00,8.361403893289777889e+20,-1.018525297160258347e+01,5.368199257894150898e-11,0.000000000000000000e+00,5.297033724186223000e+07,2.612637339990586042e+04,5.297033724186223000e+07,0.000000000000000000e+00,0.000000000000000000e+00,3.371615507302256227e+08,-8.011979577561508187e+32,-9.932316184368128431e+30,4.716250848376999373e+32,0.000000000000000000e+00,0.000000000000000000e+00,0.000000000000000000e+00,1.148351729906126551e+38,7.906513004516488719e+34,nan,nan,2.061167307450438093e+05
3.130000000000000000e+02,1.663379485601705676e+00,8.196721583115768955e+20,-1.068587052101796786e+01,5.923648038503126640e-11,0.000000000000000000e+00,5.307349587727111578e+07,2.612637339990586042e+04,5.307349587727111578e+07,0.000000000000000000e+00,0.000000000000000000e+00,3.378178421714465022e+08,-8.199489922912595665e+32,-9.315269245809175594e+30,5.001260519663486708e+32,0.000000000000000000e+00,0.000000000000000000e+00,0.000000000000000000e+00,1.146153224638326006e+38,7.865042161367207773e+34,nan,nan,2.065179409245183633e+05
3.135000000000000000e+02,1.627330057925770346e+00,8.024278668656041001e+20,-1.116836736608348524e+01,6.581512012316397412e-11,0.000000000000000000e+00,5.317685531294728816e+07,2.612637339990586042e+04,5.317685531294728816e+07,0.000000000000000000e+00,0.000000000000000000e+00,3.384754110965765715e+08,-8.402896244664332645e+32,-8.719417671929380302e+30,5.325342532791513145e+32,0.000000000000000000e+00,0.000000000000000000e+00,0.000000000000000000e+00,1.143954480003540344e+38,7.823712039516665084e+34,nan,nan,2.069199320673215843e+05
3.140000000000000000e+02,1.589817482472688503e+00,7.844389294654572462e+20,-1.162905498750824407e+01,7.364199163957399085e-11,0.000000000000000000e+00,5.328041593975234032e+07,2.612637339990586042e+04,5.328041593975234032e+07,0.000000000000000000e+00,0.000000000000000000e+00,3.391342599922626615e+08,-8.623505564636136653e+32,-8.149710705779310203e+30,5.694474678352569556e+32,0.000000000000000000e+00,0.000000000000000000e+00,0.000000000000000000e+00,1.141761013554487329e+38,7.782628641661837850e+34,nan,nan,2.073227056936134177e+05
3.145000000000000000e+02,1.550921200614719053e+00,7.657431424953088737e+20,-1.206350982373173508e+01,8.299867553877120793e-11,0.000000000000000000e+00,5.338417814930865914e+07,2.612637339990586042e+04,5.338417814930865914e+07,0.000000000000000000e+00,0.000000000000000000e+00,3.397943913499921560e+08,-8.862736795629057434e+32,-7.612097693179371581e+30,6.115715282628156153e+32,0.000000000000000000e+00,0.000000000000000000e+00,0.000000000000000000e+00,1.139638028792214599e+38,7.742978685033969399e+34,nan,nan,2.077262633265131444e+05
3.150000000000000000e+02,1.510735949111969179e+00,7.463859589863477084e+20,-1.246642323602021385e+01,9.423993224603600872e-11,0.000000000000000000e+00,5.348814233400094509e+07,2.612637339990586042e+04,5.348814233400094509e+07,0.000000000000000000e+00,0.000000000000000000e+00,3.404558076661019325e+08,-9.122113851151894381e+32,-7.113734387402272672e+30,6.597383818987728682e+32,0.000000000000000000e+00,0.000000000000000000e+00,0.000000000000000000e+00,1.137460144495019530e+38,7.702411046548621270e+34,nan,nan,2.081306064921045909e+05
3.155000000000000000e+02,1.469374810907055018e+00,7.264220215157331067e+20,-1.283142385188708801e+01,1.078134115846489678e-10,0.000000000000000000e+00,5.359230888697770238e+07,2.612637339990586042e+04,5.359230888697770238e+07,0.000000000000000000e+00,0.000000000000000000e+00,3.411185114417884350e+08,-9.403248816691367681e+32,-6.663227900998757568e+30,7.149252823720690770e+32,0.000000000000000000e+00,0.000000000000000000e+00,0.000000000000000000e+00,1.135284900672040594e+38,7.662038548720055793e+34,nan,nan,2.085357367194423859e+05
3.160000000000000000e+02,1.426972867672156919e+00,7.059169987054117847e+20,-1.315087020146170360e+01,1.242839711710570290e-10,0.000000000000000000e+00,5.369667820215266943e+07,2.612637339990586042e+04,5.369667820215266943e+07,0.000000000000000000e+00,0.000000000000000000e+00,3.417825051831163764e+08,-9.707810023316360147e+32,-6.270923560634477863e+30,7.782735401891325270e+32,0.000000000000000000e+00,0.000000000000000000e+00,0.000000000000000000e+00,1.133123646182677653e+38,7.622068866695902329e+34,nan,nan,2.089416555405572872e+05
3.165000000000000000e+02,1.383691546402997741e+00,6.849497723726476083e+20,-1.341561398520556736e+01,1.443627737864415256e-10,0.000000000000000000e+00,5.380125067420638353e+07,2.612637339990586042e+04,5.380125067420638353e+07,0.000000000000000000e+00,0.000000000000000000e+00,3.424477914010284543e+08,-1.003746772303098355e+33,-5.949233770335670951e+30,8.511038075088629113e+32,0.000000000000000000e+00,0.000000000000000000e+00,0.000000000000000000e+00,1.131035739246559943e+38,7.583558799666253184e+34,nan,nan,2.093483644904621178e+05
3.170000000000000000e+02,1.339723743968173064e+00,6.636150184706873754e+20,-1.361473909383203384e+01,1.689403305496203488e-10,0.000000000000000000e+00,5.390602669858758897e+07,2.612637339990586042e+04,5.390602669858758897e+07,0.000000000000000000e+00,0.000000000000000000e+00,3.431143726113555431e+08,-1.039380726072688348e+33,-5.713002665108347653e+30,9.349225088858469564e+32,0.000000000000000000e+00,0.000000000000000000e+00,0.000000000000000000e+00,1.128878275995335175e+38,7.543881237398988728e+34,nan,nan,2.097558651071579661e+05
3.175000000000000000e+02,1.295299784312689217e+00,6.420262106996884111e+20,-1.373529012944291594e+01,1.991205575292562749e-10,0.000000000000000000e+00,5.401100667151481658e+07,2.612637339990586042e+04,5.401100667151481658e+07,0.000000000000000000e+00,0.000000000000000000e+00,3.437822513348251581e+08,-1.077819617104626374e+33,-5.579888810137464115e+30,1.031410339210677836e+33,0.000000000000000000e+00,0.000000000000000000e+00,0.000000000000000000e+00,1.126725832019019349e+38,7.504441092220052825e+34,nan,nan,2.101641589316393656e+05
3.180000000000000000e+02,1.250694197676174957e+00,6.203190434067291832e+20,-1.376201877945747931e+01,2.362489254536819975e-10,0.000000000000000000e+00,5.411619098997783661e+07,2.612637339990586042e+04,5.411619098997783661e+07,0.000000000000000000e+00,0.000000000000000000e+00,3.444514300970715284e+08,-1.119158775938120061e+33,-5.570728546120104932e+30,1.142378270717882457e+33,0.000000000000000000e+00,0.000000000000000000e+00,0.000000000000000000e+00,1.124620470815127139e+38,7.465989146738665789e+34,nan,nan,2.105732475079005526e+05
3.185000000000000000e+02,1.206233186718419947e+00,5.986552085976905155e+20,-1.367719972589156185e+01,2.819207883865319457e-10,0.000000000000000000e+00,5.422158005173916370e+07,2.612637339990586042e+04,5.422158005173916370e+07,0.000000000000000000e+00,0.000000000000000000e+00,3.451219114286450744e+08,-1.163424026892186466e+33,-5.709810981351199955e+30,1.269668941687354591e+33,0.000000000000000000e+00,0.000000000000000000e+00,0.000000000000000000e+00,1.122539655372168026e+38,7.428089503412979337e+34,nan,nan,2.109831323829410539e+05
3.190000000000000000e+02,1.162302428783045682e+00,5.772263544381352182e+20,-1.346060274689672731e+01,3.379447358802308311e-10,0.000000000000000000e+00,5.432717425533556193e+07,2.612637339990586042e+04,5.432717425533556193e+07,0.000000000000000000e+00,0.000000000000000000e+00,3.457936978650221229e+08,-1.210532955553676254e+33,-6.024947974156337725e+30,1.414972022420932126e+33,0.000000000000000000e+00,0.000000000000000000e+00,0.000000000000000000e+00,1.120404466121467887e+38,7.389318186544021474e+34,nan,nan,2.113938151067718281e+05
3.195000000000000000e+02,1.119354517113798630e+00,5.562578795708074557e+20,-1.308975585343559445e+01,4.062197910888710534e-10,0.000000000000000000e+00,5.443297400007955730e+07,2.612637339990586042e+04,5.443297400007955730e+07,0.000000000000000000e+00,0.000000000000000000e+00,3.464667919466143250e+08,-1.260243791380829255e+33,-6.547156335034968520e+30,1.579513326371437198e+33,0.000000000000000000e+00,0.000000000000000000e+00,0.000000000000000000e+00,1.118274166576204574e+38,7.350776918538320557e+34,nan,nan,2.118052972324209404e+05
3.200000000000000000e+02,1.077914828834581007e+00,5.360119596877524500e+20,-1.254069241111711541e+01,4.884668306131966522e-10,0.000000000000000000e+00,5.453897968606094271e+07,2.612637339990586042e+04,5.453897968606094271e+07,0.000000000000000000e+00,0.000000000000000000e+00,3.471411962187781334e+08,-1.312091843207686389e+33,-7.309688955064691030e+30,1.763574871627220906e+33,0.000000000000000000e+00,0.000000000000000000e+00,0.000000000000000000e+00,1.116229988369829321e+38,7.313897965909105472e+34,nan,nan,2.122175803159393254e+05
3.205000000000000000e+02,1.038583912716650959e+00,5.167888539468346163e+20,-1.178942851023178129e+01,5.857432835708626213e-10,0.000000000000000000e+00,5.464519171414830536e+07,2.612637339990586042e+04,5.464519171414830536e+07,0.000000000000000000e+00,0.000000000000000000e+00,3.478169132318246961e+08,-1.365317162871252439e+33,-8.346076081452475085e+30,1.965818681893401982e+33,0.000000000000000000e+00,0.000000000000000000e+00,0.000000000000000000e+00,1.114149270015365226e+38,7.276465794182872743e+34,nan,nan,2.126306659164068697e+05
3.210000000000000000e+02,1.002033681098651874e+00,4.989251312501991014e+20,-1.081442979467191456e+01,6.976886470147850756e-10,0.000000000000000000e+00,5.475161048599051684e+07,2.612637339990586042e+04,5.475161048599051684e+07,0.000000000000000000e+00,0.000000000000000000e+00,3.484939455410293937e+08,-1.418793790711254807e+33,-9.686815373999544494e+30,2.182439837878319358e+33,0.000000000000000000e+00,0.000000000000000000e+00,0.000000000000000000e+00,1.112035719854599114e+38,7.238567333325291903e+34,nan,nan,2.130445555959382618e+05
3.210292049183897802e+02,9.999999999999992228e-01,4.979313881518751089e+20,-1.075019270743250921e+01,7.046373390521398351e-10,0.000000000000000000e+00,5.475783278822460026e+07,2.612637339990586042e+04,5.475783278822460026e+07,0.000000000000000000e+00,0.000000000000000000e+00,3.485335315988008976e+08,-1.421894567443835565e+33,-9.775071999656115766e+30,2.195404371026591679e+33,0.000000000000000000e+00,0.000000000000000000e+00,0.000000000000000000e+00,1.111919397147043680e+38,7.236486004898339161e+34,nan,nan,2.130687557124499872e+05
