time_myr,r_over_R0,radius_cm,velocity_km_s,pressure_erg_cm3,sfr_msun_yr,gas_msun,formed_msun,incident_shell_msun,central_gas_msun,other_shell_msun,halo_msun,gravity_dyne,accretion_dyne,pressure_dyne,uv_dyne,lya_dyne,sn_per_myr,uv_erg_s,lya_erg_s,shell_temperature_K,force_multiplier,shell_loading_msun_myr
0.000000000000000000e+00,1.000000000000000000e+00,3.284137371462504940e+20,1.349156865721391763e-01,0.000000000000000000e+00,4.335262237771667256e-03,1.571841851494696364e+07,0.000000000000000000e+00,1.571841851494696364e+07,0.000000000000000000e+00,0.000000000000000000e+00,1.000000000000000000e+08,-2.692041823144736050e+32,-4.632926617389898747e+30,0.000000000000000000e+00,0.000000000000000000e+00,0.000000000000000000e+00,0.000000000000000000e+00,0.000000000000000000e+00,0.000000000000000000e+00,1.000000000000000000e+04,2.187490501937836314e+02,6.113292879886081209e+04
5.000000000000000000e-01,1.000000000000000000e+00,3.286266869203102597e+20,1.350031684942484544e-01,2.211962660685078211e-12,4.343102519103018110e-03,1.574684512825939246e+07,2.169590550515800714e+03,1.574684512825939246e+07,0.000000000000000000e+00,0.000000000000000000e+00,1.001946519227354228e+08,-2.698659084145404305e+32,-4.644954624216261288e+30,3.001879897127264741e+30,5.090425627054991143e+24,1.431630832692396831e+31,2.214298304089353131e+00,1.066197729888819551e+40,1.961747432280803541e+39,1.000000000000000000e+04,2.187805214978388051e+02,6.125192522019227181e+04
1.000000000000000000e+00,1.000000000000000000e+00,3.288397747750929695e+20,1.350907071413160465e-01,9.192542972666023899e-12,4.350958144207346841e-03,1.577532737369555607e+07,4.343105076398700476e+03,1.577532737369555607e+07,0.000000000000000000e+00,0.000000000000000000e+00,1.003896827391810715e+08,-2.705293335093123936e+32,-4.657013858161065148e+30,1.249148920347307518e+31,6.732919547330368555e+24,1.837436481796114161e+31,3.949568272010562708e+00,1.409500668937438445e+40,2.517455947148334143e+39,1.000000000000000000e+04,2.188120113563489042e+02,6.137115327034582151e+04
1.500000000000000000e+00,1.000000000000000000e+00,3.290530008001329234e+20,1.351783025501235302e-01,1.953338259341756851e-11,4.358829142940221987e-03,1.580386535950320214e+07,6.520551256995648146e+03,1.580386535950320214e+07,0.000000000000000000e+00,0.000000000000000000e+00,1.005850931868608892e+08,-2.711944620000331828e+32,-4.669104400296175398e+30,2.657780018070183652e+31,7.768478736131934711e+24,2.065008734711562587e+31,5.313811294645129024e+00,1.625458668648341545e+40,2.828843390483280352e+39,1.000000000000000000e+04,2.188435197414327433e+02,6.149061340019146155e+04
2.000000000000000000e+00,1.000000000000000000e+00,3.292663650850222899e+20,1.352659547574762422e-01,3.261284104166883196e-11,4.366715545215331395e-03,1.583245919414078444e+07,8.701936786597594619e+03,1.583245919414078444e+07,0.000000000000000000e+00,0.000000000000000000e+00,1.007808840047343075e+08,-2.718612982993676154e+32,-4.681226331903932274e+30,4.443173133284204215e+31,8.540177035254396738e+24,2.219023053822925604e+31,6.483239807957720480e+00,1.786013740313732805e+40,3.039388847296382658e+39,1.000000000000000000e+04,2.188750466252436127e+02,6.161030606147672370e+04
2.500000000000000000e+00,1.000000000000000000e+00,3.294798677194114990e+20,1.353536638002034720e-01,4.806208931482900339e-11,4.374617381004591507e-03,1.586110898627788574e+07,1.088726937446184456e+04,1.586110898627788574e+07,0.000000000000000000e+00,0.000000000000000000e+00,1.009770559331992716e+08,-2.725298468314321536e+32,-4.693379734477705119e+30,6.556472984758631732e+31,9.161782225507421100e+24,2.333288793359988227e+31,7.527161057749538919e+00,1.915030712800413675e+40,3.195437726467613344e+39,1.000000000000000000e+04,2.189065919799687663e+02,6.173023170682856289e+04
3.000000000000000000e+00,1.000000000000000000e+00,3.296935087930089800e+20,1.354414297151584345e-01,6.562674537841278221e-11,4.382534680338259249e-03,1.588981484479560889e+07,1.307655674485862255e+04,1.588981484479560889e+07,0.000000000000000000e+00,0.000000000000000000e+00,1.011736097140948623e+08,-2.732001120318239798e+32,-4.705564689722433943e+30,8.964199721896707768e+31,9.685855179804597146e+24,2.422947643314996622e+31,8.481476375220037056e+00,2.023538593644416990e+40,3.317747091702988972e+39,1.000000000000000000e+04,2.189381557778295928e+02,6.185039078975493612e+04
3.500000000000000000e+00,1.000000000000000000e+00,3.299072883955813581e+20,1.355292525392180758e-01,8.511663456432743705e-11,4.390467473305051729e-03,1.591857687878701836e+07,1.526980663707293570e+04,1.591857687878701836e+07,0.000000000000000000e+00,0.000000000000000000e+00,1.013705460907041728e+08,-2.738720983476510810e+32,-4.717781279555182240e+30,1.164147816946437582e+32,1.014120821143580723e+25,2.496041008448247726e+31,9.367670449554003298e+00,2.117584971868746250e+40,3.417341026466297711e+39,1.000000000000000000e+04,2.189697379910815584e+02,6.197078376464656321e+04
4.000000000000000000e+00,1.000000000000000000e+00,3.301212066169534546e+20,1.356171323092834335e-01,1.063817136358021920e-10,4.398415790052250321e-03,1.594739519755752385e+07,1.746702680545859039e+04,1.594739519755752385e+07,0.000000000000000000e+00,0.000000000000000000e+00,1.015678658077571243e+08,-2.745458102375622243e+32,-4.730029586105683612e+30,1.456879705172525519e+32,1.054541516915642112e+25,2.557323134473059457e+31,1.019981751290100291e+01,2.200859610685809603e+40,3.500737453537648082e+39,1.000000000000000000e+04,2.190013385920138944e+02,6.209141108677865850e+04
4.500000000000000000e+00,1.000000000000000000e+00,3.303352635470084178e+20,1.357050690622793321e-01,1.292994387683076681e-10,4.406379660785825561e-03,1.597626991062531061e+07,1.966822501945495605e+04,1.597626991062531061e+07,0.000000000000000000e+00,0.000000000000000000e+00,1.017655696114332527e+08,-2.752212521717764647e+32,-4.742309691716902463e+30,1.773031203131458339e+32,1.091002128205095810e+25,2.609823752828731294e+31,1.098774770346973284e+01,2.275787209785908632e+40,3.572090184730153916e+39,1.000000000000000000e+04,2.190329575529501653e+02,6.221227321231261885e+04
5.000000000000000000e+00,1.000000000000000000e+00,3.305494592756875919e+20,1.357930628351546043e-01,1.537669487389569907e-10,4.414359115770541235e-03,1.600520112772174552e+07,2.187340906362049282e+04,1.600520112772174552e+07,0.000000000000000000e+00,0.000000000000000000e+00,1.019636582493645549e+08,-2.758984286321135174e+32,-4.754621678945577254e+30,2.111279654996635086e+32,1.124302888099944979e+25,2.655581976808316541e+31,1.173864061832036043e+01,2.344048874696388678e+40,3.634194967957420654e+39,1.000000000000000000e+04,2.190645948462476440e+02,6.233337059829779901e+04
5.500000000000000000e+00,1.000000000000000000e+00,3.307637938929907139e+20,1.358811136648820639e-01,1.796960722203014790e-10,4.422354185330079276e-03,1.603418895879180357e+07,2.408258673765324056e+04,1.603418895879180357e+07,0.000000000000000000e+00,0.000000000000000000e+00,1.021621324706383198e+08,-2.765773441120241661e+32,-4.766965630562785134e+30,2.470497267310242050e+32,1.155022325950679870e+25,2.696030479030669889e+31,1.245793687850625453e+01,2.406860296919567605e+40,3.689016140223761653e+39,1.000000000000000000e+04,2.190962504442977661e+02,6.245470370267318503e+04
5.599836353178653248e+00,1.000000000000000000e+00,3.308066073088235274e+20,1.358987018493526266e-01,1.850415567979139365e-10,0.000000000000000000e+00,1.603998382785256207e+07,2.452417822951637208e+04,1.603998382785256207e+07,0.000000000000000000e+00,0.000000000000000000e+00,1.022018086031111181e+08,-2.767131136827377732e+32,-4.769434216478409797e+30,2.544646670521147732e+32,1.160886863742405192e+25,2.703567523448413533e+31,1.259816399458321712e+01,2.418833047691556368e+40,3.699222426607858675e+39,1.000000000000000000e+04,2.191025733931872139e+02,6.247895888448791811e+04
6.000000000000000000e+00,1.000028036396300113e+00,3.309875469268497859e+20,1.608424488591561619e-01,2.056655085378135416e-10,0.000000000000000000e+00,1.606500510162138753e+07,2.452417822951637208e+04,1.606500510162138753e+07,0.000000000000000000e+00,0.000000000000000000e+00,1.023609930257999003e+08,-2.772808074915495264e+32,-4.789148801158450105e+30,2.831357026319994096e+32,7.121028961937576383e+24,1.403585213227619502e+31,1.133165121110533136e+01,1.483053323149461909e+40,1.920238324074447497e+39,1.000000000000000000e+04,2.191312691817978759e+02,6.257627298426913330e+04
6.500000000000000000e+00,1.000424924737273846e+00,3.313336122013455483e+20,2.989735760211875149e-01,2.276734409723278518e-10,0.000000000000000000e+00,1.609632367972369678e+07,2.452417822951637208e+04,1.609632367972369678e+07,0.000000000000000000e+00,0.000000000000000000e+00,1.025602406668556929e+08,-2.778912198626064941e+32,-4.856110408996024110e+30,3.140893608510216068e+32,5.456068042860296158e+24,9.486001421921190646e+30,1.010096889677246068e+01,1.136463899873845704e+40,1.297827434990635106e+39,1.000000000000000000e+04,2.191224816332973830e+02,6.269807890280918218e+04
7.000000000000000000e+00,1.001775662188361116e+00,3.319960999785528033e+20,5.604994749336051907e-01,2.461758495917467069e-10,0.000000000000000000e+00,1.612770322004045360e+07,2.452417822951637208e+04,1.612770322004045360e+07,0.000000000000000000e+00,0.000000000000000000e+00,1.027598761472757906e+08,-2.782378392473206672e+32,-4.972159003944348846e+30,3.409740071094396159e+32,4.552725080798210122e+24,7.220852728021824189e+30,9.300815337211677303e+00,9.502468395571736391e+39,9.884908619951475567e+38,1.000000000000000000e+04,2.189961760314477033e+02,6.282012191891166003e+04
7.500000000000000000e+00,1.004640141641051310e+00,3.331612985287964754e+20,9.338800045990769405e-01,2.609200157799404614e-10,0.000000000000000000e+00,1.615914384123578109e+07,2.452417822951637208e+04,1.615914384123578109e+07,0.000000000000000000e+00,0.000000000000000000e+00,1.029599002219970077e+08,-2.781656371745116435e+32,-5.133003766373320928e+30,3.639371186515787570e+32,3.937588802808218185e+24,5.800029057077472526e+30,8.702893608601227626e+00,8.260239852217669919e+39,7.951215008023497777e+38,1.000000000000000000e+04,2.186841842080821436e+02,6.294240249409156240e+04
8.000000000000000000e+00,1.009512433664877085e+00,3.349941361777726587e+20,1.404032672175164143e+00,2.713927810360431048e-10,0.000000000000000000e+00,1.619064566220478527e+07,2.452417822951637208e+04,1.619064566220478527e+07,0.000000000000000000e+00,0.000000000000000000e+00,1.031603136474255919e+08,-2.775426103368829270e+32,-5.332911746732634723e+30,3.827212404728375669e+32,3.471469323983888759e+24,4.809187003515344738e+30,8.226331171822250710e+00,7.348439071674605239e+39,6.609682936059596969e+38,1.000000000000000000e+04,2.181281623812704140e+02,6.306492109076217457e+04
8.500000000000000000e+00,1.016808225335765314e+00,3.376339403019213210e+20,1.953705059351571016e+00,2.771296912258923362e-10,0.000000000000000000e+00,1.622220880207400769e+07,2.452417822951637208e+04,1.622220880207400769e+07,0.000000000000000000e+00,0.000000000000000000e+00,1.033611171814401895e+08,-2.762673886499827399e+32,-5.565240412062452695e+30,3.969950723800423851e+32,3.094360939983152735e+24,4.073083692644296656e+30,7.831536293896570911e+00,6.640865122934403112e+39,5.619786744086686117e+38,1.000000000000000000e+04,2.172822257254526903e+02,6.318767817223691964e+04
9.000000000000000000e+00,1.026856290778653147e+00,3.411915195695989391e+20,2.564114017668980061e+00,2.778874596209356602e-10,0.000000000000000000e+00,1.625383338020185567e+07,2.452417822951637208e+04,1.625383338020185567e+07,0.000000000000000000e+00,0.000000000000000000e+00,1.035623115833946615e+08,-2.742750704755155806e+32,-5.822683997627472204e+30,4.065137770939291685e+32,2.775577507377241106e+24,3.502367138685824558e+30,7.495800781773267474e+00,6.071072759246167810e+39,4.858448410673620753e+38,1.000000000000000000e+04,2.161149331169847017e+02,6.331067420273103926e+04
9.500000000000000000e+00,1.039893281039300010e+00,3.457473386151491011e+20,3.215728334354702511e+00,2.737404143026002161e-10,0.000000000000000000e+00,1.628551951617909037e+07,2.452417822951637208e+04,1.628551951617909037e+07,0.000000000000000000e+00,0.000000000000000000e+00,1.037638976141209900e+08,-2.715404658500557108e+32,-6.097580130309550220e+30,4.112126591164071163e+32,2.497977043564814093e+24,3.046008172102070993e+30,7.204776935892169831e+00,5.599843259746586883e+39,4.255013029908113390e+38,1.000000000000000000e+04,2.146104537363277700e+02,6.343390964736341266e+04
1.000000000000000000e+01,1.056062680815544663e+00,3.513510721023964611e+20,3.889218177653748221e+00,2.651026564452312339e-10,0.000000000000000000e+00,1.631726732982924208e+07,2.452417822951637208e+04,1.631726732982924208e+07,0.000000000000000000e+00,0.000000000000000000e+00,1.039658760359320790e+08,-2.680778675128803740e+32,-6.382286859669473606e+30,4.112505670063085435e+32,2.251525452868533396e+24,2.672519193916733050e+30,6.948768875063289663e+00,5.202154745708734596e+39,3.765597730209075540e+38,1.000000000000000000e+04,2.127686374380704990e+02,6.355738497215825191e+04
1.050000000000000000e+01,1.075418412858324402e+00,3.580227045232341156e+20,4.566438749418608722e+00,2.526804324543194816e-10,0.000000000000000000e+00,1.634907694120909274e+07,2.452417822951637208e+04,1.634907694120909274e+07,0.000000000000000000e+00,0.000000000000000000e+00,1.041682476126247495e+08,-2.639371424732586784e+32,-6.669577837163139028e+30,4.070076886091380514e+32,2.030192682346388902e+24,2.361334787333016063e+30,6.720908115844767217e+00,4.861119853280503013e+39,3.361335728853192560e+38,1.000000000000000000e+04,2.106038840389782365e+02,6.368110064404691366e+04
1.100000000000000000e+01,1.097932859545493134e+00,3.657551059653347901e+20,5.231293221918067005e+00,2.373735403105491718e-10,0.000000000000000000e+00,1.638094847060910426e+07,2.452417822951637208e+04,1.638094847060910426e+07,0.000000000000000000e+00,0.000000000000000000e+00,1.043710131094825119e+08,-2.591967283811048671e+32,-6.952993577197999624e+30,3.990460041831571497e+32,1.830261766571384755e+24,2.098419816974466296e+30,6.516142783695594076e+00,4.564844854949717999e+39,3.022396304963275903e+38,1.000000000000000000e+04,2.081429340730778961e+02,6.380505713086962351e+04
1.150000000000000000e+01,1.123508403703235903e+00,3.745177912179283067e+20,5.870354240440747162e+00,2.201550421165851487e-10,0.000000000000000000e+00,1.641288203855390660e+07,2.452417822951637208e+04,1.641288203855390660e+07,0.000000000000000000e+00,0.000000000000000000e+00,1.045741732932785451e+08,-2.539547211431609665e+32,-7.227099543443797921e+30,3.880461752342783296e+32,1.649331329001062903e+24,1.873826090750183013e+30,6.330653733478794898e+00,4.304660602242335385e+39,2.734659450929602594e+38,1.000000000000000000e+04,2.054218961046750280e+02,6.392925490137728775e+04
1.200000000000000000e+01,1.151991163472444679e+00,3.842614255253790392e+20,6.473184613736377990e+00,2.019588882017362692e-10,0.000000000000000000e+00,1.644487776580270566e+07,2.452417822951637208e+04,1.644487776580270566e+07,0.000000000000000000e+00,0.000000000000000000e+00,1.047777289322785884e+08,-2.483194762791805832e+32,-7.487625798328800926e+30,3.747368607971777755e+32,1.485712338333427130e+24,1.680280039020664718e+30,6.161466894198866839e+00,4.074070019496867789e+39,2.487791367180741568e+38,1.000000000000000000e+04,2.024829291039757493e+02,6.405369442523325415e+04
1.250000000000000000e+01,1.183185478567980953e+00,3.949225988169698509e+20,7.032362683839341599e+00,1.835963600169352664e-10,0.000000000000000000e+00,1.647693577334978804e+07,2.452417822951637208e+04,1.647693577334978804e+07,0.000000000000000000e+00,0.000000000000000000e+00,1.049816807962437719e+08,-2.424010034271744551e+32,-7.731488802286954245e+30,3.598304427202954181e+32,1.338071695999889528e+24,1.512308822779266588e+30,6.006246185752837086e+00,3.868099316718178265e+39,2.274045803141645518e+38,1.000000000000000000e+04,1.993709971055682786e+02,6.417837617301503633e+04
1.300000000000000000e+01,1.216867864514011854e+00,4.064284409359902966e+20,7.543267355985974199e+00,1.657096564529459546e-10,0.000000000000000000e+00,1.650905618242494948e+07,2.452417822951637208e+04,1.650905618242494948e+07,0.000000000000000000e+00,0.000000000000000000e+00,1.051860296564335972e+08,-2.363040321065028722e+32,-7.956716022556306163e+30,3.439741954488085287e+32,1.205226043596379651e+24,1.365689674472914883e+30,5.863100533894266775e+00,3.682858499257000027e+39,2.087499718208156210e+38,1.000000000000000000e+04,1.961310273741694914e+02,6.430330061621616187e+04
1.350000000000000000e+01,1.252799484516234463e+00,4.187007594892385976e+20,8.003702024017231409e+00,1.487598959075780536e-10,0.000000000000000000e+00,1.654123911449396797e+07,2.452417822951637208e+04,1.654123911449396797e+07,0.000000000000000000e+00,0.000000000000000000e+00,1.053907762856089175e+08,-2.301231426166018444e+32,-8.162304191956756924e+30,3.277202120170313150e+32,1.086043142897420420e+24,1.237088398054306021e+30,5.730487714760158724e+00,3.515256384729716604e+39,1.923541796564183694e+38,1.000000000000000000e+04,1.928056735124901877e+02,6.442846822724798403e+04
1.400000000000000000e+01,1.290736580819447532e+00,4.316595114472936571e+20,8.413438864755161006e+00,1.330403806531313425e-10,0.000000000000000000e+00,1.657348469125905074e+07,2.452417822951637208e+04,1.657348469125905074e+07,0.000000000000000000e+00,0.000000000000000000e+00,1.055959214580346197e+08,-2.239399356354674595e+32,-8.348043458984880079e+30,3.115128545967970319e+32,9.794070784291137672e+23,1.123828469479047269e+30,5.607146967872313148e+00,3.362810484617361579e+39,1.778538902747645203e+38,1.000000000000000000e+04,1.894337530177185442e+02,6.455387947944128973e+04
1.450000000000000000e+01,1.330438665716710434e+00,4.452255385613753385e+20,8.773751030302927134e+00,1.187042806001977062e-10,0.000000000000000000e+00,1.660579303465930186e+07,2.452417822951637208e+04,1.660579303465930186e+07,0.000000000000000000e+00,0.000000000000000000e+00,1.058014659494828731e+08,-2.178219354183826694e+32,-8.514334496698603732e+30,2.956898249771125013e+32,8.842076961199867895e+23,1.023713717910818570e+30,5.491999159154445920e+00,3.223480538912504217e+39,1.649571443121755951e+38,1.000000000000000000e+04,1.860493239383450543e+02,6.467953484704832954e+04
1.500000000000000000e+01,1.371674543943879998e+00,4.593225872455627571e+20,9.086979529406923106e+00,1.057974461429129749e-10,0.000000000000000000e+00,1.663816426687119156e+07,2.452417822951637208e+04,1.663816426687119156e+07,0.000000000000000000e+00,0.000000000000000000e+00,1.060074105372357965e+08,-2.118227940096369276e+32,-8.662017595011130212e+30,2.804921124426948304e+32,7.993651935677392345e+23,9.349377347101379540e+29,5.384171659942844634e+00,3.095605249306877041e+39,1.534296515219236633e+38,1.000000000000000000e+04,1.826812997262486249e+02,6.480543480524443294e+04
1.550000000000000000e+01,1.414226409812505691e+00,4.738786911951088517e+20,9.356161498098176210e+00,9.429002824086860464e-11,0.000000000000000000e+00,1.667059851030899025e+07,2.452417822951637208e+04,1.667059851030899025e+07,0.000000000000000000e+00,0.000000000000000000e+00,1.062137560000885576e+08,-2.059833543058823097e+32,-8.792224838207248247e+30,2.660786267466357338e+32,7.238343111557213072e+23,8.559759205189329586e+29,5.282883340365556180e+00,2.977778430031470707e+39,1.430778676703029377e+38,1.000000000000000000e+04,1.793534733076303951e+02,6.493157983012988552e+04
1.600000000000000000e+01,1.457892345915205112e+00,4.888270234170439762e+20,9.584729992743287852e+00,8.410343081220916209e-11,0.000000000000000000e+00,1.670309588762526587e+07,2.452417822951637208e+04,1.670309588762526587e+07,0.000000000000000000e+00,0.000000000000000000e+00,1.064205031183522344e+08,-2.003331911522390796e+32,-8.906259849793982388e+30,2.525422174835707073e+32,6.566314928163010988e+23,7.855489289384743524e+29,5.187488366537169604e+00,2.868831899620599503e+39,1.337432961991628720e+38,1.000000000000000000e+04,1.760848214291331431e+02,6.505797039873171889e+04
1.650000000000000000e+01,1.502487567369182875e+00,5.041063306580486390e+20,9.776283995414285499e+00,7.513136974306656629e-11,0.000000000000000000e+00,1.673565652171132900e+07,2.452417822951637208e+04,1.673565652171132900e+07,0.000000000000000000e+00,0.000000000000000000e+00,1.066276526738567948e+08,-1.948923405016867842e+32,-9.005504954101317510e+30,2.399249834572906204e+32,5.968416245967438322e+23,7.225672718130073941e+29,5.097426419976796019e+00,2.767773338691143967e+39,1.252936820668650356e+38,1.000000000000000000e+04,1.728899773027443416e+02,6.518460698900547868e+04
1.700000000000000000e+01,1.547844731228235959e+00,5.196610556367846113e+20,9.934421093372113987e+00,6.725519179501047779e-11,0.000000000000000000e+00,1.676828053569769673e+07,2.452417822951637208e+04,1.676828053569769673e+07,0.000000000000000000e+00,0.000000000000000000e+00,1.068352054499541074e+08,-1.896730185657003920e+32,-9.091353035720546306e+30,2.282317298621270183e+32,5.436244789032347134e+23,6.660977701996730162e+29,5.012194807540621078e+00,2.673748814460340507e+39,1.176177065094840914e+38,1.000000000000000000e+04,1.697797837780292411e+02,6.531149007983710908e+04
1.750000000000000000e+01,1.593813585327690907e+00,5.354412377989307433e+20,1.006262223572470305e+01,6.035429122554608946e-11,0.000000000000000000e+00,1.680096805295455828e+07,2.452417822951637208e+04,1.680096805295455828e+07,0.000000000000000000e+00,0.000000000000000000e+00,1.070431622315207720e+08,-1.846812107971595563e+32,-9.165160071387710869e+30,2.174411068427262142e+32,4.962229896505105528e+23,6.153477043863973861e+29,4.931392796006814905e+00,2.586044075690019386e+39,1.106227744916177658e+38,1.000000000000000000e+04,1.667618640650111388e+02,6.543862015104465536e+04
1.800000000000000000e+01,1.640260178455780204e+00,5.514022661820237087e+20,1.016417774904110871e+01,5.431269808235894638e-11,0.000000000000000000e+00,1.683371919709225744e+07,2.452417822951637208e+04,1.683371919709225744e+07,0.000000000000000000e+00,0.000000000000000000e+00,1.072515238049612194e+08,-1.799180693572891731e+32,-9.228214152161221813e+30,2.075144458935180459e+32,4.539525673596506855e+23,5.696234690456003259e+29,4.854617899983154850e+00,2.504016226791130023e+39,1.042282725574166490e+38,1.000000000000000000e+04,1.638411687439176490e+02,6.556599768338019203e+04
1.850000000000000000e+01,1.687065802953173543e+00,5.675045412759169925e+20,1.024214440790214198e+01,4.902284393686061504e-11,0.000000000000000000e+00,1.686653409196173772e+07,2.452417822951637208e+04,1.686653409196173772e+07,0.000000000000000000e+00,0.000000000000000000e+00,1.074602909582106173e+08,-1.753810980901699616e+32,-9.281717000630339261e+30,1.984024581045047447e+32,4.162062756440047155e+23,5.283311688730023119e+29,4.781539434714693115e+00,2.427118845569644901e+39,9.836618591126166143e+37,1.000000000000000000e+04,1.610204749601019785e+02,6.569362315853155451e+04
1.900000000000000000e+01,1.734125796249407436e+00,5.837130880513329070e+20,1.029932518656181628e+01,4.438738914755925645e-11,0.000000000000000000e+00,1.689941286165502667e+07,2.452417822951637208e+04,1.689941286165502667e+07,0.000000000000000000e+00,0.000000000000000000e+00,1.076694644807378352e+08,-1.710651292344341038e+32,-9.326774682951250258e+30,1.900501983179202700e+32,3.824476715819075591e+23,4.909588083810660853e+29,4.711874025318718573e+00,2.354880064612000243e+39,9.297850899766481650e+37,1.000000000000000000e+04,1.583008262102884487e+02,6.582149705912418722e+04
1.950000000000000000e+01,1.781348291379843296e+00,5.999971502665725379e+20,1.033826480766481914e+01,4.031976636492828227e-11,0.000000000000000000e+00,1.693235563050569221e+07,2.452417822951637208e+04,1.693235563050569221e+07,0.000000000000000000e+00,0.000000000000000000e+00,1.078790451635485142e+08,-1.669631100654816178e+32,-9.364394781839112584e+30,1.824005931454801069e+32,3.522026893862721930e+23,4.570588989075969456e+29,4.645355586933151315e+00,2.286878720696880621e+39,8.801460049183419692e+37,1.000000000000000000e+04,1.556819095793028964e+02,6.594961986872300622e+04
2.000000000000000000e+01,1.828652978000571583e+00,6.163297867047189873e+20,1.036125583977032605e+01,3.674393328458004113e-11,0.000000000000000000e+00,1.696536252308933064e+07,2.452417822951637208e+04,1.696536252308933064e+07,0.000000000000000000e+00,0.000000000000000000e+00,1.080890337991879731e+08,-1.630667239919320669e+32,-9.395487934156916086e+30,1.753968633518489738e+32,3.250558147075403835e+23,4.262440373578227184e+29,4.581759154925414634e+00,2.222749550784336425e+39,8.343090115899918772e+37,1.000000000000000000e+04,1.531623725648348966e+02,6.607799207183417457e+04
2.050000000000000000e+01,1.875969913289309732e+00,6.326874826376892908e+20,1.037035138721475036e+01,3.359367800043193767e-11,0.000000000000000000e+00,1.699843366422401369e+07,2.452417822951637208e+04,1.699843366422401369e+07,0.000000000000000000e+00,0.000000000000000000e+00,1.082994311817442328e+08,-1.593668722141439012e+32,-9.420872142288774416e+30,1.689841236068530587e+32,3.006406400195382466e+23,3.981712198791290601e+29,4.520850534982847613e+00,2.162154093449748855e+39,7.918844480584085667e+37,1.000000000000000000e+04,1.507400846235814242e+02,6.620661415390696493e+04
2.100000000000000000e+01,1.923238406817444845e+00,6.490497847180554404e+20,1.036738165901315334e+01,3.081170133110522666e-11,0.000000000000000000e+00,1.703156917897078767e+07,2.452417822951637208e+04,1.703156917897078767e+07,0.000000000000000000e+00,0.000000000000000000e+00,1.085102381068510115e+08,-1.558540407743536825e+32,-9.441278762858574379e+30,1.631103666161923224e+32,2.786395561198929136e+23,3.725476868788064999e+29,4.462464118169418903e+00,2.104812718322867094e+39,7.525451003900072919e+37,1.000000000000000000e+04,1.484123499225891578e+02,6.633548660133556405e+04
2.150000000000000000e+01,1.970405991702240067e+00,6.653989635651487662e+20,1.035397227759221650e+01,2.834862402637412545e-11,0.000000000000000000e+00,1.706476919263412431e+07,2.452417822951637208e+04,1.706476919263412431e+07,0.000000000000000000e+00,0.000000000000000000e+00,1.087214553716907799e+08,-1.525185752632901037e+32,-9.457359299409819507e+30,1.577270164421556655e+32,2.587726579558288951e+23,3.491120842043597700e+29,4.406417430222208331e+00,2.050460939211834554e+39,7.159938284840302518e+37,1.000000000000000000e+04,1.461760781691743034e+02,6.646460990146094991e+04
2.200000000000000000e+01,2.017427486938689007e+00,6.817197058300147139e+20,1.033156312194317294e+01,2.616200531320442066e-11,0.000000000000000000e+00,1.709803383076240867e+07,2.452417822951637208e+04,1.709803383076240867e+07,0.000000000000000000e+00,0.000000000000000000e+00,1.089330837749977112e+08,-1.493508822734868441e+32,-9.469692503707812265e+30,1.527891762327985977e+32,2.407961594231054118e+23,3.276369318234833648e+29,4.352561331128728561e+00,1.998869010933564553e+39,6.819725025452582795e+37,1.000000000000000000e+04,1.440279201233953756e+02,6.659398454257273988e+04
2.250000000000000000e+01,2.064264150694495648e+00,6.979988358028199199e+20,1.030142683785485325e+01,2.421542397364995127e-11,0.000000000000000000e+00,1.713136321914839745e+07,2.452417822951637208e+04,1.713136321914839745e+07,0.000000000000000000e+00,0.000000000000000000e+00,1.091451241170607209e+08,-1.463415735254517008e+32,-9.478791424660694161e+30,1.482556788639037923e+32,2.244960648521444061e+23,3.079205746988125407e+29,4.300743743697446497e+00,1.949824069494137670e+39,6.502495201788316347e+37,1.000000000000000000e+04,1.419643738181335380e+02,6.672361101391098055e+04
2.300000000000000000e+01,2.110882920894348924e+00,7.142250654564899881e+20,1.026468627566033121e+01,2.247763914297399760e-11,0.000000000000000000e+00,1.716475748382971808e+07,2.452417822951637208e+04,1.716475748382971808e+07,0.000000000000000000e+00,0.000000000000000000e+00,1.093575771997265220e+08,-1.434815656881059789e+32,-9.485110092027151690e+30,1.440889689864955806e+32,2.096859291384049597e+23,2.897868014338823313e+29,4.250842673141298711e+00,1.903141066581651301e+39,6.206225097949376051e+37,1.000000000000000000e+04,1.399818667977842495e+02,6.685348980566805403e+04
2.350000000000000000e+01,2.157255737507624005e+00,7.303887711669080556e+20,1.022233087803150475e+01,2.092185658399490770e-11,0.000000000000000000e+00,1.719821675108931959e+07,2.452417822951637208e+04,1.719821675108931959e+07,0.000000000000000000e+00,0.000000000000000000e+00,1.095704438264026642e+08,-1.407621463536228047e+32,-9.489049838865317867e+30,1.402549702609265722e+32,1.962024790973278375e+23,2.730801922649496164e+29,4.202747214557502886e+00,1.858653387009712988e+39,5.929118493942864724e+37,1.000000000000000000e+04,1.380768189299249684e+02,6.698362140899052611e+04
2.400000000000000000e+01,2.203358940532035959e+00,7.464817951976909701e+20,1.017523161623283734e+01,1.952507510506094932e-11,0.000000000000000000e+00,1.723174114745597914e+07,2.452417822951637208e+04,1.723174114745597914e+07,0.000000000000000000e+00,0.000000000000000000e+00,1.097837248020604849e+08,-1.381750144250715215e+32,-9.490965087428327689e+30,1.367228235896694146e+32,1.839019554311445907e+23,2.576616173899340927e+29,4.156343014111282486e+00,1.816204545596711983e+39,5.669537864751792941e+37,1.000000000000000000e+04,1.362456895998975881e+02,6.711400631598093605e+04
2.450000000000000000e+01,2.249172736393322936e+00,7.624972695959623434e+20,1.012415448089854841e+01,1.826752891197604731e-11,0.000000000000000000e+00,1.726533079970475286e+07,2.452417822951637208e+04,1.726533079970475286e+07,0.000000000000000000e+00,0.000000000000000000e+00,1.099974209332382530e+08,-1.357123014527858568e+32,-9.491168593246614770e+30,1.334646503808173239e+32,1.726581657129706366e+23,2.434078125342995752e+29,4.111523764688975291e+00,1.775652227088633005e+39,5.426019232007857977e+37,1.000000000000000000e+04,1.344850124850335078e+02,6.724464501969976118e+04
2.500000000000000000e+01,2.294680726033221152e+00,7.784294603203402793e+20,1.006977266904163848e+01,1.713220955138592567e-11,0.000000000000000000e+00,1.729898583485746756e+07,2.452417822951637208e+04,1.729898583485746756e+07,0.000000000000000000e+00,0.000000000000000000e+00,1.102115330280441642e+08,-1.333665789676196185e+32,-9.489936199698992251e+30,1.304553124943715887e+32,1.623612338123895755e+23,2.302117254794872749e+29,4.068218941063135752e+00,1.736877978841373533e+39,5.197304071068950064e+37,1.000000000000000000e+04,1.327914205099067431e+02,6.737553801416720671e+04
2.550000000000000000e+01,2.339869488428180322e+00,7.942736295704057610e+20,1.001267743367750640e+01,1.610445397339757140e-11,0.000000000000000000e+00,1.733270638018320128e+07,2.452417822951637208e+04,1.733270638018320128e+07,0.000000000000000000e+00,0.000000000000000000e+00,1.104260618961594403e+08,-1.311308556924412765e+32,-9.487511081673927837e+30,1.276721454131098827e+32,1.529130773795652124e+23,2.179747964206321689e+29,4.026329970306182560e+00,1.699759961919836076e+39,4.982187512822412121e+37,1.000000000000000000e+04,1.311616630903795340e+02,6.750668579436511209e+04
2.600000000000000000e+01,2.384728213125874685e+00,8.100259142233591644e+20,9.953387722465427245e+00,1.517159915872257918e-11,0.000000000000000000e+00,1.736649256319876760e+07,2.452417822951637208e+04,1.736649256319876760e+07,0.000000000000000000e+00,0.000000000000000000e+00,1.106410083488413244e+08,-1.289985676326473137e+32,-9.484107524840840583e+30,1.250947403124966583e+32,1.442279167594994189e+23,2.066109958651521764e+29,3.985783971373025647e+00,1.664194488542895625e+39,4.779625533373040336e+37,1.000000000000000000e+04,1.295926173876004270e+02,6.763808885623881361e+04
2.650000000000000000e+01,2.429248376528727160e+00,8.256832186606957363e+20,9.892358750033308112e+00,1.432268579444551271e-11,0.000000000000000000e+00,1.740034451166919991e+07,2.452417822951637208e+04,1.740034451166919991e+07,0.000000000000000000e+00,0.000000000000000000e+00,1.108563731989261806e+08,-1.269635632886664743e+32,-9.479914295630025662e+30,1.227047131938662677e+32,1.362296009237327145e+23,1.960423538282345121e+29,3.946504042281326008e+00,1.630082447316993020e+39,4.588649666502772334e+37,1.000000000000000000e+04,1.280812949293317331e+02,6.776974769669896341e+04
2.700000000000000000e+01,2.473423456679478605e+00,8.412431202674219418e+20,9.829989528466102300e+00,1.354820789866825263e-11,0.000000000000000000e+00,1.743426235360820591e+07,2.452417822951637208e+04,1.743426235360820591e+07,0.000000000000000000e+00,0.000000000000000000e+00,1.110721572608326375e+08,-1.250200857036984631e+32,-9.475097606508807874e+30,1.204854953393194488e+32,1.288513934555047338e+23,1.862006696298861059e+29,3.908439277505221909e+00,1.597340828619067133e+39,4.408420524663886499e+37,1.000000000000000000e+04,1.266248446972865480e+02,6.790166281362352311e+04
2.750000000000000000e+01,2.517248681977683589e+00,8.567037861065806316e+20,9.766629524173744414e+00,1.283990294914163203e-11,0.000000000000000000e+00,1.746824621727870032e+07,2.452417822951637208e+04,1.746824621727870032e+07,0.000000000000000000e+00,0.000000000000000000e+00,1.112883613505645394e+08,-1.231627526162475078e+32,-9.469803742873501922e+30,1.184221598101290073e+32,1.220328576722199569e+23,1.770217357591860337e+29,3.871501551386619777e+00,1.565877667759851417e+39,4.238104670483400860e+37,1.000000000000000000e+04,1.252205535466864745e+02,6.803383470585955365e+04
2.800000000000000000e+01,2.560720809866511960e+00,8.720638994718461788e+20,9.702584505123084568e+00,1.219057015563432773e-11,0.000000000000000000e+00,1.750229623119325191e+07,2.452417822951637208e+04,1.750229623119325191e+07,0.000000000000000000e+00,0.000000000000000000e+00,1.115049862857141644e+08,-1.213865356478714256e+32,-9.464161374185800634e+30,1.165012269466119773e+32,1.157222352251541961e+23,1.684528077803135085e+29,3.835671315174034479e+00,1.535632748628000473e+39,4.077062684153560767e+37,1.000000000000000000e+04,1.238658446379668590e+02,6.816626387322515075e+04
2.850000000000000000e+01,2.603837931725768939e+00,8.873225950810606141e+20,9.638121721628298388e+00,1.159392337082115248e-11,0.000000000000000000e+00,1.753641252411457524e+07,2.452417822951637208e+04,1.753641252411457524e+07,0.000000000000000000e+00,0.000000000000000000e+00,1.117220328854651898e+08,-1.196867392146351958e+32,-9.458283606459124056e+30,1.147105523562526550e+32,1.098716197517325343e+23,1.604414070034341168e+29,3.800870336969190522e+00,1.506526599987212463e+39,3.924592117272204872e+37,1.000000000000000000e+04,1.225582744225897045e+02,6.829895081651129294e+04
2.900000000000000000e+01,2.646599301176522090e+00,9.024794019976345027e+20,9.573474456250510300e+00,1.104445822744397516e-11,0.000000000000000000e+00,1.757059522505603731e+07,2.452417822951637208e+04,1.757059522505603731e+07,0.000000000000000000e+00,0.000000000000000000e+00,1.119395019705958366e+08,-1.180589796299865393e+32,-9.452269787710414318e+30,1.130391486155995418e+32,1.044389474502294362e+23,1.529418510965074051e+29,3.767046710501892992e+00,1.478493921753291703e+39,3.780090989687148946e+37,1.000000000000000000e+04,1.212955285901377067e+02,6.843189603748374793e+04
2.950000000000000000e+01,2.689005182491448487e+00,9.175341931874417377e+20,9.508845954597791916e+00,1.053734463439747560e-11,0.000000000000000000e+00,1.760484446328212321e+07,2.452417822951637208e+04,1.760484446328212321e+07,0.000000000000000000e+00,0.000000000000000000e+00,1.121573943634820431e+08,-1.164991647624160650e+32,-9.446207067937479442e+30,1.114770747553476405e+32,9.938683666547402919e+22,1.459135045849146998e+29,3.734157522602764345e+00,1.451476842531089373e+39,3.643024456775473275e+37,1.000000000000000000e+04,1.200754173185663660e+02,6.856510003888500796e+04
3.000000000000000000e+01,2.731056716834685094e+00,9.324871409646483538e+20,9.444412959281518027e+00,1.006833580616264207e-11,0.000000000000000000e+00,1.763916036830893904e+07,2.452417822951637208e+04,1.763916036830893904e+07,0.000000000000000000e+00,0.000000000000000000e+00,1.123757108881005049e+08,-1.150034744660441178e+32,-9.440171806335560739e+30,1.100153435273688293e+32,9.468199333921704169e+22,1.393201455807007427e+29,3.702168058825638042e+00,1.425424089718480104e+39,3.512916711663273340e+37,1.000000000000000000e+04,1.188958700725371784e+02,6.869856332443615247e+04
3.050000000000000000e+01,2.772755804449360983e+00,9.473386777107077530e+20,9.380328848656114715e+00,9.633687829920269280e-12,0.000000000000000000e+00,1.767354306990469620e+07,2.452417822951637208e+04,1.767354306990469620e+07,0.000000000000000000e+00,0.000000000000000000e+00,1.125944523700317889e+08,-1.135683419179827136e+32,-9.434230824249619549e+30,1.086458072739053761e+32,9.029425067676007819e+22,1.331275267739620611e+29,3.671037089491997030e+00,1.400283295954666712e+39,3.389295754615453631e+37,1.000000000000000000e+04,1.177549301346088129e+02,6.883228639883878350e+04
3.100000000000000000e+01,2.814105000585266136e+00,9.620894611361396163e+20,9.316726272675664333e+00,9.230091938913564638e-12,0.000000000000000000e+00,1.770799269809019566e+07,2.452417822951637208e+04,1.770799269809019566e+07,0.000000000000000000e+00,0.000000000000000000e+00,1.128136196364634633e+08,-1.121904359612290973e+32,-9.428442454858824413e+30,1.073610636957001252e+32,8.619631379406462648e+22,1.273045878235928120e+29,3.640712317258234521e+00,1.376002290092713032e+39,3.271728267265823359e+37,1.000000000000000000e+04,1.166507490250898371e+02,6.896626976777685923e+04
3.150000000000000000e+01,2.855107423445302217e+00,9.767403435171800678e+20,9.253719575113546369e+00,8.854618729046339920e-12,0.000000000000000000e+00,1.774250938313933089e+07,2.452417822951637208e+04,1.774250938313933089e+07,0.000000000000000000e+00,0.000000000000000000e+00,1.130332135161932409e+08,-1.108666444942974918e+32,-9.422857512657386122e+30,1.061543956688958788e+32,8.236448967503343990e+22,1.218250786685684501e+29,3.611183555462360584e+00,1.352546149535719290e+39,3.159866778852042466e+37,1.000000000000000000e+04,1.155815809214646066e+02,6.910051393791873124e+04
3.200000000000000000e+01,2.895766672973417943e+00,9.912923445226350838e+20,9.191406915043950576e+00,8.504668222791780503e-12,0.000000000000000000e+00,1.777709325557958335e+07,2.452417822951637208e+04,1.777709325557958335e+07,0.000000000000000000e+00,0.000000000000000000e+00,1.132532348396321386e+08,-1.095940589033208496e+32,-9.417520143555595130e+30,1.050196930170467551e+32,7.877641215041958052e+22,1.166623994723981500e+29,3.582396226101310255e+00,1.329865782383297589e+39,3.053321419957878129e+37,1.000000000000000000e+04,1.145457771507417419e+02,6.923501941691893444e+04
3.250000000000000000e+01,2.936086759068518237e+00,1.005746627162627506e+21,9.129872113918160892e+00,8.177927701498446117e-12,0.000000000000000000e+00,1.781174444619249180e+07,2.452417822951637208e+04,1.781174444619249180e+07,0.000000000000000000e+00,0.000000000000000000e+00,1.134736844388075471e+08,-1.083699595271792445e+32,-9.412468565405070103e+30,1.039513898763951312e+32,7.541249548989774168e+22,1.117938894269859699e+29,3.554325363993978470e+00,1.307925108475475660e+39,2.951773757585597828e+37,1.000000000000000000e+04,1.135417808176121355e+02,6.936978671342020971e+04
3.300000000000000000e+01,2.976072038064746739e+00,1.020104476476177908e+21,9.069186283998849518e+00,7.872335983696897450e-12,0.000000000000000000e+00,1.784646308601418510e+07,2.452417822951637208e+04,1.784646308601418510e+07,0.000000000000000000e+00,0.000000000000000000e+00,1.136945631473664194e+08,-1.071918021256858242e+32,-9.407735721806529102e+30,1.029444154359694358e+32,7.225473328720417653e+22,1.071979209754206625e+29,3.526934062211726228e+00,1.286685159506086650e+39,2.854904902191499660e+37,1.000000000000000000e+04,1.125681216107822564e+02,6.950481633705535205e+04
3.350000000000000000e+01,3.015727156614777194e+00,1.034367280674135081e+21,9.009409303098115274e+00,7.586051517762023474e-12,0.000000000000000000e+00,1.788124930633583665e+07,2.452417822951637208e+04,1.788124930633583665e+07,0.000000000000000000e+00,0.000000000000000000e+00,1.139158718005783856e+08,-1.060572053045456968e+32,-9.403349876455769280e+30,1.019941353336150766e+32,6.928731295353153362e+22,1.028563253883389406e+29,3.500209264011502341e+00,1.266118169938378116e+39,2.762462675580244702e+37,1.000000000000000000e+04,1.116234108123869646e+02,6.964010879844914598e+04
3.400000000000000000e+01,3.055057001962444563e+00,1.048536514400889209e+21,8.950591062034222389e+00,7.317426426907099040e-12,0.000000000000000000e+00,1.791610323870419338e+07,2.452417822951637208e+04,1.791610323870419338e+07,0.000000000000000000e+00,0.000000000000000000e+00,1.141376112353390306e+08,-1.049639388544012100e+32,-9.399335114812461255e+30,1.010963198572464251e+32,6.649548393338189644e+22,9.875114910510865783e+28,3.474119896558278686e+00,1.246190785145827690e+39,2.674178429886466646e+37,1.000000000000000000e+04,1.107063365319340846e+02,6.977566460922035913e+04
3.450000000000000000e+01,3.094066658025430794e+00,1.062613723925697790e+21,8.892772627592721690e+00,7.064982672127040155e-12,0.000000000000000000e+00,1.795102501492205262e+07,2.452417822951637208e+04,1.795102501492205262e+07,0.000000000000000000e+00,0.000000000000000000e+00,1.143597822901728898e+08,-1.039099129455935678e+32,-9.395711814678048469e+30,1.002470973056315858e+32,6.386573425138478141e+22,9.486555972954479707e+28,3.448630103190767127e+00,1.226869339369343260e+39,2.589792707688710999e+37,1.000000000000000000e+04,1.098156591700639240e+02,6.991148428198361944e+04
3.500000000000000000e+01,3.132761366533777458e+00,1.076600514013344825e+21,8.835987233734099888e+00,6.827392006336744709e-12,0.000000000000000000e+00,1.798601476704877615e+07,2.452417822951637208e+04,1.798601476704877615e+07,0.000000000000000000e+00,0.000000000000000000e+00,1.145823858052367419e+08,-1.028931681286840282e+32,-9.392497046705660637e+30,9.944292017066222188e+31,6.138608701495960823e+22,9.118503096969412545e+28,3.423721861403760336e+00,1.208128076007946393e+39,2.509089729178464685e+37,1.000000000000000000e+04,1.089502071181861282e+02,7.004756833035136515e+04
3.550000000000000000e+01,3.171146492653949434e+00,1.090498536285772055e+21,8.780261184783174855e+00,6.603459077293982761e-12,0.000000000000000000e+00,1.802107262740077078e+07,2.452417822951637208e+04,1.802107262740077078e+07,0.000000000000000000e+00,0.000000000000000000e+00,1.148054226223227680e+08,-1.019118660868883137e+32,-9.389704940878340174e+30,9.868054259362285878e+31,5.904571272853536217e+22,8.769647288646775716e+28,3.399382714039271391e+00,1.189944497411659458e+39,2.431876358496935087e+37,1.000000000000000000e+04,1.081088726929110351e+02,7.018391726893582381e+04
3.600000000000000000e+01,3.209227494622584942e+00,1.104309478917821301e+21,8.725614625820819370e+00,6.392104927600108375e-12,0.000000000000000000e+00,1.805619872855201364e+07,2.452417822951637208e+04,1.805619872855201364e+07,0.000000000000000000e+00,0.000000000000000000e+00,1.150288935848616362e+08,-1.009642810870054153e+32,-9.387346998617965183e+30,9.795697367316961464e+31,5.683446971431443340e+22,8.438712909585107853e+28,3.375585667200033502e+00,1.172292206142208386e+39,2.357953343350372020e+37,1.000000000000000000e+04,1.072906083004262001e+02,7.032053161335083132e+04
3.650000000000000000e+01,3.247009896867819823e+00,1.118035057493470609e+21,8.672062266499235506e+00,6.192355278720791862e-12,0.000000000000000000e+00,1.809139320333452523e+07,2.452417822951637208e+04,1.809139320333452523e+07,0.000000000000000000e+00,0.000000000000000000e+00,1.152527995379258245e+08,-1.000487920807659842e+32,-9.385432388031607835e+30,9.726947522234230965e+31,5.474291495447296790e+22,8.124446070887625121e+28,3.352296220552574813e+00,1.155142423461126192e+39,2.287112876754629498e+37,1.000000000000000000e+04,1.064944228260383170e+02,7.045741188021397102e+04
3.700000000000000000e+01,3.284499266281569074e+00,1.131677006911940067e+21,8.619613976976170377e+00,6.003327639236138082e-12,0.000000000000000000e+00,1.812665618483889848e+07,2.452417822951637208e+04,1.812665618483889848e+07,0.000000000000000000e+00,0.000000000000000000e+00,1.154771413282327950e+08,-9.916387540648106278e+31,-9.383968185874859783e+30,9.661551972243933210e+31,5.276331041416568583e+22,7.825990197293989497e+28,3.329532463876860859e+00,1.138487063686829553e+39,2.219245777455227425e+37,1.000000000000000000e+04,1.057193782394389814e+02,7.059455858714842179e+04
3.750000000000000000e+01,3.321701191223314975e+00,1.145237074203896185e+21,8.568275348797726565e+00,5.824222017963651081e-12,0.000000000000000000e+00,1.816198780641478673e+07,2.452417822951637208e+04,1.816198780641478673e+07,0.000000000000000000e+00,0.000000000000000000e+00,1.157019198041481078e+08,-9.830809804763249940e+31,-9.382959606853787139e+30,9.599278313013117965e+31,5.088721001143977011e+22,7.542116227274196504e+28,3.307231772738995712e+00,1.122289318523955501e+39,2.154126110216117721e+37,1.000000000000000000e+04,1.049645864080525399e+02,7.073197225278489350e+04
3.800000000000000000e+01,3.358621263054066386e+00,1.158717012192501563e+21,8.518048216596451283e+00,5.654312029724988868e-12,0.000000000000000000e+00,1.819738820167139918e+07,2.452417822951637208e+04,1.819738820167139918e+07,0.000000000000000000e+00,0.000000000000000000e+00,1.159271358156886548e+08,-9.748011140232401701e+31,-9.382410218227406476e+30,9.539912726511545633e+31,4.910796997969081847e+22,7.272043156317207501e+28,3.285400102059373051e+00,1.106538307222615601e+39,2.091643766613743398e+37,1.000000000000000000e+04,1.042292061063477462e+02,7.086965339676360600e+04
3.850000000000000000e+01,3.395265059924598372e+00,1.172118573907960529e+21,8.468931071590656501e+00,5.492936526344035847e-12,0.000000000000000000e+00,1.823285750447804108e+07,2.452417822951637208e+04,1.823285750447804108e+07,0.000000000000000000e+00,0.000000000000000000e+00,1.161527902145259976e+08,-9.667864552396060959e+31,-9.382322108614019988e+30,9.483257444404847421e+31,4.741912475787357638e+22,7.014926836971479354e+28,3.264021619440018451e+00,1.091215813367197799e+39,2.031661271684095955e+37,1.000000000000000000e+04,1.035124402111871831e+02,7.100760253973634099e+04
3.900000000000000000e+01,3.431638132436263255e+00,1.185443507627178328e+21,8.420919461460153244e+00,5.339493147348901587e-12,0.000000000000000000e+00,1.826839584896457940e+07,2.452417822951637208e+04,1.826839584896457940e+07,0.000000000000000000e+00,0.000000000000000000e+00,1.163788838539894074e+08,-9.590250380008327273e+31,-9.382696052756089029e+30,9.429129979136350286e+31,4.581471199087528038e+22,6.769979721423189142e+28,3.243079934010205889e+00,1.076304176431501490e+39,1.974048357814964467e+37,1.000000000000000000e+04,1.028135330758627077e+02,7.114582020336826099e+04
3.950000000000000000e+01,3.467745991102700653e+00,1.198693552516648141e+21,8.374006346588096505e+00,5.193432179771235993e-12,0.000000000000000000e+00,1.830400336952196062e+07,2.452417822951637208e+04,1.830400336952196062e+07,0.000000000000000000e+00,0.000000000000000000e+00,1.166054175890692174e+08,-9.515055803063418213e+31,-9.383531658695579854e+30,9.377361691336375138e+31,4.428926428525567882e+22,6.536481299080326393e+28,3.222560643158410620e+00,1.061787151002328281e+39,1.918685862742335257e+37,1.000000000000000000e+04,1.021317680697104180e+02,7.128430691034000483e+04
4.000000000000000000e+01,3.503594095351042714e+00,1.211870434790925140e+21,8.328182398891101457e+00,5.054251146440758605e-12,0.000000000000000000e+00,1.833968020080275089e+07,2.452417822951637208e+04,1.833968020080275089e+07,0.000000000000000000e+00,0.000000000000000000e+00,1.168323922764199972e+08,-9.442174387589011959e+31,-9.384827490906064756e+30,9.327796508135645550e+31,4.283763025256423149e+22,6.313723023379980736e+28,3.202442117249429288e+00,1.047646588006187841e+39,1.865450362523845652e+37,1.000000000000000000e+04,1.014664652748743663e+02,7.142306318434959394e+04
4.050000000000000000e+01,3.539187843933819799e+00,1.224975864344493949e+21,8.283436304705380948e+00,4.921490194002318537e-12,0.000000000000000000e+00,1.837542647772159800e+07,2.452417822951637208e+04,1.837542647772159800e+07,0.000000000000000000e+00,0.000000000000000000e+00,1.170598087743638456e+08,-9.371505664350976332e+31,-9.386581196758160208e+30,9.280290090226622748e+31,4.145509717135448867e+22,6.101058680452332030e+28,3.182706469323083098e+00,1.033866137981365113e+39,1.814229498218991030e+37,1.000000000000000000e+04,1.008169793298257275e+02,7.156208955011446960e+04
4.100000000000000000e+01,3.574532566615978180e+00,1.238011531812244292e+21,8.239755003812675227e+00,4.794727683256156719e-12,0.000000000000000000e+00,1.841124233545577526e+07,2.452417822951637208e+04,1.841124233545577526e+07,0.000000000000000000e+00,0.000000000000000000e+00,1.172876679428935349e+08,-9.302954738727885542e+31,-9.388789605670150263e+30,9.234708487205276685e+31,4.013789538228012424e+22,5.898073971773683680e+28,3.163379048982289277e+00,1.020445030130554375e+39,1.764973532529349454e+37,1.000000000000000000e+04,1.001826974101920200e+02,7.170138653337339929e+04
4.150000000000000000e+01,3.609633516901979977e+00,1.250979105979086668e+21,8.197123896949316091e+00,4.673576625237298281e-12,0.000000000000000000e+00,1.844712790944567323e+07,2.452417822951637208e+04,1.844712790944567323e+07,0.000000000000000000e+00,0.000000000000000000e+00,1.175159706436759084e+08,-9.236431929530753606e+31,-9.391448815201952927e+30,9.190927573102509821e+31,3.888122910837467565e+22,5.703970128896820499e+28,3.144386882661225791e+00,1.007349247112550177e+39,1.717512111910664424e+37,1.000000000000000000e+04,9.956303733999517647e+01,7.184095466088855756e+04
4.200000000000000000e+01,3.644495865812270807e+00,1.263880231543528751e+21,8.155527086976348983e+00,4.557681418107805966e-12,0.000000000000000000e+00,1.848308333539533243e+07,2.452417822951637208e+04,1.848308333539533243e+07,0.000000000000000000e+00,0.000000000000000000e+00,1.177447177400550097e+08,-9.171852434131521364e+31,-9.394554293467343854e+30,9.148832382449627165e+31,3.768222782286331275e+22,5.518495112678768314e+28,3.125779016598726034e+00,9.945868539104556765e+38,1.671832978852667353e+37,1.000000000000000000e+04,9.895744582250830490e+01,7.198079446044746146e+04
4.250000000000000000e+01,3.679124696546234308e+00,1.276716527180323488e+21,8.114947509285769911e+00,4.446714414407254193e-12,0.000000000000000000e+00,1.851910874927292764e+07,2.452417822951637208e+04,1.851910874927292764e+07,0.000000000000000000e+00,0.000000000000000000e+00,1.179739100970554203e+08,-9.109136017953958448e+31,-9.398100932449335274e+30,9.108315446442720347e+31,3.653684378337607995e+22,5.340980904949477699e+28,3.107494607928291686e+00,9.821292055922411646e+38,1.627793762823876902e+37,1.000000000000000000e+04,9.836539678393597796e+01,7.212090646086494962e+04
4.300000000000000000e+01,3.713524999884733724e+00,1.289489583852560056e+21,8.075367134675982328e+00,4.340374218663305398e-12,0.000000000000000000e+00,1.855520428731130809e+07,2.452417822951637208e+04,1.855520428731130809e+07,0.000000000000000000e+00,0.000000000000000000e+00,1.182035485813854933e+08,-9.048206726521937439e+31,-9.402083134969299857e+30,9.069278029775193640e+31,3.544234871634267000e+22,5.171114587608747721e+28,3.089558032169124946e+00,9.699763498174838261e+38,1.585354726377756066e+37,1.000000000000000000e+04,9.778638982336427432e+01,7.226129119198523404e+04
4.350000000000000000e+01,3.747701670414807840e+00,1.302200963403027055e+21,8.036767101303921024e+00,4.238382363961386724e-12,0.000000000000000000e+00,1.859137008600850031e+07,2.452417822951637208e+04,1.859137008600850031e+07,0.000000000000000000e+00,0.000000000000000000e+00,1.184336340614406466e+08,-8.988992617877907091e+31,-9.406494870348830884e+30,9.031627608714336057e+31,3.439554693888337982e+22,5.008414899467558632e+28,3.071936652743091134e+00,9.581104093286029570e+38,1.544420700238027804e+37,1.000000000000000000e+04,9.721994875902608158e+01,7.240194918468387914e+04
4.400000000000000000e+01,3.781659503342396533e+00,1.314852197344738017e+21,7.999127847506689371e+00,4.140481630227233659e-12,0.000000000000000000e+00,1.862760628212822974e+07,2.452417822951637208e+04,1.862760628212822974e+07,0.000000000000000000e+00,0.000000000000000000e+00,1.186641674073066711e+08,-8.931425514151038652e+31,-9.411329731146046440e+30,8.995278194101929383e+31,3.339375670487048572e+22,4.852510134029222775e+28,3.054624276600629962e+00,9.465222077861193865e+38,1.504925884228276468e+37,1.000000000000000000e+04,9.666562026717491563e+01,7.254288097086978087e+04
4.450000000000000000e+01,3.815403191851222786e+00,1.327444785836956320e+21,7.962429212550931723e+00,4.046434106549936481e-12,0.000000000000000000e+00,1.866391301270043477e+07,2.452417822951637208e+04,1.866391301270043477e+07,0.000000000000000000e+00,0.000000000000000000e+00,1.188951494907629639e+08,-8.875440770711919728e+31,-9.416580975889994076e+30,8.960149759653128734e+31,3.243469974333050533e+22,4.703115886672312701e+28,3.037634792790285587e+00,9.352092950453115529e+38,1.466827995104177150e+37,1.000000000000000000e+04,9.612297260690093026e+01,7.268408708348724758e+04
4.500000000000000000e+01,3.848937324976629881e+00,1.339980196836718150e+21,7.926650555471963955e+00,3.956019448607346549e-12,0.000000000000000000e+00,1.870029041502178460e+07,2.452417822951637208e+04,1.870029041502178460e+07,0.000000000000000000e+00,0.000000000000000000e+00,1.191265811852858663e+08,-8.820977061474657814e+31,-9.422241580635313685e+30,8.926167707673201593e+31,3.151577984785982475e+22,4.559828786863021394e+28,3.020938525750522796e+00,9.241557412351423370e+38,1.430044438845275536e+37,1.000000000000000000e+04,9.559159442462102163e+01,7.282556805651792092e+04
4.550000000000000000e+01,3.882266385929041608e+00,1.352459865403891646e+21,7.891770833637726135e+00,3.869033329140879500e-12,0.000000000000000000e+00,1.873673862665618584e+07,2.452417822951637208e+04,1.873673862665618584e+07,0.000000000000000000e+00,0.000000000000000000e+00,1.193584633660520017e+08,-8.767976179120668592e+31,-9.428304272620140392e+30,8.893262413950614337e+31,3.063485493683418248e+22,4.422353026342154871e+28,3.004532173853069033e+00,9.133543408215390722e+38,1.394522807350698694e+37,1.000000000000000000e+04,9.507109363306672378e+01,7.296732442498292949e+04
4.600000000000000000e+01,3.915394750820111014e+00,1.364885193144121164e+21,7.857768701863048655e+00,3.785286292264569817e-12,0.000000000000000000e+00,1.877325778543534130e+07,2.452417822951637208e+04,1.877325778543534130e+07,0.000000000000000000e+00,0.000000000000000000e+00,1.195907969099414796e+08,-8.716382849090508731e+31,-9.434761573798588728e+30,8.861369392734250274e+31,2.978969189938127857e+22,4.290333151841470660e+28,2.988391274389291308e+00,9.027911731827407683e+38,1.360188883953324316e+37,1.000000000000000000e+04,9.456109635973018612e+01,7.310935672494475148e+04
4.650000000000000000e+01,3.948326687828178194e+00,1.377257547803060077e+21,7.824622598246682159e+00,3.704602302330675789e-12,0.000000000000000000e+00,1.880984802945922688e+07,2.452417822951637208e+04,1.880984802945922688e+07,0.000000000000000000e+00,0.000000000000000000e+00,1.198235826955412775e+08,-8.666144556113283281e+31,-9.441605838766608805e+30,8.830428503302350777e+31,2.897854954358556118e+22,4.163549595726857729e+28,2.972523490599542573e+00,8.924633035533194948e+38,1.327008540641748234e+37,1.000000000000000000e+04,9.406124595884097062e+01,7.325166549350935384e+04
4.700000000000000000e+01,3.981066356685386332e+00,1.389578262971517764e+21,7.792310803586887324e+00,3.626817541418400890e-12,0.000000000000000000e+00,1.884650949709663913e+07,2.452417822951637208e+04,1.884650949709663913e+07,0.000000000000000000e+00,0.000000000000000000e+00,1.200568216031486094e+08,-8.617211382493231328e+31,-9.448829280922693984e+30,8.800383443901827001e+31,2.819976318045697501e+22,4.041784806369570252e+28,2.956933526760422204e+00,8.823669691112598535e+38,1.294946067618832277e+37,1.000000000000000000e+04,9.357120208385781268e+01,7.339425126882818586e+04
4.750000000000000000e+01,4.013617808412398347e+00,1.401848637876156760e+21,7.760811486462704245e+00,3.551779432510693039e-12,0.000000000000000000e+00,1.888324232698570937e+07,2.452417822951637208e+04,1.888324232698570937e+07,0.000000000000000000e+00,0.000000000000000000e+00,1.202905145147741735e+08,-8.569535857347477069e+31,-9.456423992300646021e+30,8.771181543415563764e+31,2.745123849063114159e+22,3.924656727348627830e+28,2.941573985251720202e+00,8.724816590232764326e+38,1.263910624538437109e+37,1.000000000000000000e+04,9.309063981701655166e+01,7.353711459010021645e+04
4.800000000000000000e+01,4.045984985311307014e+00,1.414069937259846042e+21,7.730102780795659712e+00,3.479345856685630089e-12,0.000000000000000000e+00,1.892004665803443268e+07,2.452417822951637208e+04,1.892004665803443268e+07,0.000000000000000000e+00,0.000000000000000000e+00,1.205246623141454905e+08,-8.523072815882000016e+31,-9.464381978719869536e+30,8.742773833224094402e+31,2.673188707121746883e+22,3.812092486606793844e+28,2.926484067412197021e+00,8.628153684429410598e+38,1.233908275930700848e+37,1.000000000000000000e+04,9.261924885147355724e+01,7.368025599757398595e+04
4.850000000000000000e+01,4.078171721218289747e+00,1.426243391352602100e+21,7.700162813115139393e+00,3.409384187571985870e-12,0.000000000000000000e+00,1.895692262942119688e+07,2.452417822951637208e+04,1.895692262942119688e+07,0.000000000000000000e+00,0.000000000000000000e+00,1.207592658867103606e+08,-8.477779267895435793e+31,-9.472695171956280208e+30,8.715114490027770471e+31,2.603995423099227577e+22,3.703776095731614019e+28,2.911630417367793822e+00,8.533522635418547586e+38,1.204864915262714856e+37,1.000000000000000000e+04,9.215673272210059963e+01,7.382367603254965798e+04
4.900000000000000000e+01,4.110181741947859457e+00,1.438370195909699174e+21,7.670969767429828501e+00,3.341770610978345684e-12,0.000000000000000000e+00,1.899387038059528545e+07,2.452417822951637208e+04,1.899387038059528545e+07,0.000000000000000000e+00,0.000000000000000000e+00,1.209943261196400076e+08,-8.433614274915933356e+31,-9.481355459585674538e+30,8.688160805770633566e+31,2.537419539601146721e+22,3.599554640194657467e+28,2.897018650437320098e+00,8.440901528188648604e+38,1.176757130839744375e+37,1.000000000000000000e+04,9.170280808234343795e+01,7.396737523738096934e+04
4.950000000000000000e+01,4.142018665938622668e+00,1.450451512320712507e+21,7.642501904766318965e+00,3.276389344016919392e-12,0.000000000000000000e+00,1.903089005127744749e+07,2.452417822951637208e+04,1.903089005127744749e+07,0.000000000000000000e+00,0.000000000000000000e+00,1.212298439018326402e+08,-8.390538835269798701e+31,-9.490354694009688852e+30,8.661872747746996462e+31,2.473323466473244878e+22,3.499209683208928147e+28,2.882633777156488275e+00,8.350200778284657292e+38,1.149538475576190044e+37,1.000000000000000000e+04,9.125720402362269112e+01,7.411135415547745652e+04
5.000000000000000000e+01,4.173686005049055403e+00,1.462488467771779711e+21,7.614737617901314870e+00,3.213132122316420587e-12,0.000000000000000000e+00,1.906798178146038204e+07,2.452417822951637208e+04,1.906798178146038204e+07,0.000000000000000000e+00,0.000000000000000000e+00,1.214658201239167154e+08,-8.348515776565425254e+31,-9.499684718054607483e+30,8.636213064814079120e+31,2.411585634455083444e+22,3.402552660120044139e+28,2.868470702531907168e+00,8.261359616161863995e+38,1.123170477994656525e+37,1.000000000000000000e+04,9.081966143492951460e+01,7.425561333130634739e+04
5.050000000000000000e+01,4.205187165524946202e+00,1.474482155468903940e+21,7.587655446575502616e+00,3.151897500610368112e-12,0.000000000000000000e+00,1.910514571140929312e+07,2.452417822951637208e+04,1.910514571140929312e+07,0.000000000000000000e+00,0.000000000000000000e+00,1.217022556782542616e+08,-8.307509654975879877e+31,-9.509337372344239500e+30,8.611146776666978285e+31,2.352092758402656528e+22,3.309419729280119071e+28,2.854523534644340721e+00,8.174323046475390712e+38,1.097621216055908334e+37,1.000000000000000000e+04,9.038993239941582658e+01,7.440015331039471494e+04
5.100000000000000000e+01,4.236525449059490356e+00,1.486433634894863401e+21,7.561234112433096399e+00,3.092590461955386907e-12,0.000000000000000000e+00,1.914238198166241124e+07,2.452417822951637208e+04,1.914238198166241124e+07,0.000000000000000000e+00,0.000000000000000000e+00,1.219391514589443356e+08,-8.267486660953771250e+31,-9.519304512023270312e+30,8.586641360157494800e+31,2.294736531320181306e+22,3.219646343604042202e+28,2.840785167479538575e+00,8.089032139388450287e+38,1.072857077553118936e+37,1.000000000000000000e+04,8.996777962645060711e+01,7.454497463933148538e+04
5.150000000000000000e+01,4.267704054011181469e+00,1.498343932122736361e+21,7.535452549668403499e+00,3.035121884885686359e-12,0.000000000000000000e+00,1.917969073303153366e+07,2.452417822951637208e+04,1.917969073303153366e+07,0.000000000000000000e+00,0.000000000000000000e+00,1.221765083618264347e+08,-8.228414530764282581e+31,-9.529578021654479057e+30,8.562666454529632474e+31,2.239427835027770258e+22,3.133113755626325420e+28,2.827264492057243395e+00,8.005475966601496869e+38,1.048858359410299259e+37,1.000000000000000000e+04,8.955297591573012994e+01,7.469007786576957733e+04
5.200000000000000000e+01,4.298726076703907495e+00,1.510214040159745475e+21,7.510289913410474583e+00,2.979407971667422362e-12,0.000000000000000000e+00,1.921707210660254583e+07,2.452417822951637208e+04,1.921707210660254583e+07,0.000000000000000000e+00,0.000000000000000000e+00,1.224143272844837159e+08,-8.190262463543825635e+31,-9.540149819790640951e+30,8.539193334265823546e+31,2.186056876482545844e+22,3.049635694715240409e+28,2.813938735742195441e+00,7.923551796026138393e+38,1.025581543240675107e+37,1.000000000000000000e+04,8.914530365223907893e+01,7.483546353842786630e+04
5.250000000000000000e+01,4.329594512788788485e+00,1.522044919314362663e+21,7.485725608245402007e+00,2.925370123418579460e-12,0.000000000000000000e+00,1.925452624373595789e+07,2.452417822951637208e+04,1.925452624373595789e+07,0.000000000000000000e+00,0.000000000000000000e+00,1.226526091262466013e+08,-8.153001043511540501e+31,-9.551011873110920063e+30,8.516195548729786253e+31,2.134540532633107117e+22,2.969093376576935425e+28,2.800810598523790329e+00,7.843233825020964266e+38,1.003004418821733668e+37,1.000000000000000000e+04,8.874455433019589634e+01,7.498113220709338202e+04
5.300000000000000000e+01,4.360312258718108680e+00,1.533837497604488298e+21,7.461739301096429244e+00,2.872934278436057375e-12,0.000000000000000000e+00,1.929205328606744111e+07,2.452417822951637208e+04,1.929205328606744111e+07,0.000000000000000000e+00,0.000000000000000000e+00,1.228913547881959975e+08,-8.116602166859808403e+31,-9.562156203314612586e+30,8.493647959613242921e+31,2.084802013225208827e+22,2.891380356076226195e+28,2.787885036061144906e+00,7.764504007137227731e+38,9.811079147680686671e+36,1.000000000000000000e+04,8.835052810331467299e+01,7.512708442262328754e+04
5.350000000000000000e+01,4.390882113249775287e+00,1.545592671178173710e+21,7.438310931517603031e+00,2.822030841038731895e-12,0.000000000000000000e+00,1.932965337550837174e+07,2.452417822951637208e+04,1.932965337550837174e+07,0.000000000000000000e+00,0.000000000000000000e+00,1.231305651731668115e+08,-8.081038973133101438e+31,-9.573574892864714667e+30,8.471527388254858643e+31,2.036746576338422543e+22,2.816332276507862860e+28,2.775138269613676822e+00,7.687261909584025248e+38,9.598522736898875804e+36,1.000000000000000000e+04,8.796303336067443013e+01,7.527332073694697465e+04
5.400000000000000000e+01,4.421306779046854096e+00,1.557311304769678344e+21,7.415420746943511610e+00,2.772594291344220977e-12,0.000000000000000000e+00,1.936732665424634889e+07,2.452417822951637208e+04,1.936732665424634889e+07,0.000000000000000000e+00,0.000000000000000000e+00,1.233702411857513785e+08,-8.046285780652915750e+31,-9.585260102653645476e+30,8.449812286858764139e+31,1.990296876037394609e+22,2.743821711099145282e+28,2.762563584518886284e+00,7.611455344108675203e+38,9.392091100046885247e+36,1.000000000000000000e+04,8.758188632562054465e+01,7.541984170306824672e+04
5.450000000000000000e+01,4.451588864335268347e+00,1.568994232178012062e+21,7.393049287810705472e+00,2.724562712169824280e-12,0.000000000000000000e+00,1.940507326474574953e+07,2.452417822951637208e+04,1.940507326474574953e+07,0.000000000000000000e+00,0.000000000000000000e+00,1.236103837323027551e+08,-8.012318025766150912e+31,-9.597204066002579008e+30,8.428482061122406802e+31,1.945399623959505063e+22,2.673794568249061493e+28,2.750179107352298313e+00,7.537110462760579458e+38,9.191742255091047631e+36,1.000000000000000000e+04,8.720691067664134266e+01,7.556664787506726861e+04
5.500000000000000000e+01,4.481730884554520067e+00,1.580642256745073738e+21,7.371177410193206825e+00,2.677877781362227192e-12,0.000000000000000000e+00,1.944289334974825382e+07,2.452417822951637208e+04,1.944289334974825382e+07,0.000000000000000000e+00,0.000000000000000000e+00,1.238509937209383100e+08,-7.979112205762137768e+31,-9.609399100481716638e+30,8.407517736914887921e+31,1.901981494734392341e+22,2.606131455982332113e+28,2.737972508605651001e+00,7.464164682532030092e+38,8.997203069831077313e+36,1.000000000000000000e+04,8.683793718959941543e+01,7.571373980810279318e+04
5.550000000000000000e+01,4.511735252571169141e+00,1.592256147799489642e+21,7.349770786611044215e+00,2.631860650797262794e-12,0.000000000000000000e+00,1.948078705227339268e+07,2.452417822951637208e+04,1.948078705227339268e+07,0.000000000000000000e+00,0.000000000000000000e+00,1.240920720615430176e+08,-7.946645845332786375e+31,-9.621830200544606900e+30,8.384914215288959849e+31,1.859969936576941444e+22,2.540704267133310024e+28,2.604727990145638827e+00,7.392544296143982176e+38,8.808160829211849671e+36,1.000000000000000000e+04,8.647480354456003226e+01,7.586111805841414025e+04
5.600000000000000000e+01,4.541603740188612903e+00,1.603836450378697146e+21,7.328509695917666988e+00,2.583151905514759668e-12,0.000000000000000000e+00,1.951875451561909541e+07,2.452417822951637208e+04,1.951875451561909541e+07,0.000000000000000000e+00,0.000000000000000000e+00,1.243336196657730490e+08,-7.914898386320615079e+31,-9.634345556718443053e+30,8.349874905435538050e+31,1.819305481715642584e+22,2.477419638221333193e+28,2.357748181459700110e+00,7.322212424956581173e+38,8.624413431483810677e+36,1.000000000000000000e+04,8.611736076201327705e+01,7.600878318332343770e+04
5.650000000000000000e+01,4.571335922920088279e+00,1.615382934924478382e+21,7.306809744046733002e+00,2.531508010006928573e-12,0.000000000000000000e+00,1.955679588336221501e+07,2.452417822951637208e+04,1.955679588336221501e+07,0.000000000000000000e+00,0.000000000000000000e+00,1.245756374470590204e+08,-7.883853775230142632e+31,-9.646665167692585321e+30,8.301186118914054519e+31,1.779950559024008030e+22,2.416244314355762849e+28,2.111487629088060647e+00,7.253203369959273241e+38,8.445958936016207618e+36,1.000000000000000000e+04,8.576549183068971161e+01,7.615673574123757135e+04
5.700000000000000000e+01,4.600928795090272416e+00,1.626894458668672614e+21,7.284103709755415323e+00,2.477229314853994004e-12,0.000000000000000000e+00,1.959491129935907945e+07,2.452417822951637208e+04,1.959491129935907945e+07,0.000000000000000000e+00,0.000000000000000000e+00,1.248181263206096292e+08,-7.853500894105435658e+31,-9.658515106869083774e+30,8.239385721432667863e+31,1.741828370032658638e+22,2.357011218428968364e+28,1.865893893392408742e+00,7.185375238063472212e+38,8.272319235949436349e+36,1.000000000000000000e+04,8.541911482763215702e+01,7.630497629165042599e+04
5.750000000000000000e+01,4.630376886412577164e+00,1.638369003921938579e+21,7.259850644943139031e+00,2.420601301431429940e-12,0.000000000000000000e+00,1.963310090774603933e+07,2.452417822951637208e+04,1.963310090774603933e+07,0.000000000000000000e+00,0.000000000000000000e+00,1.250610872034150064e+08,-7.823833119768696631e+31,-9.669631975952729906e+30,8.165007208735990275e+31,1.704922102228255664e+22,2.299734754575750374e+28,1.620992253245725268e+00,7.118815240376838837e+38,8.103642282372148412e+36,1.000000000000000000e+04,8.507817976146804995e+01,7.645350539514492266e+04
5.800000000000000000e+01,4.659672387782341829e+00,1.649803719780222108e+21,7.233535205668667700e+00,2.361891664338089324e-12,0.000000000000000000e+00,1.967136485294000804e+07,2.452417822951637208e+04,1.967136485294000804e+07,0.000000000000000000e+00,0.000000000000000000e+00,1.253045210142502636e+08,-7.794847896461879587e+31,-9.679762694889403628e+30,8.078568175935573344e+31,1.669165976398719458e+22,2.244267738468817854e+28,1.376735433675424503e+00,7.053395210179248915e+38,7.939501758161335147e+36,1.000000000000000000e+04,8.474266549963979855e+01,7.660232361339518684e+04
5.850000000000000000e+01,4.688805270682251169e+00,1.661194961735865336e+21,7.204666660115287335e+00,2.301351180966114036e-12,0.000000000000000000e+00,1.970970327963901684e+07,2.452417822951637208e+04,1.970970327963901684e+07,0.000000000000000000e+00,0.000000000000000000e+00,1.255484286736789048e+08,-7.766546346950190572e+31,-9.688664132483691628e+30,7.980571090523632292e+31,1.634533586693366638e+22,2.190580730875392198e+28,1.133127767152621201e+00,6.989137795507654047e+38,7.779878371170373485e+36,1.000000000000000000e+04,8.441257696137684263e+01,7.675143150916867307e+04
5.900000000000000000e+01,4.717763401718526595e+00,1.672538329721842172e+21,7.172777881898067420e+00,2.239213793032630922e-12,0.000000000000000000e+00,1.974811633282273635e+07,2.452417822951637208e+04,1.974811633282273635e+07,0.000000000000000000e+00,0.000000000000000000e+00,1.257928111040563136e+08,-7.738932917187795117e+31,-9.696102724974860965e+30,7.871501513412210902e+31,1.600993522297948917e+22,2.138622963033890091e+28,8.901636596906699062e-01,6.926035040653864413e+38,7.624672639582215876e+36,1.000000000000000000e+04,8.408794254258025092e+01,7.690082964632821677e+04
5.950000000000000000e+01,4.746532652183283574e+00,1.683828704544523551e+21,7.137424316876806785e+00,2.175697144263327645e-12,0.000000000000000000e+00,1.978660415775306523e+07,2.452417822951637208e+04,1.978660415775306523e+07,0.000000000000000000e+00,0.000000000000000000e+00,1.260376692295332998e+08,-7.712015052734605646e+31,-9.701854076692909559e+30,7.751827916638016937e+31,1.568488349481570193e+22,2.088257640214935460e+28,6.477953107671691191e-01,6.863955754404389992e+38,7.473472259411323076e+36,1.000000000000000000e+04,8.376881176068323498e+01,7.705051858983428974e+04
6.000000000000000000e+01,4.775097002708037941e+00,1.695060282720393626e+21,7.098182999257951487e+00,2.111003065520227806e-12,0.000000000000000000e+00,1.982516689997463301e+07,2.452417822951637208e+04,1.982516689997463301e+07,0.000000000000000000e+00,0.000000000000000000e+00,1.262830039760594964e+08,-7.685802905029803314e+31,-9.705702579446920480e+30,7.622001394881099112e+31,1.537004403336870992e+22,2.039481437043792525e+28,4.060372061784558451e-01,6.802948449841245175e+38,7.326335135248184733e+36,1.000000000000000000e+04,8.345525310671152397e+01,7.720049890574702295e+04
6.050000000000000000e+01,4.803438643076161085e+00,1.706226609733225153e+21,7.054651525205260398e+00,2.045317759500514593e-12,0.000000000000000000e+00,1.986380470531539991e+07,2.452417822951637208e+04,1.986380470531539991e+07,0.000000000000000000e+00,0.000000000000000000e+00,1.265288162713869214e+08,-7.660309065801862425e+31,-9.707441006203659639e+30,7.482454333133626974e+31,1.506510779423518412e+22,1.992233065294350085e+28,1.648759294942880871e-01,6.742979685818256488e+38,7.183108451688402960e+36,1.000000000000000000e+04,8.314735209282291351e+01,7.735077116122837469e+04
6.100000000000000000e+01,4.831538065482641642e+00,1.717320611095836361e+21,7.006448573587438666e+00,1.978979196681298934e-12,0.000000000000000000e+00,1.990251771988716349e+07,2.452417822951637208e+04,1.990251771988716349e+07,0.000000000000000000e+00,0.000000000000000000e+00,1.267751070450735539e+08,-7.635548330858356457e+31,-9.706870854997926703e+30,7.334218723663384589e+31,1.476976947070010760e+22,1.946449242048778267e+28,0.000000000000000000e+00,6.684009885919083357e+38,7.043627581301877172e+36,1.000000000000000000e+04,8.284520950470040646e+01,7.750133592454438622e+04
6.150000000000000000e+01,4.859374452794596344e+00,1.728334728459752833e+21,6.953409975859967673e+00,1.914807879872356322e-12,0.000000000000000000e+00,1.994130609008613974e+07,2.452417822951637208e+04,1.994130609008613974e+07,0.000000000000000000e+00,0.000000000000000000e+00,1.270218772284866571e+08,-7.611537019406429505e+31,-9.703898374237496415e+30,7.187713918057889811e+31,1.448383365353727171e+22,1.902096303279377387e+28,0.000000000000000000e+00,6.626043177125089579e+38,6.907831288378828741e+36,1.000000000000000000e+04,8.254893646174498656e+01,7.765219376506714616e+04
6.200000000000000000e+01,4.886927167039749165e+00,1.739261447830329623e+21,6.895701050370387719e+00,1.853555782590984394e-12,0.000000000000000000e+00,1.998016996259351075e+07,2.452417822951637208e+04,1.998016996259351075e+07,0.000000000000000000e+00,0.000000000000000000e+00,1.272691277548065484e+08,-7.588290625866947869e+31,-9.698590659249913571e+30,7.046042619449387651e+31,1.420696889964680236e+22,1.859101347223296985e+28,0.000000000000000000e+00,6.569020406384810393e+38,6.775514150241786822e+36,1.000000000000000000e+04,8.225863752868032464e+01,7.780334525327708980e+04
6.250000000000000000e+01,4.914176445883991384e+00,1.750093547779791520e+21,6.833508246482253412e+00,1.795102367655325867e-12,0.000000000000000000e+00,2.001910948437596112e+07,2.452417822951637208e+04,2.001910948437596112e+07,0.000000000000000000e+00,0.000000000000000000e+00,1.275168595590298474e+08,-7.565822815719040955e+31,-9.691025761460625331e+30,6.909102108028923051e+31,1.393890394084378201e+22,1.817414219847618694e+28,0.000000000000000000e+00,6.512909067941646118e+38,6.646551276640431269e+36,1.000000000000000000e+04,8.197440349059770881e+01,7.795479096076505084e+04
6.300000000000000000e+01,4.941103391572082337e+00,1.760824096486010913e+21,6.767011994501719307e+00,1.739326839255713886e-12,0.000000000000000000e+00,2.005812480268626288e+07,2.452417822951637208e+04,2.005812480268626288e+07,0.000000000000000000e+00,0.000000000000000000e+00,1.277650735779733360e+08,-7.544145552914353059e+31,-9.681279430648697161e+30,6.776774088432945663e+31,1.367940425345686674e+22,1.776993007839812060e+28,0.000000000000000000e+00,6.457693315271792940e+38,6.520846375842200334e+36,1.000000000000000000e+04,8.169631225215083248e+01,7.810653146023456065e+04
6.350000000000000000e+01,4.967689940175492147e+00,1.771446441735526547e+21,6.696386288480314697e+00,1.686112140827323304e-12,0.000000000000000000e+00,2.009721606506382301e+07,2.452417822951637208e+04,2.009721606506382301e+07,0.000000000000000000e+00,0.000000000000000000e+00,1.280137707502771765e+08,-7.523269250007218390e+31,-9.669424883697331377e+30,6.648939361606099309e+31,1.342838129707098885e+22,1.737837108174768383e+28,0.000000000000000000e+00,6.403426509795788318e+38,6.398453865573226649e+36,1.000000000000000000e+04,8.142442990274668091e+01,7.825856732550385641e+04
6.400000000000000000e+01,4.993918830713923285e+00,1.781954200840734245e+21,6.621798781661683897e+00,1.635345133500413630e-12,0.000000000000000000e+00,2.013638341933521628e+07,2.452417822951637208e+04,2.013638341933521628e+07,0.000000000000000000e+00,0.000000000000000000e+00,1.282629520164086968e+08,-7.503202910128037145e+31,-9.655532824062555654e+30,6.525478490099117637e+31,1.318537044246400283e+22,1.699843342043692326e+28,0.000000000000000000e+00,6.349982845308452269e+38,6.279049716090664096e+36,1.000000000000000000e+04,8.115881172597090654e+01,7.841089913150813663e+04
6.450000000000000000e+01,5.019773574841939201e+00,1.792341250717818552e+21,6.543410893739205036e+00,1.586916717674101759e-12,0.000000000000000000e+00,2.017562701361478865e+07,2.452417822951637208e+04,2.017562701361478865e+07,0.000000000000000000e+00,0.000000000000000000e+00,1.285126183186658323e+08,-7.483954260123968611e+31,-9.639671467471555143e+30,6.406272377008318037e+31,1.295028038482781851e+22,1.663011313748753766e+28,0.000000000000000000e+00,6.297412512796752241e+38,6.162686172715738313e+36,1.000000000000000000e+04,8.089950314812902832e+01,7.856352745430172945e+04
6.500000000000000000e+01,5.045238427160909644e+00,1.802601718147768910e+21,6.461377937727403875e+00,1.540721906087300896e-12,0.000000000000000000e+00,2.021494699630517140e+07,2.452417822951637208e+04,2.021494699630517140e+07,0.000000000000000000e+00,0.000000000000000000e+00,1.287627706011807472e+08,-7.465529875203720483e+31,-9.621906577803317941e+30,6.291202766852980022e+31,1.272277127208735500e+22,1.627270265080793100e+28,0.000000000000000000e+00,6.245644838529246206e+38,6.049154108778486581e+36,1.000000000000000000e+04,8.064654062804052614e+01,7.871645287106030446e+04
6.550000000000000000e+01,5.070298356238894577e+00,1.812729970250935697e+21,6.375849259135833336e+00,1.496659855779825293e-12,0.000000000000000000e+00,2.025434351609788463e+07,2.452417822951637208e+04,2.025434351609788463e+07,0.000000000000000000e+00,0.000000000000000000e+00,1.290134098099233359e+08,-7.447935295399405748e+31,-9.602301509654340548e+30,6.180152676008062263e+31,1.250261566246677067e+22,1.592583797528440808e+28,0.000000000000000000e+00,6.194661056608497370e+38,5.938369320443381370e+36,1.000000000000000000e+04,8.039995249005120570e+01,7.886967596008293913e+04
6.600000000000000000e+01,5.094939016356714312e+00,1.822720605182708941e+21,6.286968381321967669e+00,1.454633865568670477e-12,0.000000000000000000e+00,2.029381672197386250e+07,2.452417822951637208e+04,2.029381672197386250e+07,0.000000000000000000e+00,0.000000000000000000e+00,1.292645368927048743e+08,-7.431175134257442009e+31,-9.580917254627961278e+30,6.073006759972589169e+31,1.228969705906631397e+22,1.558945644232800967e+28,0.000000000000000000e+00,6.144495888849764107e+38,5.830358627631755892e+36,1.000000000000000000e+04,8.015975970294348940e+01,7.902319730079443252e+04
6.650000000000000000e+01,5.119146720039753795e+00,1.832568443072735347e+21,6.194873163649663006e+00,1.414551344798792552e-12,0.000000000000000000e+00,2.033336676320404559e+07,2.452417822951637208e+04,2.033336676320404559e+07,0.000000000000000000e+00,0.000000000000000000e+00,1.295161527991815656e+08,-7.415253180106001815e+31,-9.557812494699821463e+30,5.969651624018615419e+31,1.208371507284009812e+22,1.526298615247018906e+28,0.000000000000000000e+00,6.095091029980005872e+38,5.724957428508869307e+36,1.000000000000000000e+04,7.992597660697018114e+01,7.917701747374742990e+04
6.700000000000000000e+01,5.142908411380615163e+00,1.842268517210687799e+21,6.099695960993816612e+00,1.376323758483197705e-12,0.000000000000000000e+00,2.037299378934992477e+07,2.452417822951637208e+04,2.037299378934992477e+07,0.000000000000000000e+00,0.000000000000000000e+00,1.297682584808581173e+08,-7.400172490319986165e+31,-9.533043657023607094e+30,5.869976083409152087e+31,1.188453421935516189e+22,1.494629447896517975e+28,0.000000000000000000e+00,6.046468284354172524e+38,5.622163636666496611e+36,1.000000000000000000e+04,7.969861159177423815e+01,7.933113706062464917e+04
6.750000000000000000e+01,5.166211640196968879e+00,1.851816065495689331e+21,6.001563792191573654e+00,1.339866553232140240e-12,0.000000000000000000e+00,2.041269795026411861e+07,2.452417822951637208e+04,2.041269795026411861e+07,0.000000000000000000e+00,0.000000000000000000e+00,1.300208548910913616e+08,-7.385935478936443069e+31,-9.506664973998170267e+30,5.773871378697289153e+31,1.169185272301987509e+22,1.463877105728076197e+28,0.000000000000000000e+00,5.998563028112522131e+38,5.521794087377126419e+36,1.000000000000000000e+04,7.947766772748414610e+01,7.948555664424101997e+04
6.800000000000000000e+01,5.189044537008609126e+00,1.861206522144931185e+21,5.900598505460514787e+00,1.305099067864525601e-12,0.000000000000000000e+00,2.045247939609093964e+07,2.452417822951637208e+04,2.045247939609093964e+07,0.000000000000000000e+00,0.000000000000000000e+00,1.302739429850938916e+08,-7.372543998047956984e+31,-9.478728542651433165e+30,5.681231351323036571e+31,1.150539349237291811e+22,1.433990408151927782e+28,0.000000000000000000e+00,5.951319245406057408e+38,5.423699982476317129e+36,1.000000000000000000e+04,7.926314335182105708e+01,7.964027680854596838e+04
6.850000000000000000e+01,5.211395788854188638e+00,1.870435509670088802e+21,5.796916947506471018e+00,1.271944432012765804e-12,0.000000000000000000e+00,2.049233827726695687e+07,2.452417822951637208e+04,2.049233827726695687e+07,0.000000000000000000e+00,0.000000000000000000e+00,1.305275237199376374e+08,-7.359999413333043280e+31,-9.449284386706312860e+30,5.591952584115368939e+31,1.132526236702876264e+22,1.405022919998389645e+28,0.000000000000000000e+00,5.904876730976659123e+38,5.328127265229223049e+36,1.000000000000000000e+04,7.905503261557949202e+01,7.979529813862562878e+04
6.900000000000000000e+01,5.233254615941080878e+00,1.879498831120468279e+21,5.690631136554328506e+00,1.240329455598169880e-12,0.000000000000000000e+00,2.053227474452155828e+07,2.452417822951637208e+04,2.053227474452155828e+07,0.000000000000000000e+00,0.000000000000000000e+00,1.307815980545573980e+08,-7.348302674105003539e+31,-9.418380521477482723e+30,5.505934510952349903e+31,1.115098545214339416e+22,1.376866542721138921e+28,0.000000000000000000e+00,5.859072929221018657e+38,5.234708872493373931e+36,1.000000000000000000e+04,7.885332598901941026e+01,7.995062122070491023e+04
6.950000000000000000e+01,5.254610749136768177e+00,1.888392462597193466e+21,5.581848429390599442e+00,1.210184511617282751e-12,0.000000000000000000e+00,2.057228894887754321e+07,2.452417822951637208e+04,2.057228894887754321e+07,0.000000000000000000e+00,0.000000000000000000e+00,1.310361669497547001e+08,-7.337454378221994435e+31,-9.386063016629459953e+30,5.423079499366206066e+31,1.098239584804138490e+22,1.349496177192650073e+28,0.000000000000000000e+00,5.813900501665864871e+38,5.143389366958061007e+36,1.000000000000000000e+04,7.865801073144515954e+01,8.010624664214992663e+04
7.000000000000000000e+01,5.275454408273932749e+00,1.897112546029721092e+21,5.470671688129350230e+00,1.181443414355130050e-12,0.000000000000000000e+00,2.061238104165167734e+07,2.452417822951637208e+04,2.061238104165167734e+07,0.000000000000000000e+00,0.000000000000000000e+00,1.312912313682011962e+08,-7.327454832233954542e+31,-9.352376059649553969e+30,5.343292909611544401e+31,1.081958959824638470e+22,1.322961759370988021e+28,0.000000000000000000e+00,5.769489901734931548e+38,5.054398516220342186e+36,1.000000000000000000e+04,7.846907132649668881e+01,8.026217499147004855e+04
7.050000000000000000e+01,5.295776281273862907e+00,1.905655382217605775e+21,5.357199449883842668e+00,1.154043294776580497e-12,0.000000000000000000e+00,2.065255117445526272e+07,2.452417822951637208e+04,2.065255117445526272e+07,0.000000000000000000e+00,0.000000000000000000e+00,1.315467922744424194e+08,-7.318304107077794058e+31,-9.317362021652492718e+30,5.266483133253292740e+31,1.066201782147269368e+22,1.297130976617453035e+28,0.000000000000000000e+00,5.725626677646193418e+38,4.967269376851151828e+36,1.000000000000000000e+04,7.828648988523329422e+01,8.041840685832021700e+04
7.100000000000000000e+01,5.315567504068805071e+00,1.914017424131808035e+21,5.241526085340478147e+00,1.127924474592707114e-12,0.000000000000000000e+00,2.069279949919471517e+07,2.452417822951637208e+04,2.069279949919471517e+07,0.000000000000000000e+00,0.000000000000000000e+00,1.318028506349013746e+08,-7.310002089647808802e+31,-9.281061518433402341e+30,5.192561614082511718e+31,1.050975709482938112e+22,1.272049302653140113e+28,0.000000000000000000e+00,5.682426160998367848e+38,4.882212054544716333e+36,1.000000000000000000e+04,7.811024651921496798e+01,8.057494283350311161e+04
7.150000000000000000e+01,5.334819641303627513e+00,1.922195270469717066e+21,5.123741962241105341e+00,1.103030340250428638e-12,0.000000000000000000e+00,2.073312616807213798e+07,2.452417822951637208e+04,2.073312616807213798e+07,0.000000000000000000e+00,0.000000000000000000e+00,1.320594074178822935e+08,-7.302548530550253680e+31,-9.243513474840703128e+30,5.121442853869564953e+31,1.036254033357059601e+22,1.247659014332363786e+28,0.000000000000000000e+00,5.639817483175395044e+38,4.799040652656333845e+36,1.000000000000000000e+04,7.794031968566905277e+01,8.073178350897149357e+04
7.200000000000000000e+01,5.353524667810433790e+00,1.930185659462796706e+21,5.003933600306276652e+00,1.079307217864176384e-12,0.000000000000000000e+00,2.077353133358591050e+07,2.452417822951637208e+04,2.077353133358591050e+07,0.000000000000000000e+00,0.000000000000000000e+00,1.323164635935742110e+08,-7.295943088315167620e+31,-9.204755185644779371e+30,5.053044405152926500e+31,1.022038041159658163e+22,1.223984743241769838e+28,0.000000000000000000e+00,5.597878879844556770e+38,4.717884127139730926e+36,1.000000000000000000e+04,7.777668650658685578e+01,8.088892947783030104e+04
7.250000000000000000e+01,5.371674950820217731e+00,1.937985462925115785e+21,4.882183825241631858e+00,1.056704249953574044e-12,0.000000000000000000e+00,2.081401514853123948e+07,2.452417822951637208e+04,2.081401514853123948e+07,0.000000000000000000e+00,0.000000000000000000e+00,1.325740201340545863e+08,-7.290185370361992182e+31,-9.164822376751744296e+30,4.987286853103095982e+31,1.008288588348118165e+22,1.200936136218757528e+28,0.000000000000000000e+00,5.556465365003873850e+38,4.638427416872107025e+36,1.000000000000000000e+04,7.761932306376998270e+01,8.104638133433897747e+04
7.300000000000000000e+01,5.389263232909017987e+00,1.945591680542990139e+21,4.758571916128500945e+00,1.035173274654997823e-12,0.000000000000000000e+00,2.085457776600075513e+07,2.452417822951637208e+04,2.085457776600075513e+07,0.000000000000000000e+00,0.000000000000000000e+00,1.328320780132931769e+08,-7.285274970953205257e+31,-9.123749263845728419e+30,4.924093788180136465e+31,9.950129169902631649e+21,1.178553421768257428e+28,0.000000000000000000e+00,5.515683196131283867e+38,4.560857305198281668e+36,1.000000000000000000e+04,7.746820467141454003e+01,8.120413967391375627e+04
7.350000000000000000e+01,5.406282615643661416e+00,1.953001434394267746e+21,4.633173752368326959e+00,1.014668707970825286e-12,0.000000000000000000e+00,2.089521933938508481e+07,2.452417822951637208e+04,2.089521933938508481e+07,0.000000000000000000e+00,0.000000000000000000e+00,1.330906382071554512e+08,-7.281211506398969262e+31,-9.081568611582250870e+30,4.863391771196439199e+31,9.821735759650228273e+21,1.156748449579711030e+28,0.000000000000000000e+00,5.475389648957749167e+38,4.484863340077448879e+36,1.000000000000000000e+04,7.732330612803065151e+01,8.136220509312978538e+04
7.400000000000000000e+01,5.422726543915649344e+00,1.960211963694221885e+21,4.506061952023004302e+00,9.951474294779648475e-13,0.000000000000000000e+00,2.093594002237344533e+07,2.452417822951637208e+04,2.093594002237344533e+07,0.000000000000000000e+00,0.000000000000000000e+00,1.333497016934065223e+08,-7.277994647728473919e+31,-9.038311789144801163e+30,4.805110292147263984e+31,9.697778224523227693e+21,1.135559103513585070e+28,0.000000000000000000e+00,5.435687082012835531e+38,4.410621370708263004e+36,1.000000000000000000e+04,7.718460194916870876e+01,8.152057818972349924e+04
7.450000000000000000e+01,5.438588790938212014e+00,1.967220619760095199e+21,4.377306010526924140e+00,9.765686718310811611e-13,0.000000000000000000e+00,2.097673996895418689e+07,2.452417822951637208e+04,2.097673996895418689e+07,0.000000000000000000e+00,0.000000000000000000e+00,1.336092694517146796e+08,-7.275624151048212252e+31,-8.994008826729296471e+30,4.749181724048938462e+31,9.578084264468834943e+21,1.114953264059779649e+28,0.000000000000000000e+00,5.396539844665869801e+38,4.338035232707127707e+36,1.000000000000000000e+04,7.705206658245941753e+01,8.167925956259481609e+04
7.500000000000000000e+01,5.453863443880171857e+00,1.974024861185788084e+21,4.246972430702202317e+00,9.588939143114518337e-13,0.000000000000000000e+00,2.101761933341542259e+07,2.452417822951637208e+04,2.101761933341542259e+07,0.000000000000000000e+00,0.000000000000000000e+00,1.338693424636551887e+08,-7.274099885795688453e+31,-8.948688468288070853e+30,4.695541272880507892e+31,9.462463163957682110e+21,1.094892459814218863e+28,0.000000000000000000e+00,5.357898827429169779e+38,4.266982427555717525e+36,1.000000000000000000e+04,7.692567460639835986e+01,8.183824981180946634e+04
7.550000000000000000e+01,5.468544890122606361e+00,1.980622249222623724e+21,4.115124851022319952e+00,9.420867805898622490e-13,0.000000000000000000e+00,2.105857827034558356e+07,2.452417822951637208e+04,2.105857827034558356e+07,0.000000000000000000e+00,0.000000000000000000e+00,1.341299217127139419e+08,-7.273421861067961199e+31,-8.902378224065855599e+30,4.644126924562884654e+31,9.350898552777536963e+21,1.075388421098524160e+28,0.000000000000000000e+00,5.319810926119347419e+38,4.197534733611059280e+36,1.000000000000000000e+04,7.680540091410196624e+01,8.199754953860116075e+04
7.600000000000000000e+01,5.482627804113887393e+00,1.987010443358314168e+21,3.981824169604429642e+00,9.261129408221169381e-13,0.000000000000000000e+00,2.109961693463401496e+07,2.452417822951637208e+04,2.109961693463401496e+07,0.000000000000000000e+00,0.000000000000000000e+00,1.343910081842912734e+08,-7.273590250206766098e+31,-8.855104421616001863e+30,4.594879389821580657e+31,9.243259728021904425e+21,1.056419108426549964e+28,0.000000000000000000e+00,5.282256387327416025e+38,4.129631495570519774e+36,1.000000000000000000e+04,7.669122088328369102e+01,8.215715934537399153e+04
7.650000000000000000e+01,5.496107134797242111e+00,1.993187197085691937e+21,3.847128662242377040e+00,9.109400181470632498e-13,0.000000000000000000e+00,2.114073548147154599e+07,2.452417822951637208e+04,2.114073548147154599e+07,0.000000000000000000e+00,0.000000000000000000e+00,1.346526028657054901e+08,-7.274605413812839326e+31,-8.806892254396131093e+30,4.547742047679161908e+31,9.139290496794352419e+21,1.037927140690079737e+28,0.000000000000000000e+00,5.245140893841607052e+38,4.063072478568632102e+36,1.000000000000000000e+04,7.658311053363473775e+01,8.231707983570454235e+04
7.700000000000000000e+01,5.508978093596324399e+00,1.999150353856845316e+21,3.711094097252704227e+00,8.965374996066287722e-13,0.000000000000000000e+00,2.118193406635110080e+07,2.452417822951637208e+04,2.118193406635110080e+07,0.000000000000000000e+00,0.000000000000000000e+00,1.349147067461968660e+08,-7.276467921336870499e+31,-8.757765829346675630e+30,4.502660888203576020e+31,9.039015617701326356e+21,1.019932148374278479e+28,0.000000000000000000e+00,5.208528345881170211e+38,3.997957390191073146e+36,1.000000000000000000e+04,7.648104667261902989e+01,8.247731161434439127e+04
7.750000000000000000e+01,5.521236142935881830e+00,2.004897843215211954e+21,3.573773847098296930e+00,8.828766514819386527e-13,0.000000000000000000e+00,2.122321284506825730e+07,2.452417822951637208e+04,2.122321284506825730e+07,0.000000000000000000e+00,0.000000000000000000e+00,1.351773208169311881e+08,-7.279178571396279120e+31,-8.707748213415716599e+30,4.459584455079844940e+31,8.942337185888153371e+21,1.002419413854335066e+28,0.000000000000000000e+00,5.172410679873875898e+38,3.934250865559372003e+36,1.000000000000000000e+04,7.638500703070512543e+01,8.263785528722219169e+04
7.800000000000000000e+01,5.532876985277847659e+00,2.010427677099335877e+21,3.435218994229299661e+00,8.699304390102849417e-13,0.000000000000000000e+00,2.126457197372186929e+07,2.452417822951637208e+04,2.126457197372186929e+07,0.000000000000000000e+00,0.000000000000000000e+00,1.354404460710035563e+08,-7.282738410954103443e+31,-8.656861477676007175e+30,4.418463788493082507e+31,8.849149484946821218e+21,9.853715082140741757e+27,0.000000000000000000e+00,5.136773128596391625e+38,3.871905906672045916e+36,1.000000000000000000e+04,7.629497038696651146e+01,8.279871146144607337e+04
7.850000000000000000e+01,5.543896552649185239e+00,2.015737946310479970e+21,3.295478433806048546e+00,8.576734504302303409e-13,0.000000000000000000e+00,2.130601160871463269e+07,2.452417822951637208e+04,2.130601160871463269e+07,0.000000000000000000e+00,0.000000000000000000e+00,1.357040835034421980e+08,-7.287148753493528068e+31,-8.605126740390252200e+30,4.379252368758371867e+31,8.759343552985938526e+21,9.687696250405673345e+27,0.000000000000000000e+00,5.101596823574428774e+38,3.810869095347667978e+36,1.000000000000000000e+04,7.621091668596240254e+01,8.295988074530594167e+04
7.900000000000000000e+01,5.554290996650075307e+00,2.020826817140739015e+21,3.154598973045659172e+00,8.460818252764328242e-13,0.000000000000000000e+00,2.134753190675368160e+07,2.452417822951637208e+04,2.134753190675368160e+07,0.000000000000000000e+00,0.000000000000000000e+00,1.359682341112121344e+08,-7.292411196298121849e+31,-8.552564208871234684e+30,4.341906061048483559e+31,8.672791722067713065e+21,9.525886247069884279e+27,0.000000000000000000e+00,5.066849770162349051e+38,3.751061085826640099e+36,1.000000000000000000e+04,7.613282714664539697e+01,8.312136374827568943e+04
7.950000000000000000e+01,5.564056678917962628e+00,2.025692528153484067e+21,3.012625425912315968e+00,8.351331868447172719e-13,0.000000000000000000e+00,2.138913302485119179e+07,2.452417822951637208e+04,2.138913302485119179e+07,0.000000000000000000e+00,0.000000000000000000e+00,1.362328988932189941e+08,-7.298527636958468186e+31,-8.499193219444965339e+30,4.306383061554959667e+31,8.589478560266114302e+21,9.368338620996733589e+27,0.000000000000000000e+00,5.032563458580261679e+38,3.692521683239012761e+36,1.000000000000000000e+04,7.606068436411524658e+01,8.328316108101559803e+04
8.000000000000000000e+01,5.573190162032210182e+00,2.030333387111311606e+21,2.869600704967786964e+00,8.248065787323367055e-13,0.000000000000000000e+00,2.143081512032496184e+07,2.452417822951637208e+04,2.143081512032496184e+07,0.000000000000000000e+00,0.000000000000000000e+00,1.364980788503128290e+08,-7.305500289207623849e+31,-8.445032276442574558e+30,4.272643845354287802e+31,8.509301942289202938e+21,9.214872354711390395e+27,0.000000000000000000e+00,4.998716951595134143e+38,3.635197595235610143e+36,1.000000000000000000e+04,7.599447240490718514e+01,8.344527335537462204e+04
8.050000000000000000e+01,5.581688200842451764e+00,2.034747768046032519e+21,2.725565910077142107e+00,8.150824053547109515e-13,0.000000000000000000e+00,2.147257835079900175e+07,2.452417822951637208e+04,2.147257835079900175e+07,0.000000000000000000e+00,0.000000000000000000e+00,1.367637749852918684e+08,-7.313331698184457627e+31,-8.390099090043529785e+30,4.240651116219463504e+31,8.432177450867925975e+21,9.065345875699907114e+27,0.000000000000000000e+00,4.965297689679338995e+38,3.579050216612318879e+36,1.000000000000000000e+04,7.593417689647968416e+01,8.360770118439268845e+04
8.100000000000000000e+01,5.589547734205876139e+00,2.038934108465981817e+21,2.580560412940953174e+00,8.059423763359253203e-13,0.000000000000000000e+00,2.151442287420415878e+07,2.452417822951637208e+04,2.151442287420415878e+07,0.000000000000000000e+00,0.000000000000000000e+00,1.370299883029063046e+08,-7.322024755216294573e+31,-8.334410612408245008e+30,4.210369758582077296e+31,8.358024557924306649e+21,8.919623396567593861e+27,0.000000000000000000e+00,4.932293509670420610e+38,3.524042429168391977e+36,1.000000000000000000e+04,7.587978511150701877e+01,8.377044518230301037e+04
8.150000000000000000e+01,5.596765877112174437e+00,2.042890906693538939e+21,2.434621938513769290e+00,7.973694546746252876e-13,0.000000000000000000e+00,2.155634884877868742e+07,2.452417822951637208e+04,2.155634884877868742e+07,0.000000000000000000e+00,0.000000000000000000e+00,1.372967198098619878e+08,-7.331582712216201630e+31,-8.277983072634002131e+30,4.181766791838576696e+31,8.286766483440304914e+21,8.777574503062084148e+27,0.000000000000000000e+00,4.899692626569171817e+38,3.470138478067003229e+36,1.000000000000000000e+04,7.583128604760831593e+01,8.393350596453435719e+04
8.200000000000000000e+01,5.603339913185014787e+00,2.046616719329413300e+21,2.287786644051291951e+00,7.893478085810111320e-13,0.000000000000000000e+00,2.159835643306884542e+07,2.452417822951637208e+04,2.159835643306884542e+07,0.000000000000000000e+00,0.000000000000000000e+00,1.375639705148245692e+08,-7.342009195773079132e+31,-8.220832010908503147e+30,4.154811327149301242e+31,8.218330094861229752e+21,8.639074023491569235e+27,0.000000000000000000e+00,4.867483636330714183e+38,3.417303957381432820e+36,1.000000000000000000e+04,7.578867050302029895e+01,8.409688414771358657e+04
8.250000000000000000e+01,5.609267287547597292e+00,2.050110158839730668e+21,2.140089195392053778e+00,7.818627668850062444e-13,0.000000000000000000e+00,2.164044578592951968e+07,2.452417822951637208e+04,2.164044578592951968e+07,0.000000000000000000e+00,0.000000000000000000e+00,1.378317414284228384e+08,-7.353308221010945520e+31,-8.162972311637711740e+30,4.129474526864251908e+31,8.152723998044480078e+21,8.504184628172612696e+27,0.000000000000000000e+00,4.835701894350256211e+38,3.365578110425853772e+36,1.000000000000000000e+04,7.575193114870512545e+01,8.426058034966766718e+04
8.300000000000000000e+01,5.614545600035448558e+00,2.053369891260356362e+21,1.991562839546503927e+00,7.749007779232238751e-13,0.000000000000000000e+00,2.168261706652480736e+07,2.452417822951637208e+04,2.168261706652480736e+07,0.000000000000000000e+00,0.000000000000000000e+00,1.381000335632529855e+08,-7.365484205296382302e+31,-8.104418235038145303e+30,4.105729566704278066e+31,8.089851674811197030e+21,8.372718166789687212e+27,0.000000000000000000e+00,4.804318885921835197e+38,3.314900337187544159e+36,1.000000000000000000e+04,7.572106259739790346e+01,8.442459518942632712e+04
8.350000000000000000e+01,5.619172598743470637e+00,2.056394634014249452e+21,1.842239475426096229e+00,7.684493718152397986e-13,0.000000000000000000e+00,2.172487043432861194e+07,2.452417822951637208e+04,2.172487043432861194e+07,0.000000000000000000e+00,0.000000000000000000e+00,1.383688479338821173e+08,-7.378541981865404208e+31,-8.045183448146404545e+30,4.083551600805851247e+31,8.029611306790817890e+21,8.244473617007429420e+27,0.000000000000000000e+00,4.773301192252861598e+38,3.265204242544453768e+36,1.000000000000000000e+04,7.569606147004012087e+01,8.458892928722413490e+04
8.400000000000000000e+01,5.623146173896340194e+00,2.059183153838392082e+21,1.692149721714289567e+00,7.624971260448813713e-13,0.000000000000000000e+00,2.176720604912526906e+07,2.452417822951637208e+04,2.176720604912526906e+07,0.000000000000000000e+00,0.000000000000000000e+00,1.386381855568522513e+08,-7.392486813436001593e+31,-7.985281054702438392e+30,4.062917729723756304e+31,7.971943035561558671e+21,8.119345093738436090e+27,0.000000000000000000e+00,4.742638679426619205e+38,3.216460468024537199e+36,1.000000000000000000e+04,7.567692646000575962e+01,8.475358326450301684e+04
8.450000000000000000e+01,5.626464352028297533e+00,2.061734264815692546e+21,1.541322982968335031e+00,7.570336342719087127e-13,0.000000000000000000e+00,2.180962407101012766e+07,2.452417822951637208e+04,2.180962407101012766e+07,0.000000000000000000e+00,0.000000000000000000e+00,1.389080474506841600e+08,-7.407324405874617045e+31,-7.924723624471137968e+30,4.043806971486090910e+31,7.916864178372785209e+21,7.997398532484424936e+27,0.000000000000000000e+00,4.712365623104048613e+38,3.168707163385851972e+36,1.000000000000000000e+04,7.566365839553438377e+01,8.491855774391452724e+04
8.500000000000000000e+01,5.629125290466155285e+00,2.064046826510094696e+21,1.389787513159016941e+00,7.520494783024105646e-13,0.000000000000000000e+00,2.185212466039017588e+07,2.452417822951637208e+04,2.185212466039017588e+07,0.000000000000000000e+00,0.000000000000000000e+00,1.391784346358811259e+08,-7.423060921973012437e+31,-7.863523221567019382e+30,4.026200235774448404e+31,7.864335885135074296e+21,7.878566220879870408e+27,0.000000000000000000e+00,4.682481425940216167e+38,3.121929002947938336e+36,1.000000000000000000e+04,7.565626030070022523e+01,8.508385334932223486e+04
8.550000000000000000e+01,5.631127272099464065e+00,2.066119742199494607e+21,1.237570476736134628e+00,7.475362031619075759e-13,0.000000000000000000e+00,2.189470797798462585e+07,2.452417822951637208e+04,2.189470797798462585e+07,0.000000000000000000e+00,0.000000000000000000e+00,1.394493481349329352e+08,-7.439702995403610918e+31,-7.801691431813092695e+30,4.010080301321024101e+31,7.814227196335303426e+21,7.762572251097095406e+27,0.000000000000000000e+00,4.652929144935101445e+38,3.076027614177410073e+36,1.000000000000000000e+04,7.565473745531767236e+01,8.524947070580408035e+04
8.600000000000000000e+01,5.632468700429057229e+00,2.067951957203687834e+21,1.084698008100492217e+00,7.434862952197584601e-13,0.000000000000000000e+00,2.193737418482553214e+07,2.452417822951637208e+04,2.193737418482553214e+07,0.000000000000000000e+00,0.000000000000000000e+00,1.397207889723195732e+08,-7.457257744910987855e+31,-7.739239389592362100e+30,3.995431796598022255e+31,7.766515820331801772e+21,7.649383566254609150e+27,0.000000000000000000e+00,4.623715090553364655e+38,3.031000340578046117e+36,1.000000000000000000e+04,7.565909745410752407e+01,8.541541043965468998e+04
8.650000000000000000e+01,5.633148094886956336e+00,2.069542457305231786e+21,9.311952701540752164e-01,7.398931633224131146e-13,0.000000000000000000e+00,2.198012344225841761e+07,2.452417822951637208e+04,2.198012344225841761e+07,0.000000000000000000e+00,0.000000000000000000e+00,1.399927581745153069e+08,-7.475732788794065536e+31,-7.676177804544974236e+30,3.982241183871784286e+31,7.721215988063142937e+21,7.539026716152216883e+27,0.000000000000000000e+00,4.594865913991917719e+38,2.986867658087773936e+36,1.000000000000000000e+04,7.566935026541854370e+01,8.558167317838783492e+04
8.676208009914115848e+01,5.633239291159799933e+00,2.070279251347696255e+21,8.504916664531722015e-01,7.381903003146318375e-13,0.000000000000000000e+00,2.200256413056075200e+07,2.452417822951637208e+04,2.200256413056075200e+07,0.000000000000000000e+00,0.000000000000000000e+00,1.401355250074571073e+08,-7.485786997290261833e+31,-7.642883428921297021e+30,3.975905537272980523e+31,7.698324261409061339e+21,7.482077167004288329e+27,0.000000000000000000e+00,4.579829930894340071e+38,2.964002093246353690e+36,1.000000000000000000e+04,7.567708234595563965e+01,8.566895072471853928e+04
8.700000000000000000e+01,5.633164086419799155e+00,2.070890267260764815e+21,7.770865096881868217e-01,7.367511229028001913e-13,0.000000000000000000e+00,2.202295591194285080e+07,2.452417822951637208e+04,2.202295591194285080e+07,0.000000000000000000e+00,0.000000000000000000e+00,1.402652567699923217e+08,-7.495136259734223045e+31,-7.612516986896205790e+30,3.970496746690099259e+31,7.678190774725716738e+21,7.431221231680250623e+27,0.000000000000000000e+00,4.566316926667333588e+38,2.943527934643593442e+36,1.000000000000000000e+04,7.568550828979844880e+01,8.574825955073870136e+04
8.750000000000000000e+01,5.632515413325582365e+00,2.071994449399466164e+21,6.223951124203214169e-01,7.340553830578741770e-13,0.000000000000000000e+00,2.206587175585307926e+07,2.452417822951637208e+04,2.206587175585307926e+07,0.000000000000000000e+00,0.000000000000000000e+00,1.405382857892248929e+08,-7.515476820027566382e+31,-7.548266872916036144e+30,3.960188580944787006e+31,7.637464219634497487e+21,7.326028873324899572e+27,0.000000000000000000e+00,4.538097910149419114e+38,2.901014689817121695e+36,1.000000000000000000e+04,7.570758641871941563e+01,8.591517018666637887e+04
8.800000000000000000e+01,5.631200917333162081e+00,2.072854102305162920e+21,4.671436557753341212e-01,7.318020365598690832e-13,0.000000000000000000e+00,2.210887113627863675e+07,2.452417822951637208e+04,2.210887113627863675e+07,0.000000000000000000e+00,0.000000000000000000e+00,1.408118462646930218e+08,-7.536763677280250579e+31,-7.483437049476978901e+30,3.951308589450513947e+31,7.599102686599843938e+21,7.223591962073785401e+27,0.000000000000000000e+00,4.510262337026505533e+38,2.859392848317472743e+36,1.000000000000000000e+04,7.573560209375969521e+01,8.608240571735613048e+04
8.850000000000000000e+01,5.629219539926212157e+00,2.073468359583119966e+21,3.113539608815344417e-01,7.299880528408951549e-13,0.000000000000000000e+00,2.215195421582495794e+07,2.452417822951637208e+04,2.215195421582495794e+07,0.000000000000000000e+00,0.000000000000000000e+00,1.410859392308864892e+08,-7.559006600609711896e+31,-7.418036778494951561e+30,3.943850480337457925e+31,7.562920323070180721e+21,7.123508339326707360e+27,0.000000000000000000e+00,4.482712567955832530e+38,2.818511340867936877e+36,1.000000000000000000e+04,7.576957536642800051e+01,8.624996677522186656e+04
8.900000000000000000e+01,5.626570318897496037e+00,2.073836388706682405e+21,1.550471438183724238e-01,7.286112739359733960e-13,0.000000000000000000e+00,2.219512115741398558e+07,2.452417822951637208e+04,2.219512115741398558e+07,0.000000000000000000e+00,0.000000000000000000e+00,1.413605657243087292e+08,-7.582215937416471842e+31,-7.352075021269556165e+30,3.937809769177382389e+31,7.528961229183213634e+21,7.025851909187146176e+27,0.000000000000000000e+00,4.455486270160256624e+38,2.778407203320902943e+36,1.000000000000000000e+04,7.580952895895340760e+01,8.641785399390848761e+04
8.949440808770984290e+01,5.623293192821711806e+00,2.073957405440556401e+21,1.376535612630297616e-15,7.276785278177867601e-13,0.000000000000000000e+00,2.223788794785200059e+07,2.452417822951637208e+04,2.223788794785200059e+07,0.000000000000000000e+00,0.000000000000000000e+00,1.416326464708376527e+08,-7.606126685085146600e+31,-7.286307374512731047e+30,3.933227703483454759e+31,7.497477256235127407e+21,6.931480968032926043e+27,0.000000000000000000e+00,4.428838796408944306e+38,2.739446750816691977e+36,1.000000000000000000e+04,7.585494101563787694e+01,8.658418492295942269e+04
8.950000000000000000e+01,5.623252385132636810e+00,2.073957389943850402e+21,-1.756335527544832182e-03,7.276704134293409565e-13,0.000000000000000000e+00,2.223837212428480759e+07,2.452417822951637208e+04,2.223837212428480759e+07,0.000000000000000000e+00,0.000000000000000000e+00,1.416357267834807634e+08,-7.606402630774163846e+31,-7.285560461823779450e+30,3.933183785039252106e+31,7.497138513394054201e+21,6.930436927828309136e+27,0.000000000000000000e+00,4.428542210449495035e+38,2.739014364618971213e+36,1.000000000000000000e+04,7.585548832624135684e+01,8.658606800829432905e+04
9.000000000000000000e+01,5.619264959615039245e+00,2.073830595361079558e+21,-1.590366232284073644e-01,7.271650584445535780e-13,0.000000000000000000e+00,2.228170727999424562e+07,2.452417822951637208e+04,2.228170727999424562e+07,0.000000000000000000e+00,0.000000000000000000e+00,1.419114234489450753e+08,-7.631578237496629282e+31,-7.218501531288127299e+30,3.929971680570104084e+31,7.467492320525327270e+21,6.837346427507980471e+27,0.000000000000000000e+00,4.401913084486274948e+38,2.700372671143430521e+36,1.000000000000000000e+04,7.590748171926162513e+01,8.675460945449346036e+04
9.050000000000000000e+01,5.614607350650904216e+00,2.073455267904271679e+21,-3.167744253816965894e-01,7.270956747350046624e-13,0.000000000000000000e+00,2.232512678841749206e+07,2.452417822951637208e+04,2.232512678841749206e+07,0.000000000000000000e+00,0.000000000000000000e+00,1.421876567632696331e+08,-7.657754946932473641e+31,-7.150906430231355322e+30,3.928174446223979186e+31,7.440081198965105623e+21,6.746685219395544869e+27,0.000000000000000000e+00,4.375640876851502686e+38,2.662530061152421386e+36,1.000000000000000000e+04,7.596554025006638255e+01,8.692347896985821717e+04
9.100000000000000000e+01,5.609278951304587757e+00,2.072830700553717154e+21,-4.749509584483532776e-01,7.274636149525613119e-13,0.000000000000000000e+00,2.236863081374872476e+07,2.452417822951637208e+04,2.236863081374872476e+07,0.000000000000000000e+00,0.000000000000000000e+00,1.424644277710517645e+08,-7.684945600550654762e+31,-7.082783153313733915e+30,3.927794928790099394e+31,7.414610633096399159e+21,6.657806265522173213e+27,0.000000000000000000e+00,4.349558751696959215e+38,2.625237451702779781e+36,1.000000000000000000e+04,7.602969795871511849e+01,8.709267719298155862e+04
9.150000000000000000e+01,5.603279237049490824e+00,2.071956215555248882e+21,-6.335479033286567363e-01,7.282711301794238474e-13,0.000000000000000000e+00,2.241221952050173283e+07,2.452417822951637208e+04,2.241221952050173283e+07,0.000000000000000000e+00,0.000000000000000000e+00,1.427417375189221501e+08,-7.713163712362339063e+31,-7.014139512187563009e+30,3.928837854354963656e+31,7.391369234626422768e+21,6.571301145552920362e+27,0.000000000000000000e+00,4.323841513050658556e+38,2.588734208712894096e+36,1.000000000000000000e+04,7.609999188224941236e+01,8.726220476369946846e+04
9.200000000000000000e+01,5.596607763624672494e+00,2.070831163724333318e+21,-7.925473588324954966e-01,7.295213848360962389e-13,0.000000000000000000e+00,2.245589307351053134e+07,2.452417822951637208e+04,2.245589307351053134e+07,0.000000000000000000e+00,0.000000000000000000e+00,1.430195870555486679e+08,-7.742423490246353706e+31,-6.944983159011829190e+30,3.931309855880206850e+31,7.370169496186450346e+21,6.486769011221346366e+27,0.000000000000000000e+00,4.298383075030437944e+38,2.552867870308509481e+36,1.000000000000000000e+04,7.617646212599578348e+01,8.743206232309331244e+04
9.250000000000000000e+01,5.589264165096689219e+00,2.069454923823251718e+21,-9.519317952909166491e-01,7.312184750917436564e-13,0.000000000000000000e+00,2.249965163792998344e+07,2.452417822951637208e+04,2.249965163792998344e+07,0.000000000000000000e+00,0.000000000000000000e+00,1.432979774316405356e+08,-7.772739858235376355e+31,-6.875321610175172316e+30,3.935219505576232121e+31,7.351073450752266469e+21,6.404282051835667109e+27,0.000000000000000000e+00,4.273222440536155065e+38,2.517672186574154133e+36,1.000000000000000000e+04,7.625915193739416509e+01,8.760225051349244313e+04
9.300000000000000000e+01,5.581248152126829787e+00,2.067826902011776598e+21,-1.111684007355767889e+00,7.333674509234436315e-13,0.000000000000000000e+00,2.254349537923644483e+07,2.452417822951637208e+04,2.254349537923644483e+07,0.000000000000000000e+00,0.000000000000000000e+00,1.435769096999521852e+08,-7.804128479821303038e+31,-6.805162270755263852e+30,3.940577352268823778e+31,7.333955992016920773e+21,6.323581504301810430e+27,0.000000000000000000e+00,4.248288457902010658e+38,2.483050461365011019e+36,1.000000000000000000e+04,7.634810778254653485e+01,8.777276997847644088e+04
9.350000000000000000e+01,5.572559510442300912e+00,2.065946531371135271e+21,-1.271787069439066498e+00,7.359743419941958836e-13,0.000000000000000000e+00,2.258742446322835609e+07,2.452417822951637208e+04,2.258742446322835609e+07,0.000000000000000000e+00,0.000000000000000000e+00,1.438563849152872264e+08,-7.836605782343082303e+31,-6.734512457810067440e+30,3.947395963980068383e+31,7.319066881058432614e+21,6.245133669076495079e+27,0.000000000000000000e+00,4.223726105885665176e+38,2.449190482232412832e+36,1.000000000000000000e+04,7.644337942569779898e+01,8.794362136287767498e+04
9.400000000000000000e+01,5.563198099507510541e+00,2.063813271500189336e+21,-1.432224287418758513e+00,7.390461875450542688e-13,0.000000000000000000e+00,2.263143905602690205e+07,2.452417822951637208e+04,2.263143905602690205e+07,0.000000000000000000e+00,0.000000000000000000e+00,1.441364041345025003e+08,-7.870188982526607089e+31,-6.663379426021536706e+30,3.955689975971838645e+31,7.306015074224312418e+21,6.168108062847054569e+27,0.000000000000000000e+00,4.199308554671845995e+38,2.415770845815136462e+36,1.000000000000000000e+04,7.654502001188737381e+01,8.811480531278367562e+04
9.450000000000000000e+01,5.553163851401290430e+00,2.061426608186308428e+21,-1.592979153100008816e+00,7.425910705163790499e-13,0.000000000000000000e+00,2.267553932407660782e+07,2.452417822951637208e+04,2.267553932407660782e+07,0.000000000000000000e+00,0.000000000000000000e+00,1.444169684165120125e+08,-7.904896113235800173e+31,-6.591770392112175631e+30,3.965476144503865606e+31,7.295144171177045393e+21,6.093168797167575557e+27,0.000000000000000000e+00,4.175231884102951471e+38,2.383056106922309333e+36,1.000000000000000000e+04,7.665308615292805428e+01,8.828632247553959314e+04
9.500000000000000000e+01,5.542456769896118018e+00,2.058786053149831725e+21,-1.754035296049966997e+00,7.466181561475836394e-13,0.000000000000000000e+00,2.271972543414600939e+07,2.452417822951637208e+04,2.271972543414600939e+07,0.000000000000000000e+00,0.000000000000000000e+00,1.446980788222909570e+08,-7.940746051510995929e+31,-6.519692561015410949e+30,3.976773406604592354e+31,7.286275614873764233e+21,6.019910446842109997e+27,0.000000000000000000e+00,4.151390083741901121e+38,2.350891334444759841e+36,1.000000000000000000e+04,7.676763801696174028e+01,8.845817349975062825e+04
9.550000000000000000e+01,5.531076929743917958e+00,2.055891143864156422e+21,-1.915376436055528542e+00,7.511377353296583871e-13,0.000000000000000000e+00,2.276399755332823843e+07,2.452417822951637208e+04,2.276399755332823843e+07,0.000000000000000000e+00,0.000000000000000000e+00,1.449797364148797393e+08,-7.977758547962201211e+31,-6.447153152006992642e+30,3.989602946163095537e+31,7.279399791094967304e+21,5.948276762884736063e+27,0.000000000000000000e+00,4.127773567824349414e+38,2.319258353069808705e+36,1.000000000000000000e+04,7.688873942177080778e+01,8.863035903528450581e+04
9.600000000000000000e+01,5.519024476168294058e+00,2.052741443451734458e+21,-2.076986334369659737e+00,7.561612730210001819e-13,0.000000000000000000e+00,2.280835584904169291e+07,2.452417822951637208e+04,2.280835584904169291e+07,0.000000000000000000e+00,0.000000000000000000e+00,1.452619422593880296e+08,-8.015954257595530435e+31,-6.374159425821295655e+30,4.003988266690326310e+31,7.274703690779341095e+21,5.878577417673738063e+27,0.000000000000000000e+00,4.104482635930064281e+38,2.288281259496537093e+36,1.000000000000000000e+04,7.701645793207482882e+01,8.880287973327397776e+04
9.650000000000000000e+01,5.506299624567813744e+00,2.049336540658051580e+21,-2.238848743438300204e+00,7.617014620700503713e-13,0.000000000000000000e+00,2.285280048903064802e+07,2.452417822951637208e+04,2.285280048903064802e+07,0.000000000000000000e+00,0.000000000000000000e+00,1.455446974229987562e+08,-8.055354772148007875e+31,-6.300718712936459952e+30,4.019955271120346690e+31,7.271887029180183871e+21,5.810189118133967845e+27,0.000000000000000000e+00,4.081340761591774329e+38,2.257720477989017548e+36,1.000000000000000000e+04,7.715086496100370539e+01,8.897573624611923879e+04
9.700000000000000000e+01,5.492902660433411910e+00,2.045676049905089249e+21,-2.400947356925981602e+00,7.677722828287460657e-13,0.000000000000000000e+00,2.289733164136589319e+07,2.452417822951637208e+04,2.289733164136589319e+07,0.000000000000000000e+00,0.000000000000000000e+00,1.458280029749720693e+08,-8.095982654012535136e+31,-6.226838442020864154e+30,4.037532349060496285e+31,7.271302841689547211e+21,5.743735179721581345e+27,0.000000000000000000e+00,4.058538537631358457e+38,2.227821363630720756e+36,1.000000000000000000e+04,7.729203587596208536e+01,8.914892922749029822e+04
9.750000000000000000e+01,5.478833939483086723e+00,2.041759611425797964e+21,-2.563265755914049482e+00,7.743890689840439110e-13,0.000000000000000000e+00,2.294194947444537655e+07,2.452417822951637208e+04,2.294194947444537655e+07,0.000000000000000000e+00,0.000000000000000000e+00,1.461118599866495132e+08,-8.137861471839255133e+31,-6.152526170863176743e+30,4.056750471937286998e+31,7.272654985935235056e+21,5.678590860130358003e+27,0.000000000000000000e+00,4.035900759611665907e+38,2.198344021648079847e+36,1.000000000000000000e+04,7.744005010910623810e+01,8.932245933232964308e+04
9.800000000000000000e+01,5.464093888022448553e+00,2.037586891483163132e+21,-2.725787356927150906e+00,7.815685800783897004e-13,0.000000000000000000e+00,2.298665415699482709e+07,2.452417822951637208e+04,2.298665415699482709e+07,0.000000000000000000e+00,0.000000000000000000e+00,1.463962695314580202e+08,-8.181015837896075232e+31,-6.077789616628186878e+30,4.077643296513718872e+31,7.276128051093923955e+21,5.615065462086324290e+27,0.000000000000000000e+00,4.013520111791150521e+38,2.169411000763815090e+36,1.000000000000000000e+04,7.759499127261190665e+01,8.949632721685459546e+04
9.850000000000000000e+01,5.448683003531153979e+00,2.033157582674238374e+21,-2.888495354726132280e+00,7.893290812481691408e-13,0.000000000000000000e+00,2.303144585806842148e+07,2.452417822951637208e+04,2.303144585806842148e+07,0.000000000000000000e+00,0.000000000000000000e+00,1.466812326849139035e+08,-8.225471447288937440e+31,-6.002636689416901485e+30,4.100247277317028148e+31,7.281703620303358263e+21,5.553030307201429280e+27,0.000000000000000000e+00,3.991374452003758814e+38,2.140974746823665049e+36,1.000000000000000000e+04,7.775694727900143732e+01,8.967053353855977184e+04
9.900000000000000000e+01,5.432601855489423315e+00,2.028471404324845519e+21,-3.051372665452073196e+00,7.976904307564656495e-13,0.000000000000000000e+00,2.307632474704937264e+07,2.452417822951637208e+04,2.307632474704937264e+07,0.000000000000000000e+00,0.000000000000000000e+00,1.469667505246270895e+08,-8.271255119126382633e+31,-5.927075526011914809e+30,4.124601788532048328e+31,7.289439137574771753e+21,5.492551858387937513e+27,0.000000000000000000e+00,3.969482110555500167e+38,2.113062907311047472e+36,1.000000000000000000e+04,7.792601046667280684e+01,8.984507895621967327e+04
9.950000000000000000e+01,5.415851086446645368e+00,2.023528102976092897e+21,-3.214401866836515964e+00,8.066741759682611751e-13,0.000000000000000000e+00,2.312129099365063384e+07,2.452417822951637208e+04,2.312129099365063384e+07,0.000000000000000000e+00,0.000000000000000000e+00,1.472528241303050518e+08,-8.318394839736594276e+31,-5.851114525671232373e+30,4.150749255994400955e+31,7.299160164430017200e+21,5.433237342486818331e+27,0.000000000000000000e+00,3.947734095869694619e+38,2.085526344588473479e+36,1.000000000000000000e+04,7.810227773089688696e+01,9.001996412989111559e+04
1.000000000000000000e+02,5.398431413342671625e+00,2.018327452967090782e+21,-3.377565136080423081e+00,8.163036584798131225e-13,0.000000000000000000e+00,2.316634476791548356e+07,2.452417822951637208e+04,2.316634476791548356e+07,0.000000000000000000e+00,0.000000000000000000e+00,1.475394545837568939e+08,-8.366919808037821200e+31,-5.774762387653382222e+30,4.178735299954439872e+31,7.311197364508095939e+21,5.375605302110729798e+27,0.000000000000000000e+00,3.926294270796743914e+38,2.058566028421796692e+36,1.000000000000000000e+04,7.828585066047739360e+01,9.019518972091568867e+04
1.005000000000000000e+02,5.380343629092899427e+00,2.012869257118445994e+21,-3.540844183433881298e+00,8.266041291904631468e-13,0.000000000000000000e+00,2.321148624021820724e+07,2.452417822951637208e+04,2.321148624021820724e+07,0.000000000000000000e+00,0.000000000000000000e+00,1.478266429688975215e+08,-8.416860483168216676e+31,-5.698028151615211354e+30,4.208608889342239606e+31,7.325369558100540916e+21,5.319264601299080229e+27,0.000000000000000000e+00,3.905047523832932145e+38,2.032033269120149704e+36,1.000000000000000000e+04,7.847683568027012768e+01,9.037075639192230301e+04
1.010000000000000000e+02,5.361588604448203732e+00,2.007153347521138655e+21,-3.704220186737922305e+00,8.376028741901369962e-13,0.000000000000000000e+00,2.325671558126471564e+07,2.452417822951637208e+04,2.325671558126471564e+07,0.000000000000000000e+00,0.000000000000000000e+00,1.481143903717516959e+08,-8.468248634486828099e+31,-5.620921237916834829e+30,4.240422508329277033e+31,7.341671633102735147e+21,5.264131895292781711e+27,0.000000000000000000e+00,3.883973726342294173e+38,2.005897852977801873e+36,1.000000000000000000e+04,7.867534419976699667e+01,9.054666480682970723e+04
1.015000000000000000e+02,5.342167290136127455e+00,2.001179586433639252e+21,-3.867673717675298217e+00,8.493293524337497464e-13,0.000000000000000000e+00,2.330203296209321171e+07,2.452417822951637208e+04,2.330203296209321171e+07,0.000000000000000000e+00,0.000000000000000000e+00,1.484026978804581463e+08,-8.521117394071389506e+31,-5.543451493118789385e+30,4.274232336064804669e+31,7.360322879836907373e+21,5.210506749637533292e+27,0.000000000000000000e+00,3.863169680583768934e+38,1.980275183804664743e+36,1.000000000000000000e+04,7.888149276800260168e+01,9.072291563084899099e+04
1.020000000000000000e+02,5.322080719306533148e+00,1.994947867296462275e+21,-4.031184667770220109e+00,8.618153462651257494e-13,0.000000000000000000e+00,2.334743855407482758e+07,2.452417822951637208e+04,2.334743855407482758e+07,0.000000000000000000e+00,0.000000000000000000e+00,1.486915665852736831e+08,-8.575501311818331798e+31,-5.465629236134098256e+30,4.310098440502171364e+31,7.381164106806610362e+21,5.158014350732068814e+27,0.000000000000000000e+00,3.842530513561737602e+38,1.955023601072217897e+36,1.000000000000000000e+04,7.909540323488504043e+01,9.089950953048607334e+04
1.025000000000000000e+02,5.301330010288321404e+00,1.988458115867149861e+21,-4.194732169426089285e+00,8.750951259814655388e-13,0.000000000000000000e+00,2.339293252891426533e+07,2.452417822951637208e+04,2.339293252891426533e+07,0.000000000000000000e+00,0.000000000000000000e+00,1.489809975785773396e+08,-8.631436413282896458e+31,-5.387465307744085819e+30,4.348084987352486424e+31,7.404368721010989466e+21,5.106881193781643943e+27,0.000000000000000000e+00,3.822124842283221407e+38,1.930230025076688782e+36,1.000000000000000000e+04,7.931720291921922694e+01,9.107644717354423483e+04
1.030000000000000000e+02,5.279916369676507237e+00,1.981710291483469808e+21,-4.358294512084864181e+00,8.892056297481480870e-13,0.000000000000000000e+00,2.343851505865044892e+07,2.452417822951637208e+04,2.343851505865044892e+07,0.000000000000000000e+00,0.000000000000000000e+00,1.492709919548744261e+08,-8.688960260383907931e+31,-5.308971123472138044e+30,4.388260465263515620e+31,7.429869131179243864e+21,5.056896934520837371e+27,0.000000000000000000e+00,3.801894007828576737e+38,1.905815542413315018e+36,1.000000000000000000e+04,7.954702478357096140e+01,9.125372922912663489e+04
1.035000000000000000e+02,5.257841095767287420e+00,1.974704388462018560e+21,-4.521849055076897272e+00,9.041866603175075811e-13,0.000000000000000000e+00,2.348418631565720215e+07,2.452417822951637208e+04,2.348418631565720215e+07,0.000000000000000000e+00,0.000000000000000000e+00,1.495615508108008206e+08,-8.748112015106696758e+31,-5.230158728953540251e+30,4.430697928423050981e+31,7.457720810176467960e+21,5.008055861913409001e+27,0.000000000000000000e+00,3.781842101795582258e+38,1.881778822241561824e+36,1.000000000000000000e+04,7.978500761613945258e+01,9.143135636763890216e+04
1.040000000000000000e+02,5.235105582358785981e+00,1.967440437639484801e+21,-4.685372132640768683e+00,9.200811001638573730e-13,0.000000000000000000e+00,2.352994647264385968e+07,2.452417822951637208e+04,2.352994647264385968e+07,0.000000000000000000e+00,0.000000000000000000e+00,1.498526752451269627e+08,-8.808932506344102110e+31,-5.151040860440579249e+30,4.475475257891708406e+31,7.488160015521891222e+21,4.960645688558208399e+27,0.000000000000000000e+00,3.762062195298431984e+38,1.858228261298532078e+36,1.000000000000000000e+04,8.003129621980539810e+01,9.160932926079157915e+04
1.045000000000000000e+02,5.211711322943678226e+00,1.959918508067055731e+21,-4.848838955634533043e+00,9.369351468162457101e-13,0.000000000000000000e+00,2.357579570265593380e+07,2.452417822951637208e+04,2.357579570265593380e+07,0.000000000000000000e+00,0.000000000000000000e+00,1.501443663587620854e+08,-8.871464300007801018e+31,-5.071631007893768878e+30,4.522675443063321723e+31,7.521007772816806773e+21,4.914273449516243836e+27,0.000000000000000000e+00,3.742435419209990522e+38,1.835016507476988295e+36,1.000000000000000000e+04,8.028604160843434556e+01,9.178764858160274161e+04
1.050000000000000000e+02,5.187659915310117498e+00,1.952138708864834732e+21,-5.012223507199444761e+00,9.547985703750982090e-13,0.000000000000000000e+00,2.362173417907578498e+07,2.452417822951637208e+04,2.362173417907578498e+07,0.000000000000000000e+00,0.000000000000000000e+00,1.504366252547582984e+08,-8.935751772564363911e+31,-4.991943482276832837e+30,4.572386884799385527e+31,7.556339230406291227e+21,4.868955483766769431e+27,0.000000000000000000e+00,3.722970755353069300e+38,1.812150196566330070e+36,1.000000000000000000e+04,8.054940121060712954e+01,9.196631500440044329e+04
1.055000000000000000e+02,5.162953066577867567e+00,1.944101191247108506e+21,-5.175498429442233927e+00,9.737249954090497295e-13,0.000000000000000000e+00,2.366776207562326267e+07,2.452417822951637208e+04,2.366776207562326267e+07,0.000000000000000000e+00,0.000000000000000000e+00,1.507294530383149385e+08,-9.001841188139088805e+31,-4.911993488811368448e+30,4.624703721892362972e+31,7.594312725155067986e+21,4.824833850539359188e+27,0.000000000000000000e+00,3.703715559161900178e+38,1.789682324718002000e+36,1.000000000000000000e+04,8.082153908083738258e+01,9.214532920482540794e+04
1.060000000000000000e+02,5.137592598701431257e+00,1.935806150731200987e+21,-5.338634904442145057e+00,9.937722096673056340e-13,0.000000000000000000e+00,2.371387956635636464e+07,2.452417822951637208e+04,2.371387956635636464e+07,0.000000000000000000e+00,0.000000000000000000e+00,1.510228508167826235e+08,-9.069780779327277963e+31,-4.831797204343849138e+30,4.679726182644247314e+31,7.634944785794484666e+21,4.781811868023723734e+27,0.000000000000000000e+00,3.684644850411949755e+38,1.767576713875948431e+36,1.000000000000000000e+04,8.110262611826944124e+01,9.232469185983350326e+04
1.065000000000000000e+02,5.111580454465780576e+00,1.927253829540387488e+21,-5.501602527498561379e+00,1.015002502320147759e-12,0.000000000000000000e+00,2.376008682567190006e+07,2.452417822951637208e+04,2.376008682567190006e+07,0.000000000000000000e+00,0.000000000000000000e+00,1.513168196996673346e+08,-9.139620831867603441e+31,-4.751371860090226052e+30,4.737560963519068380e+31,7.678294762300187345e+21,4.739853830663220797e+27,0.000000000000000000e+00,3.665753057593398188e+38,1.745819933721207009e+36,1.000000000000000000e+04,8.139284029289588318e+01,9.250440364769821463e+04
1.070000000000000000e+02,5.084918704006752499e+00,1.918444519213826048e+21,-5.664369170761503369e+00,1.037483034737941218e-12,0.000000000000000000e+00,2.380638402830613032e+07,2.452417822951637208e+04,2.380638402830613032e+07,0.000000000000000000e+00,0.000000000000000000e+00,1.516113607986347973e+08,-9.211413773325099438e+31,-4.670735830910305524e+30,4.798321636980955680e+31,7.724476170952136196e+21,4.699019518772098512e+27,0.000000000000000000e+00,3.647058304467436491e+38,1.724433586071810976e+36,1.000000000000000000e+04,8.169236687924265539e+01,9.268446524801338091e+04
1.075000000000000000e+02,5.057609551894601374e+00,1.909378563438956511e+21,-5.826900837821076706e+00,1.061286247151031310e-12,0.000000000000000000e+00,2.385277134933546185e+07,2.452417822951637208e+04,2.385277134933546185e+07,0.000000000000000000e+00,0.000000000000000000e+00,1.519064752275146842e+08,-9.285214265922533752e+31,-4.589908730857510943e+30,4.862129090793682908e+31,7.773561021412658905e+21,4.659285946229024619e+27,0.000000000000000000e+00,3.628556325064526606e+38,1.703408488798940891e+36,1.000000000000000000e+04,8.200139869736943865e+01,9.286487734169568284e+04
1.080000000000000000e+02,5.029655344816187146e+00,1.900056361120751682e+21,-5.989161508786675192e+00,1.086490304913589880e-12,0.000000000000000000e+00,2.389924896417708695e+07,2.452417822951637208e+04,2.389924896417708695e+07,0.000000000000000000e+00,0.000000000000000000e+00,1.522021641023046374e+08,-9.361079303665174258e+31,-4.508911515357710777e+30,4.929112001262059391e+31,7.825508000968402272e+21,4.620455461762827249e+27,0.000000000000000000e+00,3.610188447837924696e+38,1.682671775331554780e+36,1.000000000000000000e+04,8.232013636102422538e+01,9.304564061098717502e+04
1.085000000000000000e+02,5.001058579897102341e+00,1.890478369704500003e+21,-6.151112973761208025e+00,1.113179588510773382e-12,0.000000000000000000e+00,2.394581704858963937e+07,2.452417822951637208e+04,2.394581704858963937e+07,0.000000000000000000e+00,0.000000000000000000e+00,1.524984285411746800e+08,-9.439068313893245929e+31,-4.427766591330624738e+30,4.999407343090569703e+31,7.880455442638581006e+21,4.582594738899612482e+27,0.000000000000000000e+00,3.591978292490207352e+38,1.662247402754624103e+36,1.000000000000000000e+04,8.264878853267687475e+01,9.322675573945794895e+04
1.090000000000000000e+02,4.971821913710291696e+00,1.880645108770833433e+21,-6.312714653755655547e+00,1.141445231914421136e-12,0.000000000000000000e+00,2.399247577867388353e+07,2.452417822951637208e+04,2.399247577867388353e+07,0.000000000000000000e+00,0.000000000000000000e+00,1.527952696644713581e+08,-9.519243263383996272e+31,-4.346497935916118136e+30,5.073160938746420970e+31,7.938557328219883700e+21,4.545781872692673695e+27,0.000000000000000000e+00,3.573953025827342763e+38,1.642162898931109014e+36,1.000000000000000000e+04,8.298757218503878619e+01,9.340822341200865048e+04
1.095000000000000000e+02,4.941948172021261243e+00,1.870557163923184550e+21,-6.473923409155798225e+00,1.171385714414707708e-12,0.000000000000000000e+00,2.403922533087335899e+07,2.452417822951637208e+04,2.403922533087335899e+07,0.000000000000000000e+00,0.000000000000000000e+00,1.530926885947220325e+08,-9.601668769112902103e+31,-4.265131223848204097e+30,5.150528050445279455e+31,7.999906615151850160e+21,4.509996088554651370e+27,0.000000000000000000e+00,3.556108821275430271e+38,1.622409579665955950e+36,1.000000000000000000e+04,8.333671286855727089e+01,9.359004431487312831e+04
1.100000000000000000e+02,4.911440360321127407e+00,1.860215190988372574e+21,-6.634693334164561307e+00,1.203107511642061524e-12,0.000000000000000000e+00,2.408606588197506219e+07,2.452417822951637208e+04,2.408606588197506219e+07,0.000000000000000000e+00,0.000000000000000000e+00,1.533906864566389918e+08,-9.686412213772750989e+31,-4.183693964517045185e+30,5.231674018133711277e+31,8.064609358456186470e+21,4.475224325860154459e+27,0.000000000000000000e+00,3.538445122908401679e+38,1.602981465943027562e+36,1.000000000000000000e+04,8.369644498426737300e+01,9.377221913562095142e+04
1.105000000000000000e+02,4.880301675205405587e+00,1.849619920553650684e+21,-6.794975535928334587e+00,1.236725812143301714e-12,0.000000000000000000e+00,2.413299760911010206e+07,2.452417822951637208e+04,2.413299760911010206e+07,0.000000000000000000e+00,0.000000000000000000e+00,1.536892643771239221e+08,-9.773543866124283448e+31,-4.102215649605866876e+30,5.316774947098101586e+31,8.132666646266117095e+21,4.441308483884074064e+27,0.000000000000000000e+00,3.520913189985265050e+38,1.583820757362705449e+36,1.000000000000000000e+04,8.406701206119780068e+01,9.395474856316011574e+04
1.110000000000000000e+02,4.848535516660517963e+00,1.838772162865216094e+21,-6.954717896661327892e+00,1.272365306605000308e-12,0.000000000000000000e+00,2.418002068975438550e+07,2.452417822951637208e+04,2.418002068975438550e+07,0.000000000000000000e+00,0.000000000000000000e+00,1.539884234852718711e+08,-9.863137006226654683e+31,-4.020727912436367626e+30,5.406018449109571167e+31,8.204285328986996736e+21,4.408369334346918705e+27,0.000000000000000000e+00,3.503551924396729514e+38,1.564969495529412655e+36,1.000000000000000000e+04,8.444866703734724922e+01,9.413763328773950343e+04
1.115000000000000000e+02,4.816145501327842027e+00,1.827672813116272935e+21,-7.113864817466605039e+00,1.310161057626800677e-12,0.000000000000000000e+00,2.422713530172927305e+07,2.452417822951637208e+04,2.422713530172927305e+07,0.000000000000000000e+00,0.000000000000000000e+00,1.542881649123759270e+08,-9.955268055557524686e+31,-3.939264699944360376e+30,5.499604441297720118e+31,8.279583572890821329e+21,4.376390807206560036e+27,0.000000000000000000e+00,3.486357870701229773e+38,1.546420429885031391e+36,1.000000000000000000e+04,8.484167254299660499e+01,9.432087400095172052e+04
1.120000000000000000e+02,4.783135476819033727e+00,1.816322857154373222e+21,-7.272356943161986997e+00,1.350259458856629109e-12,0.000000000000000000e+00,2.427434162320225686e+07,2.452417822951637208e+04,2.427434162320225686e+07,0.000000000000000000e+00,0.000000000000000000e+00,1.545884897919310629e+08,-1.005001671199446168e+32,-3.857862457857399990e+30,5.597746007256510897e+31,8.358686712555228889e+21,4.345356646228256743e+27,0.000000000000000000e+00,3.469327663749323695e+38,1.528166186394472765e+36,1.000000000000000000e+04,8.524630118488514086e+01,9.450447139573542518e+04
1.125000000000000000e+02,4.749509537160288453e+00,1.804723377639415087e+21,-7.430130865590188982e+00,1.392819293314981669e-12,0.000000000000000000e+00,2.432163983268764243e+07,2.452417822951637208e+04,2.432163983268764243e+07,0.000000000000000000e+00,0.000000000000000000e+00,1.548893992596386969e+08,-1.014746608958327386e+32,-3.776560330745102602e+30,5.700670325210344999e+31,8.441727225782605971e+21,4.315250589674576307e+27,0.000000000000000000e+00,3.452457861569982773e+38,1.510199339815543853e+36,1.000000000000000000e+04,8.566283582950718767e+01,9.468842616637816536e+04
1.130000000000000000e+02,4.715272039454250219e+00,1.792875560688006726e+21,-7.587118803869681294e+00,1.438012901858003466e-12,0.000000000000000000e+00,2.436903010904721171e+07,2.452417822951637208e+04,2.436903010904721171e+07,0.000000000000000000e+00,0.000000000000000000e+00,1.551908944534109235e+08,-1.024770286294864799e+32,-3.695400378053266966e+30,5.808619668380383385e+31,8.528789826653786210e+21,4.285986720069871893e+27,0.000000000000000000e+00,3.435722675430673842e+38,1.492488167547065029e+36,1.000000000000000000e+04,8.609156988338976646e+01,9.487273900851892540e+04
1.135000000000000000e+02,4.680427621852154552e+00,1.780780703041591968e+21,-7.743248259654026633e+00,1.486027473989563780e-12,0.000000000000000000e+00,2.441651263149090484e+07,2.452417822951637208e+04,2.441651263149090484e+07,0.000000000000000000e+00,0.000000000000000000e+00,1.554929765133747756e+08,-1.035081741613435932e+32,-3.614427807481646198e+30,5.921852483033804556e+31,8.620018958471329219e+21,4.257548857267802557e+27,0.000000000000000000e+00,3.419118160562354952e+38,1.475025568741199152e+36,1.000000000000000000e+04,8.653280756784991468e+01,9.505741061915075989e+04
1.140000000000000000e+02,4.644981222939437160e+00,1.768440219799950983e+21,-7.898441644988140276e+00,1.537066474625613751e-12,0.000000000000000000e+00,2.446408757957749441e+07,2.452417822951637208e+04,2.446408757957749441e+07,0.000000000000000000e+00,0.000000000000000000e+00,1.557956465818765759e+08,-1.045690399556482813e+32,-3.533691227372363805e+30,6.040644550021172639e+31,8.715638426366659002e+21,4.230009114880192148e+27,0.000000000000000000e+00,3.402668129058062934e+38,1.457834860228922537e+36,1.000000000000000000e+04,8.698686418523458030e+01,9.524244169662342756e+04
1.145000000000000000e+02,4.608938102644863477e+00,1.755855652764508226e+21,-8.052615880970893869e+00,1.591351221967453062e-12,0.000000000000000000e+00,2.451175513321527839e+07,2.452417822951637208e+04,2.451175513321527839e+07,0.000000000000000000e+00,0.000000000000000000e+00,1.560989058034862876e+08,-1.056606086671506638e+32,-3.453242919426822955e+30,6.165290235938278006e+31,8.815815443578999538e+21,4.203355717273938985e+27,0.000000000000000000e+00,3.386369525998920608e+38,1.440909948033134609e+36,1.000000000000000000e+04,8.745406637312838427e+01,9.542783294064606889e+04
1.150000000000000000e+02,4.572303864793173744e+00,1.743028679439894184e+21,-8.205681964513843241e+00,1.649122633358507059e-12,0.000000000000000000e+00,2.455951547266273573e+07,2.452417822951637208e+04,2.455951547266273573e+07,0.000000000000000000e+00,0.000000000000000000e+00,1.564027553250017166e+08,-1.067839047394567126e+32,-3.373139133641563611e+30,6.296103840356304397e+31,8.920726977651336544e+21,4.177577491892219271e+27,0.000000000000000000e+00,3.370219358290342671e+38,1.424244899108161892e+36,1.000000000000000000e+04,8.793475234238711380e+01,9.561358505228978174e+04
1.155000000000000000e+02,4.535084481430055270e+00,1.729961122745816711e+21,-8.357544500706397983e+00,1.710643157902055049e-12,0.000000000000000000e+00,2.460736877852923423e+07,2.452417822951637208e+04,2.460736877852923423e+07,0.000000000000000000e+00,0.000000000000000000e+00,1.567071962954530120e+08,-1.079399960280824310e+32,-3.293440407247814214e+30,6.433421045852041126e+31,9.030560316093693428e+21,4.152663639716137841e+27,0.000000000000000000e+00,3.354214708760894306e+38,1.407833865772623979e+36,1.000000000000000000e+04,8.842927209415449852e+01,9.579969873399032804e+04
1.160000000000000000e+02,4.497286319059721649e+00,1.716654961495920607e+21,-8.508101197754339040e+00,1.776198916712520690e-12,0.000000000000000000e+00,2.465531523177569360e+07,2.452417822951637208e+04,2.465531523177569360e+07,0.000000000000000000e+00,0.000000000000000000e+00,1.570122298661068678e+08,-1.091299954394267269e+32,-3.214211909793676421e+30,6.577600477808787580e+31,9.145513611206517064e+21,4.128603084771617149e+27,0.000000000000000000e+00,3.338352731578516707e+38,1.391670871073635316e+36,1.000000000000000000e+04,8.893798761018801713e+01,9.598617468955078220e+04
1.165000000000000000e+02,4.458916166947186177e+00,1.703112341705138373e+21,-8.657242321440739019e+00,1.846102073975891802e-12,0.000000000000000000e+00,2.470335501371528581e+07,2.452417822951637208e+04,2.470335501371528581e+07,0.000000000000000000e+00,0.000000000000000000e+00,1.573178571904709637e+08,-1.103550625747066752e+32,-3.135523816549546403e+30,6.729025381137876467e+31,9.265796429570373583e+21,4.105385148388494999e+27,0.000000000000000000e+00,3.322630640270646074e+38,1.375750046096858375e+36,1.000000000000000000e+04,8.946127300986699993e+01,9.617301362414415053e+04
1.170000000000000000e+02,4.419981267649065515e+00,1.689335588791811047e+21,-8.804850105914640679e+00,1.920693464516960721e-12,0.000000000000000000e+00,2.475148830601409823e+07,2.452417822951637208e+04,2.475148830601409823e+07,0.000000000000000000e+00,0.000000000000000000e+00,1.576240794242984056e+08,-1.116164053653571628e+32,-3.057451712535999379e+30,6.888105421168647863e+31,9.391630227734741910e+21,4.082999607303948776e+27,0.000000000000000000e+00,3.307045661875214173e+38,1.360065654605932752e+36,1.000000000000000000e+04,8.999951466617574170e+01,9.636021624431615055e+04
1.175000000000000000e+02,4.380489349949934663e+00,1.675327220746247209e+21,-8.950798117353636840e+00,2.000345506316426970e-12,0.000000000000000000e+00,2.479971529069184512e+07,2.452417822951637208e+04,2.479971529069184512e+07,0.000000000000000000e+00,0.000000000000000000e+00,1.579308977255917788e+08,-1.129152816833844306e+32,-2.980077029663897268e+30,7.055278615935126228e+31,9.523249427192102257e+21,4.061438029930070874e+27,0.000000000000000000e+00,3.291595194740121657e+38,1.344612540538859435e+36,1.000000000000000000e+04,9.055311127170206476e+01,9.654778325798769947e+04
1.180000000000000000e+02,4.340448664395185396e+00,1.661089962343075676e+21,-9.094950566597574948e+00,2.085465429391659980e-12,0.000000000000000000e+00,2.484803615012254193e+07,2.452417822951637208e+04,2.484803615012254193e+07,0.000000000000000000e+00,0.000000000000000000e+00,1.582383132546079457e+08,-1.142530009066193075e+32,-2.903487519785901402e+30,7.231013406914276599e+31,9.660901542941371138e+21,4.040692649974690782e+27,0.000000000000000000e+00,3.276276620185765105e+38,1.329385749149941866e+36,1.000000000000000000e+04,9.112247384425778307e+01,9.673571537445779541e+04
1.185000000000000000e+02,4.299868021626376269e+00,1.646626760480902349e+21,-9.237161566958338454e+00,2.176498855644123130e-12,0.000000000000000000e+00,2.489645106703520939e+07,2.452417822951637208e+04,2.489645106703520939e+07,0.000000000000000000e+00,0.000000000000000000e+00,1.585463271738621593e+08,-1.156309254146454908e+32,-2.827777766432882034e+30,7.415810874895109660e+31,9.804831937778925175e+21,4.020739422400535199e+27,0.000000000000000000e+00,3.261082014218248228e+38,1.314374991439435406e+36,1.000000000000000000e+04,9.170802566008038070e+01,9.692401330440606398e+04
1.190000000000000000e+02,4.258756833740412695e+00,1.631940800739074638e+21,-9.377274332975055415e+00,2.273933767668223595e-12,0.000000000000000000e+00,2.494496022451453283e+07,2.452417822951637208e+04,2.494496022451453283e+07,0.000000000000000000e+00,0.000000000000000000e+00,1.588549406481324732e+08,-1.170504719863032600e+32,-2.753049738314927929e+30,7.610207107023591373e+31,9.955316300142381892e+21,4.001571937691303881e+27,0.000000000000000000e+00,3.246009039034387503e+38,1.299575842934092412e+36,1.000000000000000000e+04,9.231020210069711140e+01,9.711267775989542133e+04
1.195000000000000000e+02,4.217125158910761229e+00,1.617035525248288293e+21,-9.515120315553524222e+00,2.378304908075258313e-12,0.000000000000000000e+00,2.499356380600159243e+07,2.452417822951637208e+04,2.499356380600159243e+07,0.000000000000000000e+00,0.000000000000000000e+00,1.591641548444642425e+08,-1.185131130639428283e+32,-2.679413387913302901e+30,7.814775720096147859e+31,1.011267095561959899e+22,3.983209257732871703e+27,0.000000000000000000e+00,3.231063500879785372e+38,1.284992097766478556e+36,1.000000000000000000e+04,9.292945039737537627e+01,9.730170945437489718e+04
1.200000000000000000e+02,4.174983749525899235e+00,1.601914651978768843e+21,-9.650518269372545532e+00,2.490198654561981918e-12,0.000000000000000000e+00,2.504226199529453740e+07,2.452417822951637208e+04,2.504226199529453740e+07,0.000000000000000000e+00,0.000000000000000000e+00,1.594739709321745634e+08,-1.200203778429240860e+32,-2.606987298264607364e+30,8.030130543780334509e+31,1.027720393934259828e+22,3.965644216526730048e+27,0.000000000000000000e+00,3.216242986070815399e+38,1.270618936657876011e+36,1.000000000000000000e+04,9.356622925462862383e+01,9.749110910268225416e+04
1.205000000000000000e+02,4.132344104116914885e+00,1.586582195556715332e+21,-9.783273247415992913e+00,2.610258419666425972e-12,0.000000000000000000e+00,2.509105497654927894e+07,2.452417822951637208e+04,2.509105497654927894e+07,0.000000000000000000e+00,0.000000000000000000e+00,1.597843900828565657e+08,-1.215738531371026859e+32,-2.535899381712277740e+30,8.256928465515652255e+31,1.044929307626794962e+22,3.948917066075821469e+27,0.000000000000000000e+00,3.201561363687929107e+38,1.256466657109276061e+36,1.000000000000000000e+04,9.422100833146565435e+01,9.768087742104670906e+04
1.210000000000000000e+02,4.089218523366275448e+00,1.571042489727951831e+21,-9.913175517854599050e+00,2.739190627775281146e-12,0.000000000000000000e+00,2.513994293428019062e+07,2.452417822951637208e+04,2.513994293428019062e+07,0.000000000000000000e+00,0.000000000000000000e+00,1.600954134703838825e+08,-1.231751839619232650e+32,-2.466287634229339226e+30,8.495872436233999215e+31,1.062928586027630277e+22,3.933022631663184641e+27,0.000000000000000000e+00,3.187016817777933333e+38,1.242530821392185015e+36,1.000000000000000000e+04,9.489426755586077888e+01,9.787101512709159579e+04
1.215000000000000000e+02,4.045620170506446733e+00,1.555300211594768679e+21,-1.003999939878393910e+01,2.877771325327656543e-12,0.000000000000000000e+00,2.518892605336080864e+07,2.452417822951637208e+04,2.518892605336080864e+07,0.000000000000000000e+00,0.000000000000000000e+00,1.604070422709152102e+08,-1.248260737662565027e+32,-2.398300948792609642e+30,8.747714632605397115e+31,1.081749873357625911e+22,3.917914316928319729e+27,0.000000000000000000e+00,3.172593005768848662e+38,1.228794034151997851e+36,1.000000000000000000e+04,9.558649624433662950e+01,9.806152293983715936e+04
1.220000000000000000e+02,4.001563136435999368e+00,1.539360407759830647e+21,-1.016350200539881321e+01,3.026853483053546118e-12,0.000000000000000000e+00,2.523800451902453601e+07,2.452417822951637208e+04,2.523800451902453601e+07,0.000000000000000000e+00,0.000000000000000000e+00,1.607192776628985703e+08,-1.265282842318956588e+32,-2.332099991910532957e+30,9.013259767029188998e+31,1.101431191577665575e+22,3.903586912999250059e+27,0.000000000000000000e+00,3.158287677157395641e+38,1.215252219618052471e+36,1.000000000000000000e+04,9.629819199445576317e+01,9.825240157970318978e+04
1.225000000000000000e+02,3.957062509898951586e+00,1.523228522518696952e+21,-1.028342190539727419e+01,3.187375051183030709e-12,0.000000000000000000e+00,2.528717851686532795e+07,2.452417822951637208e+04,2.528717851686532795e+07,0.000000000000000000e+00,0.000000000000000000e+00,1.610321208270758688e+08,-1.282836345455027123e+32,-2.267858146712405977e+30,9.293368530820038083e+31,1.122012510912600500e+22,3.890035287554491623e+27,0.000000000000000000e+00,3.144098624440282621e+38,1.201901403150507634e+36,1.000000000000000000e+04,9.702985931339830472e+01,9.844365176851180149e+04
1.230000000000000000e+02,3.912134453089116448e+00,1.506910428249375638e+21,-1.039947767819616509e+01,3.360367829447833866e-12,0.000000000000000000e+00,2.533644823283840343e+07,2.452417822951637208e+04,2.533644823283840343e+07,0.000000000000000000e+00,0.000000000000000000e+00,1.613455729464873970e+08,-1.300940000315436667e+32,-2.205762526184723983e+30,9.588961148696770517e+31,1.143532743082306961e+22,3.877228001202745867e+27,0.000000000000000000e+00,3.130015310145928155e+38,1.188729641768871800e+36,1.000000000000000000e+04,9.778200794062473733e+01,9.863527422949016909e+04
1.235000000000000000e+02,3.866796283055412342e+00,1.490412458153536127e+21,-1.051136637421893383e+01,3.546967212809930386e-12,0.000000000000000000e+00,2.538581385326094553e+07,2.452417822951637208e+04,2.538581385326094553e+07,0.000000000000000000e+00,0.000000000000000000e+00,1.616596352064762115e+08,-1.319613100160709908e+32,-2.146015059766813820e+30,9.901021013412106968e+31,1.166035880935794986e+22,3.865161456365464922e+27,0.000000000000000000e+00,3.116036152995102881e+38,1.175733834271472397e+36,1.000000000000000000e+04,9.855515081682275991e+01,9.882726968727321946e+04
1.240000000000000000e+02,3.821066559297412901e+00,1.473741441509942362e+21,-1.061876187094056689e+01,3.748422870452812821e-12,0.000000000000000000e+00,2.543527556481280923e+07,2.452417822951637208e+04,2.543527556481280923e+07,0.000000000000000000e+00,0.000000000000000000e+00,1.619743087946926653e+08,-1.338875447697468628e+32,-2.088833656296256339e+30,1.023059835773139625e+32,1.189569704519895980e+22,3.853845456776969195e+27,0.000000000000000000e+00,3.102164090155119480e+38,1.162915056810626555e+36,1.000000000000000000e+04,9.934980164483694409e+01,9.901963886790641118e+04
1.245000000000000000e+02,3.774965177948116146e+00,1.456904741604427301e+21,-1.072131312411931958e+01,3.966110408722790588e-12,0.000000000000000000e+00,2.548483355453722924e+07,2.452417822951637208e+04,2.548483355453722924e+07,0.000000000000000000e+00,0.000000000000000000e+00,1.622895949010989368e+08,-1.358747313540712366e+32,-2.034453445243075715e+30,1.057881390650820199e+32,1.214187867493162916e+22,3.843315297303236382e+27,0.000000000000000000e+00,3.088411303753207274e+38,1.150282042543060473e+36,1.000000000000000000e+04,1.001664719811016084e+02,9.921238249884845573e+04
1.250000000000000000e+02,3.728513472942738716e+00,1.439910296502263087e+21,-1.081864231379426577e+01,4.201544057184518613e-12,0.000000000000000000e+00,2.553448800984151289e+07,2.452417822951637208e+04,2.553448800984151289e+07,0.000000000000000000e+00,0.000000000000000000e+00,1.626054947179734409e+08,-1.379249381670492206e+32,-1.983128097474287404e+30,1.094686243373149803e+32,1.239951124685827709e+22,3.833638943619369374e+27,0.000000000000000000e+00,3.074801087529435051e+38,1.137853020686089341e+36,1.000000000000000000e+04,1.010056677881986076e+02,9.940550130897408235e+04
1.255000000000000000e+02,3.681734324568433081e+00,1.422766662828109332e+21,-1.091034288665984064e+01,4.456390399184271059e-12,0.000000000000000000e+00,2.558423911849777773e+07,2.452417822951637208e+04,2.558423911849777773e+07,0.000000000000000000e+00,0.000000000000000000e+00,1.629220094399154186e+08,-1.400402679531580590e+32,-1.935131225526624230e+30,1.133601612744520724e+32,1.266897626780474855e+22,3.824700656807759522e+27,0.000000000000000000e+00,3.061294589887739122e+38,1.125591649270267154e+36,1.000000000000000000e+04,1.018678853705050216e+02,9.959899602857677382e+04
1.260000000000000000e+02,3.634652275776519836e+00,1.405483062714385039e+21,-1.099597749839202798e+01,4.732483142324132114e-12,0.000000000000000000e+00,2.563408706864361465e+07,2.452417822951637208e+04,2.563408706864361465e+07,0.000000000000000000e+00,0.000000000000000000e+00,1.632391402638493776e+08,-1.422228490072530650e+32,-1.890757862122346797e+30,1.174762763860897173e+32,1.295081641099406397e+22,3.816493484121598985e+27,0.000000000000000000e+00,3.047889918021266392e+38,1.113494698962951521e+36,1.000000000000000000e+04,1.027536066055278781e+02,9.979286738937156042e+04
1.265000000000000000e+02,3.587293656614184645e+00,1.388069434070191047e+21,-1.107507586420823387e+01,5.031838887552314184e-12,0.000000000000000000e+00,2.568403204878286272e+07,2.452417822951637208e+04,2.568403204878286272e+07,0.000000000000000000e+00,0.000000000000000000e+00,1.635568883890297413e+08,-1.444748242627786457e+32,-1.850326012669744986e+30,1.218313265739912897e+32,1.324559274029984462e+22,3.809009603557721464e+27,0.000000000000000000e+00,3.034585209817604831e+38,1.101559013258388395e+36,1.000000000000000000e+04,1.036632933734909159e+02,9.998711612449779932e+04
1.270000000000000000e+02,3.539686717089014056e+00,1.370536484306772034e+21,-1.114713252926260445e+01,5.356673805120625844e-12,0.000000000000000000e+00,2.573407424778625369e+07,2.452417822951637208e+04,2.573407424778625369e+07,0.000000000000000000e+00,0.000000000000000000e+00,1.638752550170451999e+08,-1.467983379114267756e+32,-1.814178275320376551e+30,1.264405182122530572e+32,1.355388307980243750e+22,3.802240192283300272e+27,0.000000000000000000e+00,3.021378647718035253e+38,1.089781523601661405e+36,1.000000000000000000e+04,1.045973810772419483e+02,1.001817429685218231e+05
1.275000000000000000e+02,3.491861768721668202e+00,1.352895747633694376e+21,-1.121160457587905235e+01,5.709421057620085466e-12,0.000000000000000000e+00,2.578421385489219055e+07,2.452417822951637208e+04,2.578421385489219055e+07,0.000000000000000000e+00,0.000000000000000000e+00,1.641942413518234193e+08,-1.491955191540113164e+32,-1.782683518632126646e+30,1.313199171174269350e+32,1.387643647363428175e+22,3.796277448144759957e+27,0.000000000000000000e+00,3.008302446971783812e+38,1.078188283089763897e+36,1.000000000000000000e+04,1.055562711336322081e+02,1.003767486574398790e+05
1.280000000000000000e+02,3.443851334955209342e+00,1.335159646006802907e+21,-1.126790929230415017e+01,6.092748720164626403e-12,0.000000000000000000e+00,2.583445105970740691e+07,2.452417822951637208e+04,2.583445105970740691e+07,0.000000000000000000e+00,0.000000000000000000e+00,1.645138485996356010e+08,-1.516684626315000549e+32,-1.756238601858911572e+30,1.364864464238325554e+32,1.421387142072775790e+22,3.791111335609573272e+27,0.000000000000000000e+00,2.995355164166543909e+38,1.066775997338236953e+36,1.000000000000000000e+04,1.065403223066424374e+02,1.005721339286808943e+05
1.285000000000000000e+02,3.395690310474039020e+00,1.317341553764583080e+21,-1.131542183472175545e+01,6.509577830071149261e-12,0.000000000000000000e+00,2.588478605220772326e+07,2.452417822951637208e+04,2.588478605220772326e+07,0.000000000000000000e+00,0.000000000000000000e+00,1.648340779691008031e+08,-1.542192050313848790e+32,-1.735270118166783678e+30,1.419578687229792398e+32,1.456665766718354122e+22,3.786632101182452763e+27,0.000000000000000000e+00,2.982503146500777943e+38,1.055514110781628668e+36,1.000000000000000000e+04,1.075498407420201801e+02,1.007678995211091096e+05
1.290000000000000000e+02,3.347416129337546398e+00,1.299455865932295963e+21,-1.135347292437818822e+01,6.963100046675894449e-12,0.000000000000000000e+00,2.593521902273875475e+07,2.452417822951637208e+04,2.593521902273875475e+07,0.000000000000000000e+00,0.000000000000000000e+00,1.651549306711908579e+08,-1.568496973088805676e+32,-1.720236134335884237e+30,1.477527480609301822e+32,1.493520281722159314e+22,3.782689321240229643e+27,0.000000000000000000e+00,2.969703396070340271e+38,1.044362493454152367e+36,1.000000000000000000e+04,1.085850685535695987e+02,1.009640461750270333e+05
1.295000000000000000e+02,3.299068941635398655e+00,1.281518070096133095e+21,-1.138134663546273018e+01,7.456794209050254347e-12,0.000000000000000000e+00,2.598575016201661527e+07,2.452417822951637208e+04,2.598575016201661527e+07,0.000000000000000000e+00,0.000000000000000000e+00,1.654764079192346931e+08,-1.595617719070735239e+32,-1.711627891300591120e+30,1.538903865075226889e+32,1.532027384047547187e+22,3.779373037286720660e+27,0.000000000000000000e+00,2.956987924970413421e+38,1.033348929784126971e+36,1.000000000000000000e+04,1.096461708034872657e+02,1.011605746321782208e+05
1.300000000000000000e+02,3.250691798122245846e+00,1.263544821652233912e+21,-1.139827834277895313e+01,7.994440837272927301e-12,0.000000000000000000e+00,2.603637966112866253e+07,2.452417822951637208e+04,2.603637966112866253e+07,0.000000000000000000e+00,0.000000000000000000e+00,1.657985109289229810e+08,-1.623571043074133854e+32,-1.709971420774316418e+30,1.603907290130146920e+32,1.572281340450106350e+22,3.776863224899742723e+27,0.000000000000000000e+00,2.944420224579118737e+38,1.022525220904669384e+36,1.000000000000000000e+04,1.107332207141776905e+02,1.013574856357499375e+05
1.305000000000000000e+02,3.202330841973131115e+00,1.245554022111265948e+21,-1.140345291733222943e+01,8.580133323230010814e-12,0.000000000000000000e+00,2.608710771153419837e+07,2.452417822951637208e+04,2.608710771153419837e+07,0.000000000000000000e+00,0.000000000000000000e+00,1.661212409183128178e+08,-1.652371681958541184e+32,-1.715829020298064187e+30,1.672742291561130708e+32,1.614320610011522269e+22,3.775014493327786524e+27,0.000000000000000000e+00,2.931958581142399528e+38,1.011854713417913546e+36,1.000000000000000000e+04,1.118461829482965868e+02,1.015547799303762004e+05
1.310000000000000000e+02,3.154035506411749346e+00,1.227564899986105696e+21,-1.139600327597956841e+01,9.218284191404370211e-12,0.000000000000000000e+00,2.613793450506522134e+07,2.452417822951637208e+04,2.613793450506522134e+07,0.000000000000000000e+00,0.000000000000000000e+00,1.664445991078322530e+08,-1.682031834953391128e+32,-1.729800516609716241e+30,1.745616671770998978e+32,1.658190580396485247e+22,3.773745869532137884e+27,0.000000000000000000e+00,2.919583815447928787e+38,1.001320178336246806e+36,1.000000000000000000e+04,1.129848947990019212e+02,1.017524582621403970e+05
1.315000000000000000e+02,3.105858716490396798e+00,1.209598093603354968e+21,-1.137500941777590668e+01,9.913624371780204737e-12,0.000000000000000000e+00,2.618886023392711207e+07,2.452417822951637208e+04,2.618886023392711207e+07,0.000000000000000000e+00,0.000000000000000000e+00,1.667685867202849090e+08,-1.712560564988724249e+32,-1.752524229139821136e+30,1.822739104117581269e+32,1.703941051830846987e+22,3.773026162700161280e+27,0.000000000000000000e+00,2.907294404140263563e+38,9.909191846243618318e+35,1.000000000000000000e+04,1.141490451456923552e+02,1.019505213785782107e+05
1.320000000000000000e+02,3.057857092716568470e+00,1.191675734948417110e+21,-1.133949810627934518e+01,1.067119291186633316e-11,0.000000000000000000e+00,2.623988509069940075e+07,2.452417822951637208e+04,2.623988509069940075e+07,0.000000000000000000e+00,0.000000000000000000e+00,1.670932049808546007e+08,-1.743963113486225857e+32,-1.784677526950427943e+30,1.904316049516545035e+32,1.751631476648187003e+22,3.772896367387043588e+27,0.000000000000000000e+00,2.895115359648960600e+38,9.806693322316544215e+35,1.000000000000000000e+04,1.153381510548804272e+02,1.021489700286803854e+05
1.325000000000000000e+02,3.010091153529922181e+00,1.173821533379677782e+21,-1.128844338802424296e+01,1.149631396375135966e-11,0.000000000000000000e+00,2.629100926833646744e+07,2.452417822951637208e+04,2.629100926833646744e+07,0.000000000000000000e+00,0.000000000000000000e+00,1.674184551171100736e+08,-1.776240121557581633e+32,-1.826976850847781810e+30,1.990547861354455918e+32,1.801280904843071219e+22,3.773226229705938550e+27,0.000000000000000000e+00,2.883017064742466532e+38,9.705447428486539353e+35,1.000000000000000000e+04,1.165515319441601605e+02,1.023478049628956360e+05
1.330000000000000000e+02,2.962625512810103334e+00,1.156060857720034427e+21,-1.122076817065709342e+01,1.239455722463987438e-11,0.000000000000000000e+00,2.634223296016829088e+07,2.452417822951637208e+04,2.634223296016829088e+07,0.000000000000000000e+00,0.000000000000000000e+00,1.677443383590094447e+08,-1.809386751575152740e+32,-1.880177048938345806e+30,2.081623944494901753e+32,1.852914551868246039e+22,3.773979081874231831e+27,0.000000000000000000e+00,2.870999353755049874e+38,9.605458650611525278e+35,1.000000000000000000e+04,1.177882812835416928e+02,1.025470269331333984e+05
1.335000000000000000e+02,2.915529067640806105e+00,1.138420814853350228e+21,-1.113534712157010276e+01,1.337167730758984770e-11,0.000000000000000000e+00,2.639355635990115628e+07,2.452417822951637208e+04,2.639355635990115628e+07,0.000000000000000000e+00,0.000000000000000000e+00,1.680708559389050603e+08,-1.843391704785428787e+32,-1.945069847418092660e+30,2.177716827559353950e+32,1.906543692769845995e+22,3.775100897405365878e+27,0.000000000000000000e+00,2.859060953500907905e+38,9.506703526551107191e+35,1.000000000000000000e+04,1.190472358867955052e+02,1.027466366927667550e+05
1.340000000000000000e+02,2.868875170451719470e+00,1.120930322512458809e+21,-1.103101118436651262e+01,1.443352681410449650e-11,0.000000000000000000e+00,2.644497966161842272e+07,2.452417822951637208e+04,2.644497966161842272e+07,0.000000000000000000e+00,0.000000000000000000e+00,1.683980090915480256e+08,-1.878236133230665911e+32,-2.022481252007357481e+30,2.278975007091067019e+32,1.962221946619814530e+22,3.776801990508766683e+27,0.000000000000000000e+00,2.847285717473085113e+38,9.409835605786619555e+35,1.000000000000000000e+04,1.203269429508024047e+02,1.029466349966351991e+05
1.345000000000000000e+02,2.822741778413469405e+00,1.103620173446030688e+21,-1.090655404892085656e+01,1.558593723789446392e-11,0.000000000000000000e+00,2.649650305978120863e+07,2.452417822951637208e+04,2.649650305978120863e+07,0.000000000000000000e+00,0.000000000000000000e+00,1.687257990540928841e+08,-1.913892447946988729e+32,-2.113267647373222764e+30,2.385514430712231790e+32,2.019858481750667690e+22,3.778688284975731950e+27,0.000000000000000000e+00,2.835571357000589828e+38,9.314009672580772330e+35,1.000000000000000000e+04,1.216256251379639224e+02,1.031470226010475599e+05
1.350000000000000000e+02,2.777211571579929039e+00,1.086523087596903334e+21,-1.076074093977818968e+01,1.683456134880693382e-11,0.000000000000000000e+00,2.654812674922917783e+07,2.452417822951637208e+04,2.654812674922917783e+07,0.000000000000000000e+00,0.000000000000000000e+00,1.690542270661023557e+08,-1.950323030456192738e+32,-2.218310339499453328e+30,2.497408507792184588e+32,2.079381717140968676e+22,3.780581160831313150e+27,0.000000000000000000e+00,2.823886326195524422e+38,9.218961857926685966e+35,1.000000000000000000e+04,1.229411441701103058e+02,1.033478002637848258e+05
1.355000000000000000e+02,2.732372029790537837e+00,1.069673748327036879e+21,-1.059232011625465297e+01,1.818467052746766011e-11,0.000000000000000000e+00,2.659985092518125102e+07,2.452417822951637208e+04,2.659985092518125102e+07,0.000000000000000000e+00,0.000000000000000000e+00,1.693832943695520461e+08,-1.987478861193296052e+32,-2.338508263457401805e+30,2.614676575017067056e+32,2.140782041577400828e+22,3.782698886541643759e+27,0.000000000000000000e+00,2.812321033492020952e+38,9.125418875632874746e+35,1.000000000000000000e+04,1.242709636155232857e+02,1.035489687441030546e+05
1.360000000000000000e+02,2.688315456780709045e+00,1.053108818090950525e+21,-1.040003748998420008e+01,1.964090083244275640e-11,0.000000000000000000e+00,2.665167578323632851e+07,2.452417822951637208e+04,2.665167578323632851e+07,0.000000000000000000e+00,0.000000000000000000e+00,1.697130022088349760e+08,-2.025298086937207721e+32,-2.474768566778168737e+30,2.737270805849842700e+32,2.203964114558067619e+22,3.784986557094649867e+27,0.000000000000000000e+00,2.800886318878113226e+38,9.033447548415067703e+35,1.000000000000000000e+04,1.256121118063556139e+02,1.037505288027361530e+05
1.365000000000000000e+02,2.645138938386254690e+00,1.036866928323471606e+21,-1.018265475482317584e+01,2.120694261873305229e-11,0.000000000000000000e+00,2.670360151937406883e+07,2.452417822951637208e+04,2.670360151937406883e+07,0.000000000000000000e+00,0.000000000000000000e+00,1.700433518307664692e+08,-2.063704559667765634e+32,-2.627994781401508071e+30,2.865061642641567462e+32,2.268739621651099314e+22,3.787149131332142303e+27,0.000000000000000000e+00,2.789522477623422655e+38,8.942568506874806130e+35,1.000000000000000000e+04,1.269611461205798406e+02,1.039524812018988450e+05
1.370000000000000000e+02,2.602944220270268172e+00,1.020988637709034455e+21,-9.938971389078357532e+00,2.288517056828763556e-11,0.000000000000000000e+00,2.675562832995558903e+07,2.452417822951637208e+04,2.675562832995558903e+07,0.000000000000000000e+00,0.000000000000000000e+00,1.703743444845888019e+08,-2.102606391570699999e+32,-2.799072315863717068e+30,2.997821953220561925e+32,2.334875241723149995e+22,3.788873116961020621e+27,0.000000000000000000e+00,2.778173498910444929e+38,8.852303885616167916e+35,1.000000000000000000e+04,1.283141201952538779e+02,1.041548267052895098e+05
1.375000000000000000e+02,2.561837489361201925e+00,1.005516352483234546e+21,-9.667850818201717544e+00,2.467621434384867421e-11,0.000000000000000000e+00,2.680775641172425076e+07,2.452417822951637208e+04,2.680775641172425076e+07,0.000000000000000000e+00,0.000000000000000000e+00,1.707059814219758809e+08,-2.141894584988589996e+32,-2.988851042686495369e+30,3.135210274023566270e+32,2.402253049778070671e+22,3.790504294655726306e+27,0.000000000000000000e+00,2.766977317223352553e+38,8.763744751515547291e+35,1.000000000000000000e+04,1.296665559956981610e+02,1.043575660780930775e+05
1.380000000000000000e+02,2.521929042337327509e+00,9.904942020495430124e+20,-9.368250906172251646e+00,2.657847502618217157e-11,0.000000000000000000e+00,2.685998596180635318e+07,2.452417822951637208e+04,2.685998596180635318e+07,0.000000000000000000e+00,0.000000000000000000e+00,1.710382638970381320e+08,-2.181441811517992608e+32,-3.198124831712224488e+30,3.276753700379066173e+32,2.470520771751954507e+22,3.791634116522102665e+27,0.000000000000000000e+00,2.755850540290521229e+38,8.676235498215844927e+35,1.000000000000000000e+04,1.310134230292121345e+02,1.045607000869839685e+05
1.385000000000000000e+02,2.483332824249304238e+00,9.759678630640047882e+20,-9.039258761824353172e+00,2.858759925278225456e-11,0.000000000000000000e+00,2.691231717771193385e+07,2.452417822951637208e+04,2.691231717771193385e+07,0.000000000000000000e+00,0.000000000000000000e+00,1.713711931663269997e+08,-2.221101430343236256e+32,-3.427607998222755347e+30,3.421831217944937732e+32,2.539347960690052904e+22,3.792148237389063188e+27,0.000000000000000000e+00,2.744803334279747942e+38,8.589837077842907708e+35,1.000000000000000000e+04,1.323491273332420519e+02,1.047642295001289021e+05
1.390000000000000000e+02,2.446165820973935645e+00,9.619843253422445036e+20,-8.680129608038425815e+00,3.069593158680284886e-11,0.000000000000000000e+00,2.696475025733546540e+07,2.452417822951637208e+04,2.696475025733546540e+07,0.000000000000000000e+00,0.000000000000000000e+00,1.717047704888398647e+08,-2.260706850999821029e+32,-3.677908792149376974e+30,3.569658527461245502e+32,2.608335340053854369e+22,3.791871255140110082e+27,0.000000000000000000e+00,2.733833799456195200e+38,8.504492806297770665e+35,1.000000000000000000e+04,1.336675131474261775e+02,1.049681550871898362e+05
1.395000000000000000e+02,2.410547290894182293e+00,9.485915935789926318e+20,-8.290329147977672619e+00,3.289197586671680056e-11,0.000000000000000000e+00,2.701728539895663038e+07,2.452417822951637208e+04,2.701728539895663038e+07,0.000000000000000000e+00,0.000000000000000000e+00,1.720389971260248423e+08,-2.300071358290134097e+32,-3.949500264871175855e+30,3.719275678972894444e+32,2.677013198256505199e+22,3.790616287721634710e+27,0.000000000000000000e+00,2.722929880115253756e+38,8.420141830482843754e+35,1.000000000000000000e+04,1.349618803470604576e+02,1.051724776193269645e+05
1.400000000000000000e+02,2.376597824280741733e+00,9.358383200527691284e+20,-7.869578484617668401e+00,3.515990746254915820e-11,0.000000000000000000e+00,2.706992280124107003e+07,2.452417822951637208e+04,2.706992280124107003e+07,0.000000000000000000e+00,0.000000000000000000e+00,1.723738743417853713e+08,-2.338988524717739979e+32,-4.242689106582342329e+30,3.869539071885633261e+32,2.744903759165755333e+22,3.788350552521814949e+27,0.000000000000000000e+00,2.712132386641321774e+38,8.337080207170045213e+35,1.000000000000000000e+04,1.362250207128190311e+02,1.053771978692014527e+05
1.405000000000000000e+02,2.344438223541996713e+00,9.237733653126436618e+20,-7.417900219188620525e+00,3.747918930593507579e-11,0.000000000000000000e+00,2.712266266324114054e+07,2.452417822951637208e+04,2.712266266324114054e+07,0.000000000000000000e+00,0.000000000000000000e+00,1.727094034024851620e+08,-2.377233335844288735e+32,-4.557583343190258153e+30,4.019119552896466255e+32,2.811410367940489380e+22,3.784809789085511273e+27,0.000000000000000000e+00,2.701418949351635746e+38,8.255099363139420695e+35,1.000000000000000000e+04,1.374492758741181149e+02,1.055823166109785379e+05
1.410000000000000000e+02,2.314188203963573720e+00,9.124452863741096100e+20,-6.935663890517569818e+00,3.982435349386423962e-11,0.000000000000000000e+00,2.717550518439663947e+07,2.452417822951637208e+04,2.717550518439663947e+07,0.000000000000000000e+00,0.000000000000000000e+00,1.730455855769529939e+08,-2.414564143502976239e+32,-4.894060104790359168e+30,4.166508404703223683e+32,2.875837738840821334e+22,3.779606578477579109e+27,0.000000000000000000e+00,2.690726674371278281e+38,8.173737141746675615e+35,1.000000000000000000e+04,1.386266192299680142e+02,1.057878346203304245e+05
1.415000000000000000e+02,2.285964922836774438e+00,9.019017552154810122e+20,-6.423628464931866233e+00,4.216501488258403803e-11,0.000000000000000000e+00,2.722845056453558803e+07,2.452417822951637208e+04,2.722845056453558803e+07,0.000000000000000000e+00,0.000000000000000000e+00,1.733824221364873052e+08,-2.450725538080431397e+32,-5.251734998834429925e+30,4.310032909086704310e+32,2.937636084064373336e+22,3.772968770133053691e+27,0.000000000000000000e+00,2.680172305567788113e+38,8.093864697440994244e+35,1.000000000000000000e+04,1.397487632716473627e+02,1.059937526744390634e+05
1.420000000000000000e+02,2.259881354791026808e+00,8.921889142963050906e+20,-5.882979199702754514e+00,4.446618079046399201e-11,0.000000000000000000e+00,2.728149900387497991e+07,2.452417822951637208e+04,2.728149900387497991e+07,0.000000000000000000e+00,0.000000000000000000e+00,1.737199143548611999e+08,-2.485452192156057562e+32,-5.629934903712671178e+30,4.447882836948781701e+32,2.996039121369170549e+22,3.764517786428486735e+27,0.000000000000000000e+00,2.669697767576010656e+38,8.015025503761580713e+35,1.000000000000000000e+04,1.408072924844040870e+02,1.062000715519992809e+05
1.425000000000000000e+02,2.236044542335236862e+00,8.833506802754546565e+20,-5.315355932687892526e+00,4.668890926931338573e-11,0.000000000000000000e+00,2.733465070302152261e+07,2.452417822951637208e+04,2.733465070302152261e+07,0.000000000000000000e+00,0.000000000000000000e+00,1.740580635083272457e+08,-2.518473673056416556e+32,-6.027676207799252770e+30,4.578148629062781571e+32,3.050212539404922336e+22,3.753749448496913841e+27,0.000000000000000000e+00,2.659206645451438914e+38,7.936493781233700276e+35,1.000000000000000000e+04,1.417938204074423254e+02,1.064067920332216163e+05
1.430000000000000000e+02,2.214553762444703811e+00,8.754280118424774902e+20,-4.722869785814790333e+00,4.879134574198735028e-11,0.000000000000000000e+00,2.738790586297242343e+07,2.452417822951637208e+04,2.738790586297242343e+07,0.000000000000000000e+00,0.000000000000000000e+00,1.743968708756222427e+08,-2.549520152793769121e+32,-6.443650593846144364e+30,4.698871178576754458e+32,3.099664530627225662e+22,3.741222968676288223e+27,0.000000000000000000e+00,2.648902531802155446e+38,7.859769535958406695e+35,1.000000000000000000e+04,1.427001675525281996e+02,1.066139148998353630e+05
1.435000000000000000e+02,2.195498661534563301e+00,8.684581622095968993e+20,-4.108105467311996328e+00,5.073013407691462219e-11,0.000000000000000000e+00,2.744126468511612341e+07,2.452417822951637208e+04,2.744126468511612341e+07,0.000000000000000000e+00,0.000000000000000000e+00,1.747363377379720509e+08,-2.578328864538366164e+32,-6.876220367947812766e+30,4.808102048053482593e+32,3.143524079448748982e+22,3.726290656615790694e+27,0.000000000000000000e+00,2.638637424576870453e+38,7.783758945290474588e+35,1.000000000000000000e+04,1.435185548551945089e+02,1.068214409350914066e+05
1.440000000000000000e+02,2.178957421236668690e+00,8.624739409070169784e+20,-3.474106847866117231e+00,5.246215555736363708e-11,0.000000000000000000e+00,2.749472737123307586e+07,2.452417822951637208e+04,2.749472737123307586e+07,0.000000000000000000e+00,0.000000000000000000e+00,1.750764653790964782e+08,-2.604651072042928329e+32,-7.323425031993271555e+30,4.903971740954461409e+32,3.181114418973636978e+22,3.708778897824652155e+27,0.000000000000000000e+00,2.628397803051352556e+38,7.708333511733286125e+35,1.000000000000000000e+04,1.442418053480629681e+02,1.070293709237652511e+05
1.445000000000000000e+02,2.164995024800240309e+00,8.575030125845010186e+20,-2.824344313926576699e+00,5.394650246814385191e-11,0.000000000000000000e+00,2.754829412349650264e+07,2.452417822951637208e+04,2.754829412349650264e+07,0.000000000000000000e+00,0.000000000000000000e+00,1.754172550852140486e+08,-2.628259241575356975e+32,-7.783000264455970903e+30,4.984762443363584897e+32,3.211974083587462293e+22,3.688986141276112220e+27,0.000000000000000000e+00,2.618290921445573345e+38,7.634289375766814326e+35,1.000000000000000000e+04,1.448635450382069791e+02,1.072377056521599443e+05
1.450000000000000000e+02,2.153661697404201991e+00,8.535672620400980787e+20,-2.162663510019716462e+00,5.514654923543923812e-11,0.000000000000000000e+00,2.760196514447315782e+07,2.452417822951637208e+04,2.760196514447315782e+07,0.000000000000000000e+00,0.000000000000000000e+00,1.757587081450471580e+08,-2.648954045715819575e+32,-8.252409740758705276e+30,5.048980638314693725e+32,3.235468949176888118e+22,3.666470022962682754e+27,0.000000000000000000e+00,2.608206728750495587e+38,7.560821379599485709e+35,1.000000000000000000e+04,1.453783927938164311e+02,1.074464459081092500e+05
1.455000000000000000e+02,2.144991592273570724e+00,8.506822542945628979e+20,-1.493216394007462755e+00,5.603195152671263286e-11,0.000000000000000000e+00,2.765574063712409139e+07,2.452417822951637208e+04,2.765574063712409139e+07,0.000000000000000000e+00,0.000000000000000000e+00,1.761008258498263955e+08,-2.666570795337058896e+32,-8.728889339838612227e+30,5.095424363054421157e+32,3.251312877761286111e+22,3.641481517254724068e+27,0.000000000000000000e+00,2.598229459361802236e+38,7.488494681110551611e+35,1.000000000000000000e+04,1.457821286263455818e+02,1.076555924809802382e+05
1.460000000000000000e+02,2.139001787659417175e+00,8.488568159671152804e+20,-8.203769325950329705e-01,5.658039028121659184e-11,0.000000000000000000e+00,2.770962080480542779e+07,2.452417822951637208e+04,2.770962080480542779e+07,0.000000000000000000e+00,0.000000000000000000e+00,1.764436094932960272e+08,-2.680984898617299758e+32,-9.209502321328656430e+30,5.123239790293393462e+32,3.259178787698076392e+22,3.613868402788706917e+27,0.000000000000000000e+00,2.588306919401158870e+38,7.416970742905741216e+35,1.000000000000000000e+04,1.460718302545324150e+02,1.078651461616766755e+05
1.465000000000000000e+02,2.135691647491094969e+00,8.480927594784041206e+20,-1.486450734643823546e-01,5.677888859778827556e-11,0.000000000000000000e+00,2.776360585126913339e+07,2.452417822951637208e+04,2.776360585126913339e+07,0.000000000000000000e+00,0.000000000000000000e+00,1.767870603717184961e+08,-2.692115988281884958e+32,-9.691203142989161222e+30,5.131962358243735510e+32,3.258978271001757457e+22,3.583756301125320198e+27,0.000000000000000000e+00,2.578467128003631971e+38,7.346411770940570032e+35,1.000000000000000000e+04,1.462459693094215538e+02,1.080751077426417469e+05
1.470000000000000000e+02,2.135042581572592635e+00,8.483847649867053138e+20,5.174563039917269291e-01,5.662456574914119395e-11,0.000000000000000000e+00,2.781769598066377267e+07,2.452417822951637208e+04,2.781769598066377267e+07,0.000000000000000000e+00,0.000000000000000000e+00,1.771311797838794589e+08,-2.699930439042579995e+32,-1.017090682353681631e+31,5.121538838383249831e+32,3.250680057281466335e+22,3.551081543619436986e+27,0.000000000000000000e+00,2.568668660644473713e+38,7.276520879479248312e+35,1.000000000000000000e+04,1.463044609027897991e+02,1.082854780178611545e+05
1.475000000000000000e+02,2.137018220873428298e+00,8.497204269588149699e+20,1.173486093130110763e+00,5.612475018165095423e-11,0.000000000000000000e+00,2.787189139753528684e+07,2.452417822951637208e+04,2.787189139753528684e+07,0.000000000000000000e+00,0.000000000000000000e+00,1.774759690310927331e+08,-2.704442109096002253e+32,-1.064556025284826095e+31,5.092328389141678620e+32,3.234522792946543310e+22,3.516165046601380634e+27,0.000000000000000000e+00,2.558969948228268616e+38,7.207722368962430404e+35,1.000000000000000000e+04,1.462486633216500707e+02,1.084962577828661742e+05
1.480000000000000000e+02,2.141565001583477290e+00,8.520804636050777702e+20,1.815185779339649086e+00,5.529644341559452685e-11,0.000000000000000000e+00,2.792619230682777241e+07,2.452417822951637208e+04,2.792619230682777241e+07,0.000000000000000000e+00,0.000000000000000000e+00,1.778214294172050357e+08,-2.705711270053515034e+32,-1.111221167562804543e+31,5.045082575965379755e+32,3.210738641618130174e+22,3.478940095038975892e+27,0.000000000000000000e+00,2.549316384179646579e+38,7.139584617448248399e+35,1.000000000000000000e+04,1.460813280057813017e+02,1.087074478347364784e+05
1.485000000000000000e+02,2.148613130195557996e+00,8.554390788745427681e+20,2.438571185547763864e+00,5.416519770309777418e-11,0.000000000000000000e+00,2.798059891388426349e+07,2.452417822951637208e+04,2.798059891388426349e+07,0.000000000000000000e+00,0.000000000000000000e+00,1.781675622486012280e+08,-2.703841823201848857e+32,-1.156807475710315471e+31,4.980906266714383929e+32,3.179743035524207818e+22,3.439567573309260651e+27,0.000000000000000000e+00,2.539700338627104741e+38,7.072087963725126660e+35,1.000000000000000000e+04,1.458065033337524881e+02,1.089190489721033955e+05
1.490000000000000000e+02,2.158077882953023163e+00,8.597644591106452357e+20,3.040010772107974102e+00,5.276353041427421283e-11,0.000000000000000000e+00,2.803511142444748431e+07,2.452417822951637208e+04,2.803511142444748431e+07,0.000000000000000000e+00,0.000000000000000000e+00,1.785143688342089355e+08,-2.698977020508726239e+32,-1.201058414522255464e+31,4.901202960777637875e+32,3.142215659421281603e+22,3.398627499449936691e+27,0.000000000000000000e+00,2.530241403959401302e+38,7.006031111489262014e+35,1.000000000000000000e+04,1.454293987098649552e+02,1.091310619951527187e+05
1.495000000000000000e+02,2.169861178157927561e+00,8.650193804565132083e+20,3.616287292951485099e+00,5.112903825994758459e-11,0.000000000000000000e+00,2.808973004466064647e+07,2.452417822951637208e+04,2.808973004466064647e+07,0.000000000000000000e+00,0.000000000000000000e+00,1.788618504855037630e+08,-2.691294002754671706e+32,-1.243744020504737155e+31,4.807609263290181258e+32,3.098506657236982432e+22,3.355613294986862412e+27,0.000000000000000000e+00,2.520727009872909733e+38,6.939940719629698739e+35,1.000000000000000000e+04,1.449562177031489227e+02,1.093434877056278929e+05
1.500000000000000000e+02,2.183853350189872700e+00,8.711618991256951849e+20,4.164640988903562935e+00,4.930238993085845122e-11,0.000000000000000000e+00,2.814445498106822744e+07,2.452417822951637208e+04,2.814445498106822744e+07,0.000000000000000000e+00,0.000000000000000000e+00,1.792100085165139139e+08,-2.680997525602111511e+32,-1.284664151769048345e+31,4.701923752163382277e+32,3.049594205660738329e+22,3.311561220787829880e+27,0.000000000000000000e+00,2.511401899680087563e+38,6.875502320729632644e+35,1.000000000000000000e+04,1.443939703436984132e+02,1.095563269068328373e+05
1.505000000000000000e+02,2.199935050033355211e+00,8.781460948906264494e+20,4.682793888985701258e+00,4.732536691908456624e-11,0.000000000000000000e+00,2.819928644061673805e+07,2.452417822951637208e+04,2.819928644061673805e+07,0.000000000000000000e+00,0.000000000000000000e+00,1.795588442438256145e+08,-2.668313264127100386e+32,-1.323650467674883810e+31,4.586035397603291982e+32,2.995905675059295735e+22,3.265913619779981699e+27,0.000000000000000000e+00,2.502031747855355712e+38,6.811091465389224560e+35,1.000000000000000000e+04,1.437502750718921618e+02,1.097695804036352929e+05
1.510000000000000000e+02,2.217979198393643880e+00,8.859228384985382912e+20,5.168956076327601679e+00,4.523909390080027208e-11,0.000000000000000000e+00,2.825422463065552711e+07,2.452417822951637208e+04,2.825422463065552711e+07,0.000000000000000000e+00,0.000000000000000000e+00,1.799083589865877330e+08,-2.653481069787446377e+32,-1.360567180026663524e+31,4.461856073816261887e+32,2.938389592399508039e+22,3.219493225336183981e+27,0.000000000000000000e+00,2.492797597667028465e+38,6.747944220016022584e+35,1.000000000000000000e+04,1.430331603327317680e+02,1.099832490024695871e+05
1.515000000000000000e+02,2.237852923364689328e+00,8.944405559235048899e+20,5.621815793077685086e+00,4.308255946953832659e-11,0.000000000000000000e+00,2.830926975893753767e+07,2.452417822951637208e+04,2.830926975893753767e+07,0.000000000000000000e+00,0.000000000000000000e+00,1.802585540665168464e+08,-2.636748507807019344e+32,-1.395310689081434639e+31,4.331260710770406108e+32,2.877643867599758216e+22,3.172179379652202044e+27,0.000000000000000000e+00,2.483593817160313848e+38,6.685339940805131145e+35,1.000000000000000000e+04,1.422508745798075722e+02,1.101973335113397625e+05
1.520000000000000000e+02,2.259419423888366474e+00,9.036459659323481784e+20,6.040515988098851707e+00,4.089148327460863818e-11,0.000000000000000000e+00,2.836442203362012655e+07,2.452417822951637208e+04,2.836442203362012655e+07,0.000000000000000000e+00,0.000000000000000000e+00,1.806094308079023659e+08,-2.618364937135513084e+32,-1.427808270265336185e+31,4.196037458327653399e+32,2.814410677540624112e+22,3.124288100690801060e+27,0.000000000000000000e+00,2.474453924772173199e+38,6.623482579404938730e+35,1.000000000000000000e+04,1.414117117358517248e+02,1.104118347398227343e+05
1.525000000000000000e+02,2.282539711700838136e+00,9.134847719050822287e+20,6.424620299648609922e+00,3.869754374250437208e-11,0.000000000000000000e+00,2.841968166326581314e+07,2.452417822951637208e+04,2.841968166326581314e+07,0.000000000000000000e+00,0.000000000000000000e+00,1.809609905376114547e+08,-2.598576319635153070e+32,-1.458016007271735347e+31,4.057849052097155143e+32,2.749386076328337972e+22,3.076123115370139557e+27,0.000000000000000000e+00,2.465405392330503919e+38,6.562576122531787175e+35,1.000000000000000000e+04,1.405238571940031420e+02,1.106267534990712593e+05
1.530000000000000000e+02,2.307074196765787288e+00,9.239022936793684378e+20,6.774071561190668334e+00,3.652794644631607121e-11,0.000000000000000000e+00,2.847504885684310272e+07,2.452417822951637208e+04,2.847504885684310272e+07,0.000000000000000000e+00,0.000000000000000000e+00,1.813132345850939751e+08,-2.577620869339726695e+32,-1.485916177062782463e+31,3.918205519143227742e+32,2.683093430166900389e+22,3.027592459317783640e+27,0.000000000000000000e+00,2.456363251621842464e+38,6.502007315148703667e+35,1.000000000000000000e+04,1.395952574655608487e+02,1.108420906018169771e+05
1.535000000000000000e+02,2.332884093319597785e+00,9.348440299740712141e+20,7.089145769193786251e+00,3.440528927956932257e-11,0.000000000000000000e+00,2.853052382372725755e+07,2.452417822951637208e+04,2.853052382372725755e+07,0.000000000000000000e+00,0.000000000000000000e+00,1.816661642823876441e+08,-2.555725583716687032e+32,-1.511514285129052331e+31,3.778447529275379552e+32,2.616203302513535458e+22,2.979194325795987325e+27,0.000000000000000000e+00,2.447424086709795321e+38,6.442453625399758191e+35,1.000000000000000000e+04,1.386335147635016085e+02,1.110578468623735389e+05
1.540000000000000000e+02,2.359832634730235856e+00,9.462561463403260150e+20,7.370404120662249703e+00,3.234766714731768188e-11,0.000000000000000000e+00,2.858610677370108664e+07,2.452417822951637208e+04,2.858610677370108664e+07,0.000000000000000000e+00,0.000000000000000000e+00,1.820197809641229808e+08,-2.533103641627130308e+32,-1.534835929292952837e+31,3.639739120388335671e+32,2.549144379584417051e+22,2.930860807520794363e+27,0.000000000000000000e+00,2.438518203885882888e+38,6.383412537551059720e+35,1.000000000000000000e+04,1.376458062789735095e+02,1.112740230966397066e+05
1.545000000000000000e+02,2.387786094871082287e+00,9.580858873747611320e+20,7.618645300116513752e+00,3.036895458862105630e-11,0.000000000000000000e+00,2.864179791695575044e+07,2.452417822951637208e+04,2.864179791695575044e+07,0.000000000000000000e+00,0.000000000000000000e+00,1.823740859675284326e+08,-2.509952609361582029e+32,-1.555923643085476723e+31,3.503068197956274779e+32,2.482397257018976816e+22,2.882855842082476645e+27,0.000000000000000000e+00,2.429679727130653233e+38,6.325130709135872304e+35,1.000000000000000000e+04,1.366388267216755992e+02,1.114906201221023512e+05
1.550000000000000000e+02,2.416614621355981818e+00,9.702819149933460849e+20,7.834859716110045724e+00,2.847920741215201939e-11,0.000000000000000000e+00,2.869759746409155801e+07,2.452417822951637208e+04,2.869759746409155801e+07,0.000000000000000000e+00,0.000000000000000000e+00,1.827290806324353516e+08,-2.486453366922117637e+32,-1.574833838335360514e+31,3.369253094480428458e+32,2.416347994198793781e+22,2.835308439185539624e+27,0.000000000000000000e+00,2.420911626535842782e+38,6.267599977700096712e+35,1.000000000000000000e+04,1.356187518660829596e+02,1.117076387578396534e+05
1.555000000000000000e+02,2.446192891705897932e+00,9.827945768743265894e+20,8.020186920603778802e+00,2.668513165031321989e-11,0.000000000000000000e+00,2.875350562611874193e+07,2.452417822951637208e+04,2.875350562611874193e+07,0.000000000000000000e+00,0.000000000000000000e+00,1.830847663012831509e+08,-2.462769650340791929e+32,-1.591633935556073358e+31,3.238953524856095418e+32,2.351279320807370025e+22,2.788213167861382415e+27,0.000000000000000000e+00,2.412170671703404449e+38,6.210548331883321155e+35,1.000000000000000000e+04,1.345912203484377301e+02,1.119250798245241313e+05
1.560000000000000000e+02,2.476400607446294533e+00,9.955761107803351286e+20,8.175877016685632270e+00,2.499057771732225397e-11,0.000000000000000000e+00,2.880952261445827782e+07,2.452417822951637208e+04,2.880952261445827782e+07,0.000000000000000000e+00,0.000000000000000000e+00,1.834411443191242516e+08,-2.439048100080411887e+32,-1.606399741852904453e+31,3.112684435292795519e+32,2.287540413885360741e+22,2.741896568963700555e+27,0.000000000000000000e+00,2.403536601058489862e+38,6.154475306663663601e+35,1.000000000000000000e+04,1.335613307443749989e+02,1.121429441444257245e+05
1.565000000000000000e+02,2.507122843475374729e+00,1.008580791441980260e+21,8.303256492135163924e+00,2.339702785266133698e-11,0.000000000000000000e+00,2.886564864094267413e+07,2.452417822951637208e+04,2.886564864094267413e+07,0.000000000000000000e+00,0.000000000000000000e+00,1.837982160336292684e+08,-2.415418707939221045e+32,-1.619213110928608416e+31,2.990831468474745797e+32,2.225237903590599688e+22,2.696103770589353069e+27,0.000000000000000000e+00,2.394890113371881097e+38,6.098613978629816536e+35,1.000000000000000000e+04,1.325336509640253837e+02,1.123612325414149527e+05
1.570000000000000000e+02,2.538250271073328346e+00,1.021765027135262163e+21,8.403698625432108216e+00,2.190405453547459167e-11,0.000000000000000000e+00,2.892188391781677306e+07,2.452417822951637208e+04,2.892188391781677306e+07,0.000000000000000000e+00,0.000000000000000000e+00,1.841559827950921357e+08,-2.391995562881313412e+32,-1.630159899641862297e+31,2.873667017045172240e+32,2.164692536290619005e+22,2.651344593486873867e+27,0.000000000000000000e+00,2.386386436099309842e+38,6.043947923012363495e+35,1.000000000000000000e+04,1.315122371686945257e+02,1.125799458409660292e+05
1.575000000000000000e+02,2.569679272934731085e+00,1.035087413127678132e+21,8.478598380471202844e+00,2.050973585739080045e-11,0.000000000000000000e+00,2.897822865773857012e+07,2.452417822951637208e+04,2.897822865773857012e+07,0.000000000000000000e+00,0.000000000000000000e+00,1.845144459564350545e+08,-2.368877807631720440e+32,-1.639328219396051042e+31,2.761366082810394259e+32,2.105861479621277516e+22,2.607135670109716473e+27,0.000000000000000000e+00,2.377831469059445513e+38,5.989238772985617317e+35,1.000000000000000000e+04,1.305006596843431623e+02,1.127990848701599461e+05
1.580000000000000000e+02,2.601311967860170604e+00,1.048508748904970715e+21,8.529351553582175782e+00,1.921102053084271045e-11,0.000000000000000000e+00,2.903468307377998531e+07,2.452417822951637208e+04,2.903468307377998531e+07,0.000000000000000000e+00,0.000000000000000000e+00,1.848736068732138872e+08,-2.346150730933272850e+32,-1.646806969705191956e+31,2.654021382013016850e+32,2.049048955265688273e+22,2.564157457186924055e+27,0.000000000000000000e+00,2.369454635272420121e+38,5.935930461747587276e+35,1.000000000000000000e+04,1.295020337153312369e+02,1.130186504576876905e+05
1.585000000000000000e+02,2.633056161499568670e+00,1.061992025625252725e+21,8.557337824674656090e+00,1.800404025932618053e-11,0.000000000000000000e+00,2.909124737942769006e+07,2.452417822951637208e+04,2.909124737942769006e+07,0.000000000000000000e+00,0.000000000000000000e+00,1.852334669036228955e+08,-2.323886933699785787e+32,-1.652684633079154322e+31,2.551657327656178686e+32,1.994115571943049527e+22,2.521799863456134831e+27,0.000000000000000000e+00,2.361019185792924039e+38,5.882525290566055690e+35,1.000000000000000000e+04,1.285190530097712838e+02,1.132386434338531835e+05
1.590000000000000000e+02,2.664825237976699679e+00,1.075502389650317771e+21,8.563907314214194599e+00,1.688437075498175856e-11,0.000000000000000000e+00,2.914792178858392313e+07,2.452417822951637208e+04,2.914792178858392313e+07,0.000000000000000000e+00,0.000000000000000000e+00,1.855940274085002840e+08,-2.302147520012270454e+32,-1.657048306432285954e+31,2.454242674723931631e+32,1.941282941588258737e+22,2.480660084442794101e+27,0.000000000000000000e+00,2.352734998392533570e+38,5.830338825883711150e+35,1.000000000000000000e+04,1.275540249695302890e+02,1.134590646305766859e+05
1.595000000000000000e+02,2.696538005525598969e+00,1.089007087348554531e+21,8.550370215402629981e+00,1.584724499414765990e-11,0.000000000000000000e+00,2.920470651556727663e+07,2.452417822951637208e+04,2.920470651556727663e+07,0.000000000000000000e+00,0.000000000000000000e+00,1.859552897513329983e+08,-2.280983275394753106e+32,-1.659982941489126924e+31,2.361701733964724113e+32,1.890420253935359597e+22,2.440276232828705443e+27,0.000000000000000000e+00,2.344422746620716585e+38,5.778238143470934645e+35,1.000000000000000000e+04,1.266089060149477774e+02,1.136799148813977081e+05
1.600000000000000000e+02,2.728118507529815329e+00,1.102475395688074314e+21,8.517989081712864063e+00,1.488772361917186632e-11,0.000000000000000000e+00,2.926160177511352301e+07,2.452417822951637208e+04,2.926160177511352301e+07,0.000000000000000000e+00,0.000000000000000000e+00,1.863172552982622087e+08,-2.260435804800393486e+32,-1.661570766980112338e+31,2.273924148192967980e+32,1.841642405129452991e+22,2.401033529550053569e+27,0.000000000000000000e+00,2.336221463738733565e+38,5.727094064991332666e+35,1.000000000000000000e+04,1.256853362972161250e+02,1.139011950214783574e+05
1.605000000000000000e+02,2.759495808680121787e+00,1.115878542484830552e+21,8.467973361602954441e+00,1.400082797720093926e-11,0.000000000000000000e+00,2.931860778237641975e+07,2.452417822951637208e+04,2.931860778237641975e+07,0.000000000000000000e+00,0.000000000000000000e+00,1.866799254180881083e+08,-2.240538611124143137e+32,-1.661890865813393369e+31,2.190773286476299334e+32,1.794858339305504165e+22,2.362683993986782529e+27,0.000000000000000000e+00,2.328035842574109288e+38,5.676296811683433456e+35,1.000000000000000000e+04,1.247846730947263723e+02,1.141229058876062627e+05
1.610000000000000000e+02,2.790603764394992137e+00,1.129189619554930393e+21,8.401475810345134576e+00,1.318164135474889957e-11,0.000000000000000000e+00,2.937572475292852521e+07,2.452417822951637208e+04,2.937572475292852521e+07,0.000000000000000000e+00,0.000000000000000000e+00,1.870433014822754860e+08,-2.221318101893887277e+32,-1.661018882717588490e+31,2.112093351251901463e+32,1.750074999219999369e+22,2.325346897093665937e+27,0.000000000000000000e+00,2.319908145862491476e+38,5.626120474623411438e+35,1.000000000000000000e+04,1.239080224333527980e+02,1.143450483181980380e+05
1.615000000000000000e+02,2.821380780223326834e+00,1.142383491460376429e+21,8.319590440380085994e+00,1.242538369927182764e-11,0.000000000000000000e+00,2.943295290276202559e+07,2.452417822951637208e+04,2.943295290276202559e+07,0.000000000000000000e+00,0.000000000000000000e+00,1.874073848649585247e+08,-2.202794517197533277e+32,-1.659026839724040456e+31,2.037715316193319139e+32,1.707265987303024728e+22,2.289045962646325509e+27,0.000000000000000000e+00,2.311852621253559308e+38,5.576625418774208868e+35,1.000000000000000000e+04,1.230562686363035994e+02,1.145676231533021491e+05
1.620000000000000000e+02,2.851769566682847312e+00,1.155436702038570041e+21,8.223351715145131635e+00,1.172746465339878462e-11,0.000000000000000000e+00,2.949029244828952104e+07,2.452417822951637208e+04,2.949029244828952104e+07,0.000000000000000000e+00,0.000000000000000000e+00,1.877721769429463148e+08,-2.184982776055206838e+32,-1.655983039639818235e+31,1.967461822857227264e+32,1.666341624567113869e+22,2.253629994666412014e+27,0.000000000000000000e+00,2.303807702786028180e+38,5.527454092371644252e+35,1.000000000000000000e+04,1.222301016404614273e+02,1.147906312346023042e+05
1.625000000000000000e+02,2.881716893880067687e+00,1.168327380468278624e+21,8.113734728786663908e+00,1.108351916429238804e-11,0.000000000000000000e+00,2.954774360634487122e+07,2.452417822951637208e+04,2.954774360634487122e+07,0.000000000000000000e+00,0.000000000000000000e+00,1.881376790957279205e+08,-2.167893241535223072e+32,-1.651952040056845711e+31,1.901151165409292138e+32,1.627320447802144299e+22,2.219313801010996428e+27,0.000000000000000000e+00,2.295867419184520359e+38,5.479151027407816595e+35,1.000000000000000000e+04,1.214300420175091233e+02,1.150140734054205823e+05
1.630000000000000000e+02,2.911173349313442849e+00,1.181035148250813301e+21,7.991656152219035469e+00,1.048942933899389918e-11,0.000000000000000000e+00,2.960530659418401495e+07,2.452417822951637208e+04,2.960530659418401495e+07,0.000000000000000000e+00,0.000000000000000000e+00,1.885038927054775059e+08,-2.151532407118315936e+32,-1.646994682924280853e+31,1.838600487951609694e+32,1.590079805121373825e+22,2.185856096719210955e+27,0.000000000000000000e+00,2.287936311639916104e+38,5.431148501283951053e+35,1.000000000000000000e+04,1.206564637138573914e+02,1.152379505107205332e+05
1.635000000000000000e+02,2.940093101454660740e+00,1.193541028164843864e+21,7.857975761180230556e+00,9.941335641955746535e-12,0.000000000000000000e+00,2.966298162948576733e+07,2.452417822951637208e+04,2.966298162948576733e+07,0.000000000000000000e+00,0.000000000000000000e+00,1.888708191570598483e+08,-2.135903508320948992e+32,-1.641168167030603967e+31,1.779628310436595776e+32,1.554605737787624364e+22,2.153389100926538556e+27,0.000000000000000000e+00,2.280074759592024483e+38,5.383803574613964426e+35,1.000000000000000000e+04,1.199096145782893785e+02,1.154622633971105533e+05
1.640000000000000000e+02,2.968433671037543853e+00,1.205827355988430422e+21,7.713498392099193524e+00,9.435639999786183879e-12,0.000000000000000000e+00,2.972076893035267293e+07,2.452417822951637208e+04,2.972076893035267293e+07,0.000000000000000000e+00,0.000000000000000000e+00,1.892384598380351961e+08,-2.121007064534075598e+32,-1.634526152737666775e+31,1.724056488498211158e+32,1.520820078087036627e+22,2.121824090068981331e+27,0.000000000000000000e+00,2.272254494618062633e+38,5.336931022221755450e+35,1.000000000000000000e+04,1.191896347838842871e+02,1.156870129128468689e+05
1.645000000000000000e+02,2.996155711429016488e+00,1.217877695560341783e+21,7.558976200148634028e+00,8.969002904730584843e-12,0.000000000000000000e+00,2.977866871531181410e+07,2.452417822951637208e+04,2.977866871531181410e+07,0.000000000000000000e+00,0.000000000000000000e+00,1.896068161386648417e+08,-2.106841356560688608e+32,-1.627118890224318329e+31,1.671711701000666778e+32,1.488663581544546094e+22,2.091153245244114245e+27,0.000000000000000000e+00,2.264475060250341294e+38,5.290549373023653029e+35,1.000000000000000000e+04,1.184965732751714853e+02,1.159121999078368972e+05
1.650000000000000000e+02,3.023222799009606554e+00,1.229676757573846696e+21,7.395111116766969417e+00,8.538336197348905094e-12,0.000000000000000000e+00,2.983668120331563801e+07,2.452417822951637208e+04,2.983668120331563801e+07,0.000000000000000000e+00,0.000000000000000000e+00,1.899758894519161284e+08,-2.093402845542153267e+32,-1.618993364034120148e+31,1.622426547503357157e+32,1.458090544367611045e+22,2.061390898277628629e+27,0.000000000000000000e+00,2.256757028944191190e+38,5.244736772370674278e+35,1.000000000000000000e+04,1.178304023853118423e+02,1.161378252336424048e+05
1.655000000000000000e+02,3.049601234128157312e+00,1.241210322350513848e+21,7.222557424966150386e+00,8.140792859695809787e-12,0.000000000000000000e+00,2.989480661374278739e+07,2.452417822951637208e+04,2.989480661374278739e+07,0.000000000000000000e+00,0.000000000000000000e+00,1.903456811734679937e+08,-2.080686538944046977e+32,-1.610193448149188072e+31,1.576040326729211375e+32,1.429046287059448653e+22,2.032549770227471768e+27,0.000000000000000000e+00,2.249107394222509207e+38,5.199571055893509497e+35,1.000000000000000000e+04,1.171910307741948287e+02,1.163638897434827959e+05
1.660000000000000000e+02,3.075259852910944058e+00,1.252465166726928007e+21,7.041924387395082974e+00,7.773754858832328067e-12,0.000000000000000000e+00,2.995304516639893502e+07,2.452417822951637208e+04,2.995304516639893502e+07,0.000000000000000000e+00,0.000000000000000000e+00,1.907161927017159760e+08,-2.068686309091035049e+32,-1.600760066943890343e+31,1.532399556815686426e+32,1.401417981265959505e+22,2.004397811780653059e+27,0.000000000000000000e+00,2.241438867466319390e+38,5.154503628188991336e+35,1.000000000000000000e+04,1.165783148385652908e+02,1.165903942922381975e+05
1.665000000000000000e+02,3.100169849979814263e+00,1.263428995095941349e+21,6.853778877452227469e+00,7.434819840911371532e-12,0.000000000000000000e+00,3.001139708151759580e+07,2.452417822951637208e+04,3.001139708151759580e+07,0.000000000000000000e+00,0.000000000000000000e+00,1.910874254377776682e+08,-2.057395169456260847e+32,-1.590731358426663188e+31,1.491358288808488277e+32,1.375238523922325438e+22,1.977245095104930339e+27,0.000000000000000000e+00,2.233893020822843161e+38,5.110376714212660188e+35,1.000000000000000000e+04,1.159920687415068699e+02,1.168173397364528646e+05
1.670000000000000000e+02,3.124304611965257106e+00,1.274090374575449965e+21,6.658647973736029790e+00,7.121787281652191062e-12,0.000000000000000000e+00,3.006986257976098731e+07,2.452417822951637208e+04,3.006986257976098731e+07,0.000000000000000000e+00,0.000000000000000000e+00,1.914593807854979038e+08,-2.046805513558945384e+32,-1.580142836858817135e+31,1.452778256578627729e+32,1.350362943143765921e+22,1.950741749567939887e+27,0.000000000000000000e+00,2.226324202020939099e+38,5.066335965423657005e+35,1.000000000000000000e+04,1.154320732018982056e+02,1.170447269343382213e+05
1.675000000000000000e+02,3.147639561568344124e+00,1.284438674223633531e+21,6.457021491018016590e+00,6.832644543274400887e-12,0.000000000000000000e+00,3.012844188222084939e+07,2.452417822951637208e+04,3.012844188222084939e+07,0.000000000000000000e+00,0.000000000000000000e+00,1.918320601514542103e+08,-2.036909320942422480e+32,-1.569027552746663191e+31,1.416528899113381470e+32,1.326810991098488632e+22,1.925127660627832475e+27,0.000000000000000000e+00,2.218850285918643422e+38,5.023049448603808940e+35,1.000000000000000000e+04,1.148980831761127490e+02,1.172725567457763391e+05
1.680000000000000000e+02,3.170152011835167816e+00,1.294464008182262661e+21,6.249354425162948701e+00,6.565553164501659384e-12,0.000000000000000000e+00,3.018713521041927487e+07,2.452417822951637208e+04,3.018713521041927487e+07,0.000000000000000000e+00,0.000000000000000000e+00,1.922054649449619651e+08,-2.027698334307157662e+32,-1.557416248486056929e+31,1.382487284879147338e+32,1.304510734728150227e+22,1.900312067063148994e+27,0.000000000000000000e+00,2.211437020772533534e+38,4.980330881408124752e+35,1.000000000000000000e+04,1.143898345546967192e+02,1.175008300323229632e+05
1.685000000000000000e+02,3.191821030239671231e+00,1.304157182601328067e+21,6.036069298917405845e+00,6.318835613609725855e-12,0.000000000000000000e+00,3.024594278630955145e+07,2.452417822951637208e+04,3.024594278630955145e+07,0.000000000000000000e+00,0.000000000000000000e+00,1.925795965780798793e+08,-2.019164211483601413e+32,-1.545337508616541850e+31,1.350537962619197095e+32,1.283349633367274003e+22,1.876030827707128167e+27,0.000000000000000000e+00,2.203974644964475910e+38,4.937533657370069091e+35,1.000000000000000000e+04,1.139070499869082624e+02,1.177295476572109619e+05
1.690000000000000000e+02,3.212627312127429580e+00,1.313509646179728622e+21,5.817558399026856897e+00,6.090962659664013341e-12,0.000000000000000000e+00,3.030486483227701485e+07,2.452417822951637208e+04,3.030486483227701485e+07,0.000000000000000000e+00,0.000000000000000000e+00,1.929544564656152129e+08,-2.011298655553410222e+32,-1.532817903889543964e+31,1.320572758428947068e+32,1.263411804927096049e+22,1.852750878374514332e+27,0.000000000000000000e+00,2.196685897413950713e+38,4.895931796744571181e+35,1.000000000000000000e+04,1.134494439360616269e+02,1.179587104853534256e+05
1.695000000000000000e+02,3.232553063049777631e+00,1.322513444146366120e+21,5.594185898522225031e+00,5.880541459866540807e-12,0.000000000000000000e+00,3.036390157113987207e+07,2.452417822951637208e+04,3.036390157113987207e+07,0.000000000000000000e+00,0.000000000000000000e+00,1.933300460251291990e+08,-2.004093526071527251e+32,-1.519882128595107389e+31,1.292490535151000695e+32,1.244524678456134337e+22,1.829973104106327952e+27,0.000000000000000000e+00,2.189348885938855169e+38,4.854256084306332811e+35,1.000000000000000000e+04,1.130167270588737267e+02,1.181883193833470577e+05
1.700000000000000000e+02,3.251581889502328071e+00,1.331161175498767991e+21,5.366289863899874391e+00,5.686304417853932005e-12,0.000000000000000000e+00,3.042305322615004331e+07,2.452417822951637208e+04,3.042305322615004331e+07,0.000000000000000000e+00,0.000000000000000000e+00,1.937063666769423783e+08,-1.997540934015035722e+32,-1.506553131022683787e+31,1.266196926969564009e+32,1.226706993500946170e+22,1.807905334701665750e+27,0.000000000000000000e+00,2.182067446946975757e+38,4.813098964243887082e+35,1.000000000000000000e+04,1.126086099928489546e+02,1.184183752194754197e+05
1.705000000000000000e+02,3.269698697584961788e+00,1.339445953316601201e+21,5.134184145517518338e+00,5.507098835787836264e-12,0.000000000000000000e+00,3.048232002099402621e+07,2.452417822951637208e+04,3.048232002099402621e+07,0.000000000000000000e+00,0.000000000000000000e+00,1.940834198441399634e+08,-1.991633322780918478e+32,-1.492852236825548540e+31,1.241604059454497407e+32,1.209948790791406302e+22,1.786637958233674548e+27,0.000000000000000000e+00,2.174894515783840256e+38,4.772746785257398169e+35,1.000000000000000000e+04,1.122248066269637974e+02,1.186488788637121761e+05
1.710000000000000000e+02,3.286889599104839910e+00,1.347361367968292274e+21,4.898160154384429532e+00,5.341877359897848470e-12,0.000000000000000000e+00,3.054170217979370803e+07,2.452417822951637208e+04,3.054170217979370803e+07,0.000000000000000000e+00,0.000000000000000000e+00,1.944612069525772333e+08,-1.986363537283395992e+32,-1.478799265419351875e+31,1.218630263147880025e+32,1.194126965087173974e+22,1.765828724318178425e+27,0.000000000000000000e+00,2.167675571788471278e+38,4.732328779680044207e+35,1.000000000000000000e+04,1.118650369229297041e+02,1.188798311877243978e+05
1.715000000000000000e+02,3.303141824657488623e+00,1.354901453033528623e+21,4.658488529083865792e+00,5.189689202731949175e-12,0.000000000000000000e+00,3.060119992710726336e+07,2.452417822951637208e+04,3.060119992710726336e+07,0.000000000000000000e+00,0.000000000000000000e+00,1.948397294308848977e+08,-1.981724882955665787e+32,-1.464412639590139333e+31,1.197199787017392933e+32,1.179288220576039672e+22,1.745771047944242789e+27,0.000000000000000000e+00,2.160557118001949353e+38,4.692670568668373809e+35,1.000000000000000000e+04,1.115290293469194864e+02,1.191112330648759089e+05
1.720000000000000000e+02,3.318443643240452268e+00,1.362060653771433181e+21,4.415420695936551176e+00,5.049672114200287356e-12,0.000000000000000000e+00,3.066081348792994022e+07,2.452417822951637208e+04,3.066081348792994022e+07,0.000000000000000000e+00,0.000000000000000000e+00,1.952189887104746401e+08,-1.977711176240454659e+32,-1.449709488443410161e+31,1.177242516661207470e+32,1.165363429101788987e+22,1.726304281201741080e+27,0.000000000000000000e+00,2.153473018047938437e+38,4.653382338528836522e+35,1.000000000000000000e+04,1.112165229648872753e+02,1.193430853702305758e+05
1.725000000000000000e+02,3.332784287971573445e+00,1.368833797970519654e+21,4.169190328646733334e+00,4.921045066371513335e-12,0.000000000000000000e+00,3.072054308769497648e+07,2.452417822951637208e+04,3.072054308769497648e+07,0.000000000000000000e+00,0.000000000000000000e+00,1.955989862255441844e+08,-1.974316787961035969e+32,-1.434705744064596899e+31,1.158693700991291867e+32,1.152310398359391594e+22,1.707373453050265320e+27,0.000000000000000000e+00,2.146400973400556123e+38,4.614353960762480646e+35,1.000000000000000000e+04,1.109272692486093490e+02,1.195753889805554936e+05
1.730000000000000000e+02,3.346153887508077407e+00,1.375216069025545060e+21,3.920014712573737903e+00,4.803101612837819798e-12,0.000000000000000000e+00,3.078038895227439702e+07,2.452417822951637208e+04,3.078038895227439702e+07,0.000000000000000000e+00,0.000000000000000000e+00,1.959797234130831957e+08,-1.971536680791741668e+32,-1.419416232184979807e+31,1.141493690189356003e+32,1.140145070105243419e+22,1.689130676306099999e+27,0.000000000000000000e+00,2.139423241321795649e+38,4.576033863983483764e+35,1.000000000000000000e+04,1.106610336340893497e+02,1.198081447743244935e+05
1.735000000000000000e+02,3.358543402786893228e+00,1.381202981095540785e+21,3.668096019074267744e+00,4.695203881584716581e-12,0.000000000000000000e+00,3.084035130797989666e+07,2.452417822951637208e+04,3.084035130797989666e+07,0.000000000000000000e+00,0.000000000000000000e+00,1.963612017128782868e+08,-1.969366441895843883e+32,-1.403854757175160166e+31,1.125587686988952317e+32,1.128787920929764147e+22,1.671351758541231490e+27,0.000000000000000000e+00,2.132440249047828221e+38,4.537851448349683071e+35,1.000000000000000000e+04,1.104175968690914971e+02,1.200413536317213293e+05
1.740000000000000000e+02,3.369944568729093426e+00,1.386790356205747044e+21,3.413622496207363355e+00,4.596777160094879580e-12,0.000000000000000000e+00,3.090043038156369701e+07,2.452417822951637208e+04,3.090043038156369701e+07,0.000000000000000000e+00,0.000000000000000000e+00,1.967434225675188005e+08,-1.967802311668032129e+32,-1.388034181758113902e+31,1.110925512756623438e+32,1.118245541463528676e+22,1.654149552247648666e+27,0.000000000000000000e+00,2.125509697727841799e+38,4.500146622716121676e+35,1.000000000000000000e+04,1.101967561822717272e+02,1.202750164346431120e+05
1.745000000000000000e+02,3.380349840576901688e+00,1.391974303165964878e+21,3.156769581353517040e+00,4.507305032381296984e-12,0.000000000000000000e+00,3.096062640021938831e+07,2.452417822951637208e+04,3.096062640021938831e+07,0.000000000000000000e+00,0.000000000000000000e+00,1.971263874224019349e+08,-1.966841209403206859e+32,-1.371966501784338935e+31,1.097461389390725367e+32,1.108492641249745961e+22,1.637495433066784344e+27,0.000000000000000000e+00,2.118626146358403143e+38,4.462875003141306378e+35,1.000000000000000000e+04,1.099983263025129077e+02,1.205091340667034819e+05
1.750000000000000000e+02,3.389752344555268859e+00,1.396751198186870931e+21,2.897700941720688039e+00,4.426325029469924227e-12,0.000000000000000000e+00,3.102093959158280119e+07,2.452417822951637208e+04,3.102093959158280119e+07,0.000000000000000000e+00,0.000000000000000000e+00,1.975100977257384956e+08,-1.966480756614268966e+32,-1.355662916449617974e+31,1.085153737710660956e+32,1.099504372761582423e+22,1.621355446374902619e+27,0.000000000000000000e+00,2.111781264828869553e+38,4.425975791356795334e+35,1.000000000000000000e+04,1.098221403536897895e+02,1.207437074132361158e+05
1.755000000000000000e+02,3.398145832573565617e+00,1.401117667084902859e+21,2.636569448381165692e+00,4.353424757254848307e-12,0.000000000000000000e+00,3.108137018373286724e+07,2.452417822951637208e+04,3.108137018373286724e+07,0.000000000000000000e+00,0.000000000000000000e+00,1.978945549285582602e+08,-1.966719298635839286e+32,-1.339133894317307175e+31,1.073964992750060965e+32,1.091268315999468991e+22,1.605749253454381928e+27,0.000000000000000000e+00,2.104987017838140135e+38,4.389532892982627153e+35,1.000000000000000000e+04,1.096680506471054741e+02,1.209787373612980155e+05
1.760000000000000000e+02,3.405524640706013351e+00,1.405070568975257567e+21,2.373518089296968725e+00,4.288238468436176275e-12,0.000000000000000000e+00,3.114191840519247577e+07,2.452417822951637208e+04,3.114191840519247577e+07,0.000000000000000000e+00,0.000000000000000000e+00,1.982797604847154021e+08,-1.967555925077171832e+32,-1.322389235499012422e+31,1.063861436179468446e+32,1.083741805486892751e+22,1.590563856589981420e+27,0.000000000000000000e+00,2.098193561783303839e+38,4.353266100203465379e+35,1.000000000000000000e+04,1.095359293912180618e+02,1.212142247996728111e+05
1.765000000000000000e+02,3.411883651211309321e+00,1.408606981361023320e+21,2.108680826834512967e+00,4.230444048284080676e-12,0.000000000000000000e+00,3.120258448492933437e+07,2.452417822951637208e+04,3.120258448492933437e+07,0.000000000000000000e+00,0.000000000000000000e+00,1.986657158508940637e+08,-1.968990489624863623e+32,-1.305438130356782093e+31,1.054813045954873591e+32,1.076951536723253684e+22,1.575941553648584998e+27,0.000000000000000000e+00,2.091481735923400917e+38,4.317591977271789814e+35,1.000000000000000000e+04,1.094256693359858446e+02,1.214501706188741955e+05
1.770000000000000000e+02,3.417218257873219311e+00,1.411724186534772474e+21,1.842183404712633088e+00,4.179760387147229052e-12,0.000000000000000000e+00,3.126336865235685185e+07,2.452417822951637208e+04,3.126336865235685185e+07,0.000000000000000000e+00,0.000000000000000000e+00,1.990524224866139293e+08,-1.971023629642685997e+32,-1.288289215053357217e+31,1.046793363207050264e+32,1.070867079348627282e+22,1.561815360196657216e+27,0.000000000000000000e+00,2.084818809648760392e+38,4.282353423362474527e+35,1.000000000000000000e+04,1.093371843671575618e+02,1.216865757111493003e+05
1.775000000000000000e+02,3.421524334464805861e+00,1.414419659217131012e+21,1.574144109672103387e+00,4.135945115870041623e-12,0.000000000000000000e+00,3.132427113733498380e+07,2.452417822951637208e+04,3.132427113733498380e+07,0.000000000000000000e+00,0.000000000000000000e+00,1.994398818542355299e+08,-1.973656785970757126e+32,-1.270950624308926604e+31,1.039779376343956205e+32,1.065440266494069755e+22,1.548035255913035372e+27,0.000000000000000000e+00,2.078133814922599683e+38,4.247163474253283548e+35,1.000000000000000000e+04,1.092704100640774101e+02,1.219234409704819263e+05
1.780000000000000000e+02,3.424798206158001346e+00,1.416691055364313186e+21,1.304674492338739000e+00,4.098792683569588799e-12,0.000000000000000000e+00,3.138529217017111927e+07,2.452417822951637208e+04,3.138529217017111927e+07,0.000000000000000000e+00,0.000000000000000000e+00,1.998280954189660549e+08,-1.976892223289249761e+32,-1.253430041665981529e+31,1.033751422329562080e+32,1.060712935461003198e+22,1.534783164224171223e+27,0.000000000000000000e+00,2.071527971953357482e+38,4.212544158430164750e+35,1.000000000000000000e+04,1.092253042330712844e+02,1.221607672925961524e+05
1.785000000000000000e+02,3.427036623719387443e+00,1.418536202084162208e+21,1.033880052263112637e+00,4.068132760514111746e-12,0.000000000000000000e+00,3.144643198162094504e+07,2.452417822951637208e+04,3.144643198162094504e+07,0.000000000000000000e+00,0.000000000000000000e+00,2.002170646488646269e+08,-1.980733051380836593e+32,-1.235734747608254286e+31,1.028693105119855429e+32,1.056671536085936898e+22,1.522036062863800124e+27,0.000000000000000000e+00,2.064991598883196802e+38,4.178454332056594602e+35,1.000000000000000000e+04,1.092018474271554993e+02,1.223985555749595223e+05
1.790000000000000000e+02,3.428236740351686684e+00,1.419953088607644811e+21,7.618608912339644990e-01,4.043828952139601151e-12,0.000000000000000000e+00,3.150769080288931355e+07,2.452417822951637208e+04,3.150769080288931355e+07,0.000000000000000000e+00,0.000000000000000000e+00,2.006067910148480535e+08,-1.985183247600830614e+32,-1.217871665816972431e+31,1.024591231276980516e+32,1.053262818876824171e+22,1.509611332624463551e+27,0.000000000000000000e+00,2.058434161359833639e+38,4.144413112720352913e+35,1.000000000000000000e+04,1.092000434616617923e+02,1.226368067167865665e+05
1.795000000000000000e+02,3.428396091057015038e+00,1.420939858269295870e+21,4.887123396597392033e-01,4.025777813556283578e-12,0.000000000000000000e+00,3.156906886563112587e+07,2.452417822951637208e+04,3.156906886563112587e+07,0.000000000000000000e+00,0.000000000000000000e+00,2.009972759906962514e+08,-1.990247680844709311e+32,-1.199847407906287301e+31,1.021435762844087579e+32,1.050507653579123406e+22,1.497597764198593884e+27,0.000000000000000000e+00,2.051906893973388382e+38,4.110683427474094536e+35,1.000000000000000000e+04,1.092199199344037339e+02,1.228755216190420906e+05
1.800000000000000000e+02,3.427512574415802149e+00,1.421494801457288577e+21,2.145255600705135157e-01,4.013908157228927617e-12,0.000000000000000000e+00,3.163056640195219964e+07,2.452417822951637208e+04,3.163056640195219964e+07,0.000000000000000000e+00,0.000000000000000000e+00,2.013885210530579388e+08,-1.995932137286917561e+32,-1.181668316927718546e+31,1.019219787640806199e+32,1.048444633728405838e+22,1.486143402643880328e+27,0.000000000000000000e+00,2.045492508427343431e+38,4.077689454678249888e+35,1.000000000000000000e+04,1.092615287581402015e+02,1.231147011844447261e+05
1.805000000000000000e+02,3.425584436691833545e+00,1.421616349500431139e+21,-6.061186844714822747e-02,4.008180649908594082e-12,0.000000000000000000e+00,3.169218364441016689e+07,2.452417822951637208e+04,3.169218364441016689e+07,0.000000000000000000e+00,0.000000000000000000e+00,2.017805276814561486e+08,-2.002243348153609248e+32,-1.163340509919506111e+31,1.017939507233620530e+32,1.047009619116268768e+22,1.475014761398786247e+27,0.000000000000000000e+00,2.039070007617607495e+38,4.044806919224928749e+35,1.000000000000000000e+04,1.093249467123539063e+02,1.233543463174702047e+05
1.810000000000000000e+02,3.422610258189054289e+00,1.421303069465531384e+21,-3.366153799038656413e-01,4.008587698382965171e-12,0.000000000000000000e+00,3.175392082601530477e+07,2.452417822951637208e+04,3.175392082601530477e+07,0.000000000000000000e+00,0.000000000000000000e+00,2.021732973582938015e+08,-2.009189019784909760e+32,-1.144869919872028642e+31,1.017594242945757990e+32,1.046200867772538919e+22,1.464201923716169334e+27,0.000000000000000000e+00,2.032637421963720727e+38,4.012024369959299786e+35,1.000000000000000000e+04,1.094102760207440781e+02,1.235944579243548942e+05
1.815000000000000000e+02,3.418588941803073933e+00,1.420553659845602968e+21,-6.134028617901657876e-01,4.015153627221188339e-12,0.000000000000000000e+00,3.181577818023148552e+07,2.452417822951637208e+04,3.181577818023148552e+07,0.000000000000000000e+00,0.000000000000000000e+00,2.025668315688593090e+08,-2.016777866237022415e+32,-1.126262337359990639e+31,1.018186460394201188e+32,1.046078240097185248e+22,1.453911348143691234e+27,0.000000000000000000e+00,2.026309201587394974e+38,3.979921746238209109e+35,1.000000000000000000e+04,1.095176449602491147e+02,1.238350369130990584e+05
1.820000000000000000e+02,3.413519703725593324e+00,1.419366947125638726e+21,-8.908941018433802483e-01,4.027935155493011530e-12,0.000000000000000000e+00,3.187775594097699597e+07,2.452417822951637208e+04,3.187775594097699597e+07,0.000000000000000000e+00,0.000000000000000000e+00,2.029611318013322949e+08,-2.025019644673091669e+32,-1.107523452173122758e+31,1.019721813181053647e+32,1.046615476675059437e+22,1.444032690241277565e+27,0.000000000000000000e+00,2.020028976437677325e+38,3.948209129395176826e+35,1.000000000000000000e+04,1.096472085069370195e+02,1.240760841934705095e+05
1.825000000000000000e+02,3.407402066275614594e+00,1.417741883219088507e+21,-1.169010237016767872e+00,4.047022183486335800e-12,0.000000000000000000e+00,3.193985434262546897e+07,2.452417822951637208e+04,3.193985434262546897e+07,0.000000000000000000e+00,0.000000000000000000e+00,2.033561995467891395e+08,-2.033925193792665898e+32,-1.088658895269588664e+31,1.022209206521234628e+32,1.047774322068284244e+22,1.434408668874387191e+27,0.000000000000000000e+00,2.013714851710048476e+38,3.916468428417901760e+35,1.000000000000000000e+04,1.097991490236712337e+02,1.243176006770079111e+05
1.830000000000000000e+02,3.400235852847602658e+00,1.415677543774940299e+21,-1.447673199976433178e+00,4.072538904799130362e-12,0.000000000000000000e+00,3.200207362000673264e+07,2.452417822951637208e+04,3.200207362000673264e+07,0.000000000000000000e+00,0.000000000000000000e+00,2.037520362992086411e+08,-2.043506475552245944e+32,-1.069674281420007172e+31,1.025660881759161924e+32,1.049600798173037802e+22,1.425181232192667752e+27,0.000000000000000000e+00,2.007444441599039474e+38,3.885098656086555945e+35,1.000000000000000000e+04,1.099736769940571861e+02,1.245595872770242422e+05
1.835000000000000000e+02,3.392021184983847526e+00,1.413173127362393145e+21,-1.726805159744596363e+00,4.104645263919685052e-12,0.000000000000000000e+00,3.206441400840773806e+07,2.452417822951637208e+04,3.206441400840773806e+07,0.000000000000000000e+00,0.000000000000000000e+00,2.041486435554776192e+08,-2.053776620433624617e+32,-1.050575252814035506e+31,1.030092522915106399e+32,1.052139757245241177e+22,1.416471739353270838e+27,0.000000000000000000e+00,2.001288421599326520e+38,3.854439206605384180e+35,1.000000000000000000e+04,1.101710318067879655e+02,1.248020449086102744e+05
1.840000000000000000e+02,3.382758481593554745e+00,1.410227955546518979e+21,-2.006327950869632559e+00,4.143538784639165195e-12,0.000000000000000000e+00,3.212687574357341602e+07,2.452417822951637208e+04,3.212687574357341602e+07,0.000000000000000000e+00,0.000000000000000000e+00,2.045460228153966367e+08,-2.064749976523662554e+32,-1.031367524081988725e+31,1.035523386611338176e+32,1.055323406299425669e+22,1.408005176690473692e+27,0.000000000000000000e+00,1.995099391429507580e+38,3.823749105250499401e+35,1.000000000000000000e+04,1.103914825941772762e+02,1.250449744886380067e+05
1.845000000000000000e+02,3.372448460360298217e+00,1.406841473876328448e+21,-2.286162486927672877e+00,4.189456800434976210e-12,0.000000000000000000e+00,3.218945906170754880e+07,2.452417822951637208e+04,3.218945906170754880e+07,0.000000000000000000e+00,0.000000000000000000e+00,2.049441755816856027e+08,-2.076442162675336664e+32,-1.012056929078472923e+31,1.041976456956397261e+32,1.059196698396810491e+22,1.399900106096640334e+27,0.000000000000000000e+00,1.988941858499388987e+38,3.793358749578157742e+35,1.000000000000000000e+04,1.106353291282674718e+02,1.252883769357641431e+05
1.850000000000000000e+02,3.361092141397011179e+00,1.403013253814091514e+21,-2.566228153051310912e+00,4.242679124474208129e-12,0.000000000000000000e+00,3.225216419947375730e+07,2.452417822951637208e+04,3.225216419947375730e+07,0.000000000000000000e+00,0.000000000000000000e+00,2.053431033599895835e+08,-2.088870126028081344e+32,-9.926494698680315033e+30,1.049478627219945109e+32,1.063778283379559393e+22,1.392172560668989006e+27,0.000000000000000000e+00,1.982826114457915280e+38,3.763317491881626549e+35,1.000000000000000000e+04,1.109029027775258243e+02,1.255322531704335852e+05
1.855000000000000000e+02,3.348690853227330066e+00,1.398742995643086143e+21,-2.846442172336318688e+00,4.303531204233374087e-12,0.000000000000000000e+00,3.231499139399627596e+07,2.452417822951637208e+04,3.231499139399627596e+07,0.000000000000000000e+00,0.000000000000000000e+00,2.057428076588844061e+08,-2.102052204173275293e+32,-9.731513683471708764e+30,1.058060910410610708e+32,1.069098407540464760e+22,1.384865359777685178e+27,0.000000000000000000e+00,1.976779893779666404e+38,3.733745266890879940e+35,1.000000000000000000e+04,1.111945675267032385e+02,1.257766041148829536e+05
1.860000000000000000e+02,3.335246241192488803e+00,1.394030532399675736e+21,-3.126718940119358692e+00,4.372387814083449129e-12,0.000000000000000000e+00,3.237794088286093250e+07,2.452417822951637208e+04,3.237794088286093250e+07,0.000000000000000000e+00,0.000000000000000000e+00,2.061432899898822606e+08,-2.116008192258418196e+32,-9.535691210117942503e+30,1.067758681179344986e+32,1.075135596505488949e+22,1.377847101150715300e+27,0.000000000000000000e+00,1.970731315366578059e+38,3.704291078637167549e+35,1.000000000000000000e+04,1.115107210619414957e+02,1.260214306931438769e+05
1.865000000000000000e+02,3.320760278405395560e+00,1.388875834885203558e+21,-3.406969319787308326e+00,4.449677348730308621e-12,0.000000000000000000e+00,3.244101290411601588e+07,2.452417822951637208e+04,3.244101290411601588e+07,0.000000000000000000e+00,0.000000000000000000e+00,2.065445518674376309e+08,-2.130759415329902414e+32,-9.339095574132081610e+30,1.078611951813649186e+32,1.081932318841628944e+22,1.371196747833659521e+27,0.000000000000000000e+00,1.964723163999263506e+38,3.675170702838181298e+35,1.000000000000000000e+04,1.118517959226229408e+02,1.262667338310467749e+05
1.870000000000000000e+02,3.305235279397803705e+00,1.383279017823636816e+21,-3.687099893636938130e+00,4.535886791350859103e-12,0.000000000000000000e+00,3.250420769627317786e+07,2.452417822951637208e+04,3.250420769627317786e+07,0.000000000000000000e+00,0.000000000000000000e+00,2.069465948089528382e+08,-2.146328806218690443e+32,-9.141799028652867810e+30,1.090665685467668894e+32,1.089510118319443254e+22,1.364911840032329223e+27,0.000000000000000000e+00,1.958754917673222598e+38,3.646378698515464488e+35,1.000000000000000000e+04,1.122182607207492708e+02,1.265125144562241185e+05
1.875000000000000000e+02,3.288673916631646765e+00,1.377240347241764618e+21,-3.967012161075693655e+00,4.631567442888285165e-12,0.000000000000000000e+00,3.256752549830834568e+07,2.452417822951637208e+04,3.256752549830834568e+07,0.000000000000000000e+00,0.000000000000000000e+00,2.073494203347839117e+08,-2.162740989275461040e+32,-8.943878460718796202e+30,1.103970150194749375e+32,1.097879620152912039e+22,1.358942949940632607e+27,0.000000000000000000e+00,1.952802296919839027e+38,3.617783492169718761e+35,1.000000000000000000e+04,1.126106214278013056e+02,1.267587734981140675e+05
1.880000000000000000e+02,3.271079240074746597e+00,1.370760249161339372e+21,-4.246601676004920556e+00,4.737341513547241505e-12,0.000000000000000000e+00,3.263096654966260865e+07,2.452417822951637208e+04,3.263096654966260865e+07,0.000000000000000000e+00,0.000000000000000000e+00,2.077530299682463109e+08,-2.180022370258905347e+32,-8.745416123894906868e+30,1.118581317814397599e+32,1.107085823716872317e+22,1.353350429374400761e+27,0.000000000000000000e+00,1.946898007365836806e+38,3.589545464935848294e+35,1.000000000000000000e+04,1.130294227279714931e+02,1.270055118879639776e+05
1.885000000000000000e+02,3.252454700072265226e+00,1.363839319706074612e+21,-4.525757114602027897e+00,4.853909694422475108e-12,0.000000000000000000e+00,3.269453109024313465e+07,2.452417822951637208e+04,3.269453109024313465e+07,0.000000000000000000e+00,0.000000000000000000e+00,2.081574252356205881e+08,-2.198201232672648052e+32,-8.546500435009906942e+30,1.134561312160833169e+32,1.117152927895871344e+22,1.348119511524015588e+27,0.000000000000000000e+00,1.941032374738493105e+38,3.561623032762822601e+35,1.000000000000000000e+04,1.134752494353766394e+02,1.272527305588338495e+05
1.890000000000000000e+02,3.232804173779002532e+00,1.356478336741081874e+21,-4.804359263313915385e+00,4.982059846809427247e-12,0.000000000000000000e+00,3.275821936042408273e+07,2.452417822951637208e+04,3.275821936042408273e+07,0.000000000000000000e+00,0.000000000000000000e+00,2.085626076661582887e+08,-2.217307840830761857e+32,-8.347226844004544391e+30,1.151978911829866941e+32,1.128113127024910087e+22,1.343249408308857867e+27,0.000000000000000000e+00,1.935204857570279458e+38,3.534010857281564327e+35,1.000000000000000000e+04,1.139487279712888039e+02,1.275004304455999663e+05
1.895000000000000000e+02,3.212131995456487310e+00,1.348678273179232240e+21,-5.082279916118169538e+00,5.122676969540570808e-12,0.000000000000000000e+00,3.282203160104749352e+07,2.452417822951637208e+04,3.282203160104749352e+07,0.000000000000000000e+00,0.000000000000000000e+00,2.089685787920875549e+08,-2.237374549905156594e+32,-8.147698786634095749e+30,1.170910113166597673e+32,1.139958766828161230e+22,1.338605619711726794e+27,0.000000000000000000e+00,1.929342209526806449e+38,3.506352276440094074e+35,1.000000000000000000e+04,1.144505278954529217e+02,1.277486124849582266e+05
1.900000000000000000e+02,3.190442990980377758e+00,1.340440312107076420e+21,-5.359380668707620643e+00,5.276754631235032146e-12,0.000000000000000000e+00,3.288596805342422053e+07,2.452417822951637208e+04,3.288596805342422053e+07,0.000000000000000000e+00,0.000000000000000000e+00,2.093753401486192346e+08,-2.258435923169063743e+32,-7.948028731041942304e+30,1.191438759924318834e+32,1.152804654561280970e+22,1.334421612094295594e+27,0.000000000000000000e+00,1.923574080397643917e+38,3.479255446093564599e+35,1.000000000000000000e+04,1.149813634831666889e+02,1.279972776154280291e+05
1.905000000000000000e+02,3.167742516950681431e+00,1.331765863903478153e+21,-5.635511596106011822e+00,5.445408085264515743e-12,0.000000000000000000e+00,3.295002895933482051e+07,2.452417822951637208e+04,3.295002895933482051e+07,0.000000000000000000e+00,0.000000000000000000e+00,2.097828932739523053e+08,-2.280528856594184332e+32,-7.748339330311933785e+30,1.213657246775639049e+32,1.166660667187048690e+22,1.330602130882412958e+27,0.000000000000000000e+00,1.917844468483253157e+38,3.452463169554465182e+35,1.000000000000000000e+04,1.155419953368406993e+02,1.282464267773554166e+05
1.910000000000000000e+02,3.144036504848984670e+00,1.322656585546744201e+21,-5.910509798478456034e+00,5.629889321268083355e-12,0.000000000000000000e+00,3.301421456103049964e+07,2.452417822951637208e+04,3.301421456103049964e+07,0.000000000000000000e+00,0.000000000000000000e+00,2.101912397092800736e+08,-2.303692710880879944e+32,-7.548764694698216220e+30,1.237667304671853202e+32,1.181571907843371565e+22,1.327145485226082729e+27,0.000000000000000000e+00,1.912151339331518194e+38,3.425963440687113066e+35,1.000000000000000000e+04,1.161332320171324994e+02,1.284960609129170334e+05
1.915000000000000000e+02,3.119331510745317448e+00,1.313114402331618705e+21,-6.184197797680956121e+00,5.831604349022955503e-12,0.000000000000000000e+00,3.307852510123400018e+07,2.452417822951637208e+04,3.307852510123400018e+07,0.000000000000000000e+00,0.000000000000000000e+00,2.106003809987955689e+08,-2.327969450894142393e+32,-7.349451799234118017e+30,1.263580876922658695e+32,1.197549166923722470e+22,1.323937437756970636e+27,0.000000000000000000e+00,1.906431605067818686e+38,3.399454340449457285e+35,1.000000000000000000e+04,1.167559316742896414e+02,1.287461809661232837e+05
1.920000000000000000e+02,3.093634771121893223e+00,1.303141532245851374e+21,-6.456381766387795373e+00,6.052133059363647906e-12,0.000000000000000000e+00,3.314296082314053178e+07,2.452417822951637208e+04,3.314296082314053178e+07,0.000000000000000000e+00,0.000000000000000000e+00,2.110103186896978915e+08,-2.353403792336430439e+32,-7.150562043227456631e+30,1.291521095800835364e+32,1.214677402076059166e+22,1.321072543500551112e+27,0.000000000000000000e+00,1.900735613328131343e+38,3.373172638711619300e+35,1.000000000000000000e+04,1.174110036548891713e+02,1.289967878828222892e+05
1.925000000000000000e+02,3.066954265452415118e+00,1.292740513287433880e+21,-6.726849567693441223e+00,6.293252063716829985e-12,0.000000000000000000e+00,3.320752197041868046e+07,2.452417822951637208e+04,3.320752197041868046e+07,0.000000000000000000e+00,0.000000000000000000e+00,2.114210543321974874e+08,-2.380043355302648029e+32,-6.952272981603049132e+30,1.321623370454518971e+32,1.233062824044124124e+22,1.318683420869025324e+27,0.000000000000000000e+00,1.895135874401929332e+38,3.347445545158669121e+35,1.000000000000000000e+04,1.180994100525195734e+02,1.292478826107031200e+05
1.930000000000000000e+02,3.039298786257106588e+00,1.281914234039390962e+21,-6.995368582548273650e+00,6.556960979853752572e-12,0.000000000000000000e+00,3.327220878721134365e+07,2.452417822951637208e+04,3.327220878721134365e+07,0.000000000000000000e+00,0.000000000000000000e+00,2.118325894795225859e+08,-2.407938824119403684e+32,-6.754780248787217953e+30,1.354036597910871253e+32,1.252731595085899104e+22,1.316666202473759396e+27,0.000000000000000000e+00,1.889571127089474669e+38,3.321994596044521569e+35,1.000000000000000000e+04,1.188221671628040923e+02,1.294994660992996505e+05
1.935000000000000000e+02,3.010678017441751120e+00,1.270665967857807393e+21,-7.261683297686222893e+00,6.845512707991880131e-12,0.000000000000000000e+00,3.333702151813665405e+07,2.452417822951637208e+04,3.333702151813665405e+07,0.000000000000000000e+00,0.000000000000000000e+00,2.122449256879247129e+08,-2.437144112559040046e+32,-6.558299699976918600e+30,1.388924509954449439e+32,1.273730384086400657e+22,1.314960452148005351e+27,0.000000000000000000e+00,1.884006621907424054e+38,3.296655651982990736e+35,1.000000000000000000e+04,1.195803467933071005e+02,1.297515392999940523e+05
1.940000000000000000e+02,2.981102621830382216e+00,1.258999411073393099e+21,-7.525512625411257872e+00,7.161448329712790643e-12,0.000000000000000000e+00,3.340196040828888863e+07,2.452417822951637208e+04,3.340196040828888863e+07,0.000000000000000000e+00,0.000000000000000000e+00,2.126580645166846216e+08,-2.467716533116895682e+32,-6.363069796061145098e+30,1.426467169608775758e+32,1.296128287253793971e+22,1.313555165871852199e+27,0.000000000000000000e+00,1.878434299232748500e+38,3.271390893443757108e+35,1.000000000000000000e+04,1.203750773667948124e+02,1.300041031660202862e+05
1.945000000000000000e+02,2.950584338910237303e+00,1.246918725654971941e+21,-7.786546922319337760e+00,7.507637363746363474e-12,0.000000000000000000e+00,3.346702570323940367e+07,2.452417822951637208e+04,3.346702570323940367e+07,0.000000000000000000e+00,0.000000000000000000e+00,2.130720075281182230e+08,-2.499716968531065149e+32,-6.169354262370131303e+30,1.466862631782672192e+32,1.320035917590274507e+22,1.312534441594539116e+27,0.000000000000000000e+00,1.872896846238300311e+38,3.246397963869658983e+35,1.000000000000000000e+04,1.212075447417581842e+02,1.302571586524678569e+05
1.950000000000000000e+02,2.919136093931730791e+00,1.234428586838053618e+21,-8.044444671071813602e+00,7.887324228718582745e-12,0.000000000000000000e+00,3.353221764903757349e+07,2.452417822951637208e+04,3.353221764903757349e+07,0.000000000000000000e+00,0.000000000000000000e+00,2.134867562875827253e+08,-2.533210043075343368e+32,-5.977445054307367597e+30,1.510328783260703917e+32,1.345576921508819553e+22,1.311988773263287907e+27,0.000000000000000000e+00,1.867442067451179097e+38,3.221883885560443876e+35,1.000000000000000000e+04,1.220789926563685981e+02,1.305107067162854510e+05
1.955000000000000000e+02,2.886772119640192091e+00,1.221534236280905531e+21,-8.298828785320660373e+00,8.304181894565932436e-12,0.000000000000000000e+00,3.359753649221170694e+07,2.452417822951637208e+04,3.359753649221170694e+07,0.000000000000000000e+00,0.000000000000000000e+00,2.139023123634819686e+08,-2.568264290340025214e+32,-5.787665666714764244e+30,1.557105377494816203e+32,1.372822954585201888e+22,1.311858460201336073e+27,0.000000000000000000e+00,1.862032853060070182e+38,3.197682424820099885e+35,1.000000000000000000e+04,1.229907226806551250e+02,1.307647483162842691e+05
1.960000000000000000e+02,2.853508092065732082e+00,1.208241541376756154e+21,-8.549282494279500710e+00,8.762373851942957749e-12,0.000000000000000000e+00,3.366298247976998985e+07,2.452417822951637208e+04,3.366298247976998985e+07,0.000000000000000000e+00,0.000000000000000000e+00,2.143186773272729814e+08,-2.604952313186862736e+32,-5.600374827340961628e+30,1.607456279400763890e+32,1.401824683772928537e+22,1.312014518118794054e+27,0.000000000000000000e+00,1.856596828807548801e+38,3.173463503566309585e+35,1.000000000000000000e+04,1.239440935358153126e+02,1.310192844131420279e+05
1.965000000000000000e+02,2.819361281959171794e+00,1.194557061422407221e+21,-8.795344759144699154e+00,9.266625692251609783e-12,0.000000000000000000e+00,3.372855585920140892e+07,2.452417822951637208e+04,3.372855585920140892e+07,0.000000000000000000e+00,0.000000000000000000e+00,2.147358527534716427e+08,-2.643350930277611571e+32,-5.415970618924125550e+30,1.661671934330899737e+32,1.432729105804466900e+22,1.312552557351805357e+27,0.000000000000000000e+00,1.851181982433423660e+38,3.149445501394244988e+35,1.000000000000000000e+04,1.249405196084472607e+02,1.312743159694063943e+05
1.970000000000000000e+02,2.784350723638437497e+00,1.180488121421918634e+21,-9.036505170132738129e+00,9.822307767991686315e-12,0.000000000000000000e+00,3.379425687847669423e+07,2.452417822951637208e+04,3.379425687847669423e+07,0.000000000000000000e+00,0.000000000000000000e+00,2.151538402196585238e+08,-2.683541301967350484e+32,-5.234895077903858490e+30,1.720072073235565410e+32,1.465667141306338928e+22,1.313501437841620694e+27,0.000000000000000000e+00,1.845800180486236775e+38,3.125680542398092740e+35,1.000000000000000000e+04,1.259814684500542228e+02,1.315298439494986087e+05
1.975000000000000000e+02,2.748497403197430522e+00,1.166042894387576439e+21,-9.272198269666381165e+00,1.043553058980110216e-11,0.000000000000000000e+00,3.386008578604923934e+07,2.452417822951637208e+04,3.386008578604923934e+07,0.000000000000000000e+00,0.000000000000000000e+00,2.155726413064852059e+08,-2.725609026353907511e+32,-5.057639321165622799e+30,1.783008662278672824e+32,1.500770447257087718e+22,1.314867304738614888e+27,0.000000000000000000e+00,1.840451058660531314e+38,3.102164852828534279e+35,1.000000000000000000e+04,1.270684570073724160e+02,1.317858693197171960e+05
1.980000000000000000e+02,2.711824468228486662e+00,1.151230493089266270e+21,-9.501797243178957686e+00,1.111325480500629020e-11,0.000000000000000000e+00,3.392604283085610718e+07,2.452417822951637208e+04,3.392604283085610718e+07,0.000000000000000000e+00,0.000000000000000000e+00,2.159922575976797640e+08,-2.769644193794146011e+32,-4.884749256353073798e+30,1.850869099213268232e+32,1.538225805029432466e+22,1.316753895576149137e+27,0.000000000000000000e+00,1.835187636250880099e+38,3.079122520125729063e+35,1.000000000000000000e+04,1.282030462755766678e+02,1.320423930482415890e+05
1.985000000000000000e+02,2.674357461416679627e+00,1.136061072296195785e+21,-9.724606919175585062e+00,1.186341777959018141e-11,0.000000000000000000e+00,3.399212826231887192e+07,2.452417822951637208e+04,3.399212826231887192e+07,0.000000000000000000e+00,0.000000000000000000e+00,2.164126906800533235e+08,-2.815741385132790452e+32,-4.716831931953254257e+30,1.924079649821947687e+32,1.578094651389000234e+22,1.318961003950769632e+27,0.000000000000000000e+00,1.829898846704343583e+38,3.056064895845159534e+35,1.000000000000000000e+04,1.293868340028153909e+02,1.322994161051358678e+05
1.990000000000000000e+02,2.636124580571129972e+00,1.120545942648172184e+21,-9.939856018722105446e+00,1.269507895025248544e-11,0.000000000000000000e+00,3.405834233034461737e+07,2.452417822951637208e+04,3.405834233034461737e+07,0.000000000000000000e+00,0.000000000000000000e+00,2.168339421435054839e+08,-2.863999595121271347e+32,-4.554562585400865062e+30,2.003109104597617534e+32,1.620580595431536329e+22,1.321587260530252267e+27,0.000000000000000000e+00,1.824632954194061994e+38,3.033207091666203107e+35,1.000000000000000000e+04,1.306214449993946403e+02,1.325569394623522530e+05
1.995000000000000000e+02,2.597156967861129484e+00,1.104697697385611657e+21,-1.014668859809069268e+01,1.361858619322252984e-11,0.000000000000000000e+00,3.412468528532690555e+07,2.452417822951637208e+04,3.412468528532690555e+07,0.000000000000000000e+00,0.000000000000000000e+00,2.172560135810308158e+08,-2.914522057888167048e+32,-4.398692445311950807e+30,2.088472617144954187e+32,1.665867650387679379e+22,1.324655679163894843e+27,0.000000000000000000e+00,1.819398391941327274e+38,3.010584809276305458e+35,1.000000000000000000e+04,1.319085185165950804e+02,1.328149640937349468e+05
2.000000000000000000e+02,2.557489031208254548e+00,1.088530353251742253e+21,-1.034415463523400192e+01,1.464576542310449613e-11,0.000000000000000000e+00,3.419115737814666331e+07,2.452417822951637208e+04,3.419115737814666331e+07,0.000000000000000000e+00,0.000000000000000000e+00,2.176789065887246132e+08,-2.967415945703489674e+32,-4.250057338937763155e+30,2.180735659672387446e+32,1.714144969526942577e+22,1.328172187978583078e+27,0.000000000000000000e+00,1.814194816736008975e+38,2.988194559657981474e+35,1.000000000000000000e+04,1.332496920571702503e+02,1.330734909750237421e+05
2.005000000000000000e+02,2.517158800931859286e+00,1.072059506949397414e+21,-1.053119972263077564e+01,1.579013541684926374e-11,0.000000000000000000e+00,3.425775886017317325e+07,2.452417822951637208e+04,3.425775886017317325e+07,0.000000000000000000e+00,0.000000000000000000e+00,2.181026227657890022e+08,-3.022791905483687636e+32,-4.109587146675244024e+30,2.280517995042384619e+32,1.765614427879076633e+22,1.332142333039641123e+27,0.000000000000000000e+00,1.809021856232566321e+38,2.966033165302662525e+35,1.000000000000000000e+04,1.346465808608232919e+02,1.333325210838577768e+05
2.010000000000000000e+02,2.476208324833507390e+00,1.055302508579382886e+21,-1.070665384923176688e+01,1.706714935175996212e-11,0.000000000000000000e+00,3.432448998326502740e+07,2.452417822951637208e+04,3.432448998326502740e+07,0.000000000000000000e+00,0.000000000000000000e+00,2.185271637145389616e+08,-3.080763389327753500e+32,-3.978316129048139477e+30,2.388497516136586225e+32,1.820484701989444046e+22,1.336557136616707179e+27,0.000000000000000000e+00,1.803873220712380375e+38,2.944067118274820390e+35,1.000000000000000000e+04,1.361007521725804565e+02,1.335920553997790848e+05
2.015000000000000000e+02,2.434684104898666934e+00,1.038278653491534758e+21,-1.086921928555817729e+01,1.849446360608560694e-11,0.000000000000000000e+00,3.439135099977102876e+07,2.452417822951637208e+04,3.439135099977102876e+07,0.000000000000000000e+00,0.000000000000000000e+00,2.189525310404084921e+08,-3.141445725686633804e+32,-3.857394125464464299e+30,2.505413738034429572e+32,1.878982010646769225e+22,1.341419346425318104e+27,0.000000000000000000e+00,1.798748265905910300e+38,2.922292059570586663e+35,1.000000000000000000e+04,1.376136932503224273e+02,1.338520949042365246e+05
2.020000000000000000e+02,2.392637578647859087e+00,1.021009393924448715e+21,-1.101745763045808957e+01,2.009223279230080794e-11,0.000000000000000000e+00,3.445834216253123432e+07,2.452417822951637208e+04,3.445834216253123432e+07,0.000000000000000000e+00,0.000000000000000000e+00,2.193787263519565165e+08,-3.204954866401119694e+32,-3.748098586392130190e+30,2.632070642133731342e+32,1.941351424969861916e+22,1.346746120919185975e+27,0.000000000000000000e+00,1.793653015666391723e+38,2.900737795527883649e+35,1.000000000000000000e+04,1.391867719015442901e+02,1.341126405805892718e+05
2.025000000000000000e+02,2.350125647823967157e+00,1.003518571669264794e+21,-1.114977614305013631e+01,2.188342749750682347e-11,0.000000000000000000e+00,3.452546372487781197e+07,2.452417822951637208e+04,3.452546372487781197e+07,0.000000000000000000e+00,0.000000000000000000e+00,2.198057512608730495e+08,-3.271405731720525470e+32,-3.651847344855085957e+30,2.769338458465304130e+32,2.007842280412415420e+22,1.352537986367342175e+27,0.000000000000000000e+00,1.788587147326632528e+38,2.879401123944685094e+35,1.000000000000000000e+04,1.408211881628846243e+02,1.343736934141106030e+05
2.030000000000000000e+02,2.307211256475502736e+00,9.858326727312036332e+20,-1.126441357259466614e+01,2.389416741858319677e-11,0.000000000000000000e+00,3.459271594063605368e+07,2.452417822951637208e+04,3.459271594063605368e+07,0.000000000000000000e+00,0.000000000000000000e+00,2.202336073819853663e+08,-3.340910060589620978e+32,-3.570211955923308721e+30,2.918153826966032231e+32,2.078712305157581203e+22,1.358793180673740540e+27,0.000000000000000000e+00,1.783550339574991743e+38,2.858278876418016373e+35,1.000000000000000000e+04,1.425179155570416469e+02,1.346352543919917662e+05
2.035000000000000000e+02,2.263964019485889878e+00,9.679811045356254003e+20,-1.135942582093699826e+01,2.615405701316536545e-11,0.000000000000000000e+00,3.466009906412536651e+07,2.452417822951637208e+04,3.466009906412536651e+07,0.000000000000000000e+00,0.000000000000000000e+00,2.206622963332639635e+08,-3.413573657229879698e+32,-3.504931326513176786e+30,3.079517593888727563e+32,2.154224505999104934e+22,1.365506976132703822e+27,0.000000000000000000e+00,1.778542229519190153e+38,2.837367734985224309e+35,1.000000000000000000e+04,1.442776301934308094e+02,1.348973245033455023e+05
2.040000000000000000e+02,2.220460901070009374e+00,9.499964955738895811e+20,-1.143267193622743783e+01,2.869650282403917637e-11,0.000000000000000000e+00,3.472761335016014427e+07,2.452417822951637208e+04,3.472761335016014427e+07,0.000000000000000000e+00,0.000000000000000000e+00,2.210918197358287871e+08,-3.489492907962301353e+32,-3.457925213717317653e+30,3.254489269745645220e+32,2.234605720565886170e+22,1.372609980993805137e+27,0.000000000000000000e+00,1.773532969114635826e+38,2.816539064810756527e+35,1.000000000000000000e+04,1.461006258420615040e+02,1.351599047392098873e+05
2.045000000000000000e+02,2.176786940547308813e+00,9.319150164365132431e+20,-1.148180115021613190e+01,3.155898052878289484e-11,0.000000000000000000e+00,3.479525905405081064e+07,2.452417822951637208e+04,3.479525905405081064e+07,0.000000000000000000e+00,0.000000000000000000e+00,2.215221792139553130e+08,-3.568750425462298402e+32,-3.431306981033432318e+30,3.444176895838181687e+32,2.320117870979587663e+22,1.380099638101965718e+27,0.000000000000000000e+00,1.768527914814818876e+38,2.795814937066761614e+35,1.000000000000000000e+04,1.479867130352980666e+02,1.354229960925521445e+05
2.050000000000000000e+02,2.133036019600214495e+00,9.137767198471570063e+20,-1.150424194819931678e+01,3.478320467849281954e-11,0.000000000000000000e+00,3.486303643160475045e+07,2.452417822951637208e+04,3.486303643160475045e+07,0.000000000000000000e+00,0.000000000000000000e+00,2.219533763950806856e+08,-3.651409663117866458e+32,-3.427394755741451933e+30,3.649720737239762747e+32,2.411092638656975235e+22,1.388091147038153173e+27,0.000000000000000000e+00,1.763592431139495223e+38,2.775462557540880320e+35,1.000000000000000000e+04,1.499351002837219653e+02,1.356865995582721953e+05
2.055000000000000000e+02,2.089311660998506959e+00,8.956258954858794844e+20,-1.149719450969026191e+01,3.841513417779369397e-11,0.000000000000000000e+00,3.493094573912727088e+07,2.452417822951637208e+04,3.493094573912727088e+07,0.000000000000000000e+00,0.000000000000000000e+00,2.223854129098098576e+08,-3.737508332875765888e+32,-3.448719818466651165e+30,3.872268848559176163e+32,2.507700147294858274e+22,1.396477967716558466e+27,0.000000000000000000e+00,1.758684529429603318e+38,2.755310232555684518e+35,1.000000000000000000e+04,1.519442556914072497e+02,1.359507161332066753e+05
2.060000000000000000e+02,2.045727843136459612e+00,8.775114329514108518e+20,-1.145762828572468806e+01,4.250472117763833551e-11,0.000000000000000000e+00,3.499898723342260718e+07,2.452417822951637208e+04,3.499898723342260718e+07,0.000000000000000000e+00,0.000000000000000000e+00,2.228182903919218779e+08,-3.827050460377462298e+32,-3.498030670735321552e+30,4.112942165791199899e+32,2.610126203053273199e+22,1.405228187072158053e+27,0.000000000000000000e+00,1.753803911901934212e+38,2.735355052662304935e+35,1.000000000000000000e+04,1.540117477046425165e+02,1.362153468161325145e+05
2.065000000000000000e+02,2.002409807405861830e+00,8.594871830340047995e+20,-1.138228698885386336e+01,4.710528011160605995e-11,0.000000000000000000e+00,3.506716117179485410e+07,2.452417822951637208e+04,3.506716117179485410e+07,0.000000000000000000e+00,0.000000000000000000e+00,2.232520104783759415e+08,-3.919996927642362677e+32,-3.578290763728165802e+30,4.372786405121040238e+32,2.718502791305238675e+22,1.414300924817175354e+27,0.000000000000000000e+00,1.748950283037686172e+38,2.715594139407641589e+35,1.000000000000000000e+04,1.561340645311237552e+02,1.364804926077708369e+05
2.070000000000000000e+02,1.959494826133902246e+00,8.416123034274820260e+20,-1.126770385485582437e+01,5.227231816707311094e-11,0.000000000000000000e+00,3.513546781204892695e+07,2.452417822951637208e+04,3.513546781204892695e+07,0.000000000000000000e+00,0.000000000000000000e+00,2.236865748093176186e+08,-4.016254394666453519e+32,-3.692667338186369986e+30,4.652707771416966494e+32,2.832886878573810837e+22,1.423644664326316771e+27,0.000000000000000000e+00,1.744123243360416284e+38,2.696024279807150449e+35,1.000000000000000000e+04,1.583064130518515640e+02,1.367461545107906568e+05
2.075000000000000000e+02,1.917132887342121172e+00,8.239515700063366021e+20,-1.111023066181591901e+01,5.806163166641403671e-11,0.000000000000000000e+00,3.520390741249162704e+07,2.452417822951637208e+04,3.520390741249162704e+07,0.000000000000000000e+00,0.000000000000000000e+00,2.241219850280849338e+08,-4.115662568149585977e+32,-3.844508245427911902e+30,4.953389413014620575e+32,2.953164481358491917e+22,1.433104257896867891e+27,0.000000000000000000e+00,1.739280832069436249e+38,2.676471199680059085e+35,1.000000000000000000e+04,1.605224999605920004e+02,1.370123335298126331e+05
2.080000000000000000e+02,1.875487238880370944e+00,8.065756288032454738e+20,-1.090608460486148701e+01,6.452644107739432968e-11,0.000000000000000000e+00,3.527248023193249851e+07,2.452417822951637208e+04,3.527248023193249851e+07,0.000000000000000000e+00,0.000000000000000000e+00,2.245582427812148929e+08,-4.217979911468234036e+32,-4.037303041716132679e+30,5.275185879270035248e+32,3.079217117097140788e+22,1.442681808526173031e+27,0.000000000000000000e+00,1.734459356573437842e+38,2.657084834756959269e+35,1.000000000000000000e+04,1.627743005539029184e+02,1.372790306714130857e+05
2.085000000000000000e+02,1.834734718789754693e+00,7.895611569374011064e+20,-1.065141762534183201e+01,7.171332195100682455e-11,0.000000000000000000e+00,3.534118652968488634e+07,2.452417822951637208e+04,3.534118652968488634e+07,0.000000000000000000e+00,0.000000000000000000e+00,2.249953497184493542e+08,-4.322868079510276439e+32,-4.274624157984365828e+30,5.617993781360030634e+32,3.210715423401910364e+22,1.452298953917118126e+27,0.000000000000000000e+00,1.729664663017388212e+38,2.637888283302680879e+35,1.000000000000000000e+04,1.650518241813213081e+02,1.375462469441275171e+05
2.090000000000000000e+02,1.795065781740563970e+00,7.729908932561439293e+20,-1.034241302632703707e+01,7.965670757252590559e-11,0.000000000000000000e+00,3.541002656556688994e+07,2.452417822951637208e+04,3.541002656556688994e+07,0.000000000000000000e+00,0.000000000000000000e+00,2.254333074927416146e+08,-4.429875628456493510e+32,-4.560043680809917155e+30,5.981098722063709800e+32,3.347118502010864167e+22,1.461849691658736331e+27,0.000000000000000000e+00,1.724897609961494583e+38,2.618883375017735815e+35,1.000000000000000000e+04,1.673428899009092561e+02,1.378139833584546868e+05
2.095000000000000000e+02,1.756684114442599975e+00,7.569534919467490345e+20,-9.975413952786022165e+00,8.837181601823787432e-11,0.000000000000000000e+00,3.547900059990234673e+07,2.452417822951637208e+04,3.547900059990234673e+07,0.000000000000000000e+00,0.000000000000000000e+00,2.258721177602622807e+08,-4.538421901889628137e+32,-4.897021433679372287e+30,6.363001671602896148e+32,3.487701324373760043e+22,1.471275409352189497e+27,0.000000000000000000e+00,1.720188689476963253e+38,2.600186579586241123e+35,1.000000000000000000e+04,1.696329312778916858e+02,1.380822409268601914e+05
2.100000000000000000e+02,1.719805718318670351e+00,7.415431458362450248e+20,-9.547087292361769784e+00,9.784601952750231714e-11,0.000000000000000000e+00,3.554810889352182299e+07,2.452417822951637208e+04,3.554810889352182299e+07,0.000000000000000000e+00,0.000000000000000000e+00,2.263117821804058552e+08,-4.647782426239865494e+32,-5.288760874317790719e+30,6.761232601580894631e+32,3.631330324639556777e+22,1.480361402358659943e+27,0.000000000000000000e+00,1.715504840625128762e+38,2.581667533828071473e+35,1.000000000000000000e+04,1.719048551861228873e+02,1.383510206637804804e+05
2.105000000000000000e+02,1.684657328848708335e+00,7.268589219900338995e+20,-9.054624436544132848e+00,1.080289571391583777e-10,0.000000000000000000e+00,3.561735170776360482e+07,2.452417822951637208e+04,3.561735170776360482e+07,0.000000000000000000e+00,0.000000000000000000e+00,2.267523024157967865e+08,-4.757077634365486014e+32,-5.738031120891485687e+30,7.172165441695925291e+32,3.776611708956261640e+22,1.488945342567147183e+27,0.000000000000000000e+00,1.710845782354624533e+38,2.563323677444117672e+35,1.000000000000000000e+04,1.741389852571938093e+02,1.386203235856265819e+05
2.110000000000000000e+02,1.651474042376466667e+00,7.130037525228446024e+20,-8.495976823446579118e+00,1.188221093465528808e-10,0.000000000000000000e+00,3.568672930447465926e+07,2.452417822951637208e+04,3.568672930447465926e+07,0.000000000000000000e+00,0.000000000000000000e+00,2.271936801322959661e+08,-4.865267217398374525e+32,-6.246956476222066532e+30,7.590856000230424625e+32,3.921789229664489701e+22,1.496832396559331876e+27,0.000000000000000000e+00,1.706204544541897360e+38,2.545125684392408499e+35,1.000000000000000000e+04,1.763131251750654656e+02,1.388901507107880607e+05
2.115000000000000000e+02,1.620496038280990536e+00,7.000830306347312742e+20,-7.870119073893588890e+00,1.300690907492577442e-10,0.000000000000000000e+00,3.575624194601166248e+07,2.452417822951637208e+04,3.575624194601166248e+07,0.000000000000000000e+00,0.000000000000000000e+00,2.276359169990068078e+08,-4.971152781731734042e+32,-6.816779324192536806e+30,8.010932457669859654e+32,4.064699739739554998e+22,1.503764944440828426e+27,0.000000000000000000e+00,1.701553947016536459e+38,2.526963940884481646e+35,1.000000000000000000e+04,1.784027787869245856e+02,1.391605030596367142e+05
2.120000000000000000e+02,1.591964322904780627e+00,6.882027782685968302e+20,-7.177325919696849077e+00,1.415485008621696337e-10,0.000000000000000000e+00,3.582588989524195343e+07,2.452417822951637208e+04,3.582588989524195343e+07,0.000000000000000000e+00,0.000000000000000000e+00,2.280790146882818043e+08,-5.073391616851020781e+32,-7.447608177021769761e+30,8.424574616773335155e+32,4.202982271308049416e+22,1.509620375192962266e+27,0.000000000000000000e+00,1.696928288687688651e+38,2.508974865082081738e+35,1.000000000000000000e+04,1.803815611007224504e+02,1.394313816545305890e+05
2.125000000000000000e+02,1.566115486019594716e+00,6.774673794693315953e+20,-6.419441552481815805e+00,1.529716539929738256e-10,0.000000000000000000e+00,3.589567341554458439e+07,2.452417822951637208e+04,3.589567341554458439e+07,0.000000000000000000e+00,0.000000000000000000e+00,2.285229748757285178e+08,-5.170524087615480986e+32,-8.138169502203663864e+30,8.822620596264200904e+32,4.333906743275125368e+22,1.514190859300099844e+27,0.000000000000000000e+00,1.692327310794647272e+38,2.491156041407982252e+35,1.000000000000000000e+04,1.822218247453274955e+02,1.397027875198176771e+05
2.130000000000000000e+02,1.543175552310414922e+00,6.679769131919275459e+20,-5.600112649756047389e+00,1.639876587302331312e-10,0.000000000000000000e+00,3.596559277081122249e+07,2.452417822951637208e+04,3.596559277081122249e+07,0.000000000000000000e+00,0.000000000000000000e+00,2.289677992402162850e+08,-5.261016285733889500e+32,-8.885588751034138909e+30,9.194834877739849897e+32,4.454535752900397970e+22,1.517271247775717341e+27,0.000000000000000000e+00,1.687750757397523629e+38,2.473505086125828858e+35,1.000000000000000000e+04,1.838955089984682445e+02,1.399747216818399902e+05
2.135000000000000000e+02,1.523353125382170159e+00,6.598241693075185336e+20,-4.724950951445980429e+00,1.741978752433620143e-10,0.000000000000000000e+00,3.603564822544725984e+07,2.452417822951637208e+04,3.603564822544725984e+07,0.000000000000000000e+00,0.000000000000000000e+00,2.294134894638823271e+08,-5.343318013370525989e+32,-9.685231163290753501e+30,9.530356726425043010e+32,4.561849746311959754e+22,1.518667673269387054e+27,0.000000000000000000e+00,1.683198374883710589e+38,2.456019639766655969e+35,1.000000000000000000e+04,1.853751929678488466e+02,1.402471851689372270e+05
2.140000000000000000e+02,1.506832148813095129e+00,6.530914870481430774e+20,-3.801590060559874029e+00,1.831805514519835026e-10,0.000000000000000000e+00,3.610584004437271506e+07,2.452417822951637208e+04,3.610584004437271506e+07,0.000000000000000000e+00,0.000000000000000000e+00,2.298600472321381867e+08,-5.415933979148611721e+32,-1.053063445764335679e+31,9.818322016724439841e+32,4.652907824936958663e+22,1.518207055436263774e+27,0.000000000000000000e+00,1.678669912407409853e+38,2.438697382995224259e+35,1.000000000000000000e+04,1.866353029596337763e+02,1.405201790114508767e+05
2.145000000000000000e+02,1.493764728608050651e+00,6.478476078271795036e+20,-2.839606173177909643e+00,1.905244445178456027e-10,0.000000000000000000e+00,3.617616849302332103e+07,2.452417822951637208e+04,3.617616849302332103e+07,0.000000000000000000e+00,0.000000000000000000e+00,2.303074742336761057e+08,-5.477503530555945346e+32,-1.141356154734729889e+31,1.004861685039955562e+33,4.725032939028954795e+22,1.515746950127702702e+27,0.000000000000000000e+00,1.674165120423500932e+38,2.421536330237070005e+35,1.000000000000000000e+04,1.876533910355581725e+02,1.407937042417279154e+05
2.150000000000000000e+02,1.484264549038229797e+00,6.441447734013229793e+20,-1.850284787742483283e+00,1.958678206157346879e-10,0.000000000000000000e+00,3.624663383735144883e+07,2.452417822951637208e+04,3.624663383735144883e+07,0.000000000000000000e+00,0.000000000000000000e+00,2.307557721604752839e+08,-5.526881822279289427e+32,-1.232419087646969161e+31,1.021268483223865377e+33,4.776012364004529380e+22,1.511191889271499028e+27,0.000000000000000000e+00,1.669686973497927131e+38,2.404546611748325808e+35,1.000000000000000000e+04,1.884113740115697340e+02,1.410677618941248220e+05
2.155000000000000000e+02,1.478401443580714680e+00,6.420163144472387912e+20,-8.462343862982821818e-01,1.989370771504417931e-10,0.000000000000000000e+00,3.631723634382718056e+07,2.452417822951637208e+04,3.631723634382718056e+07,0.000000000000000000e+00,0.000000000000000000e+00,2.312049427078086138e+08,-5.563213670098275127e+32,-1.325144536311541334e+31,1.030428175346671721e+33,4.804300119430363978e+22,1.504522991950629237e+27,0.000000000000000000e+00,1.665251386580789245e+38,2.387785848883517440e+35,1.000000000000000000e+04,1.888966073256917753e+02,1.413423530050115660e+05
2.160000000000000000e+02,1.476197635565221988e+00,6.414749554246160220e+20,1.591293112765858331e-01,1.995781782254791136e-10,0.000000000000000000e+00,3.638797627943927050e+07,2.452417822951637208e+04,3.638797627943927050e+07,0.000000000000000000e+00,0.000000000000000000e+00,2.316549875742486715e+08,-5.585991072769024061e+32,-1.418344076306908020e+31,1.032006252523711147e+33,4.808936070207667123e+22,1.495628632166657502e+27,0.000000000000000000e+00,1.660813461730652248e+38,2.371083273434334863e+35,1.000000000000000000e+04,1.891026725699845485e+02,1.416174786127753032e+05
2.165000000000000000e+02,1.477626034634832219e+00,6.425120068876719882e+20,1.152183412627256542e+00,1.977747602988756716e-10,0.000000000000000000e+00,3.645885391169615835e+07,2.452417822951637208e+04,3.645885391169615835e+07,0.000000000000000000e+00,0.000000000000000000e+00,2.321059084616744816e+08,-5.595086838388816974e+32,-1.510801472602157166e+31,1.025990233457453189e+33,4.789971882799170113e+22,1.484599457381520420e+27,0.000000000000000000e+00,1.656390726166384265e+38,2.354505794140934258e+35,1.000000000000000000e+04,1.890297834821261631e+02,1.418931397578245087e+05
2.170000000000000000e+02,1.482610779497282705e+00,6.450975321660694200e+20,2.119722044142945183e+00,1.936492100054646340e-10,0.000000000000000000e+00,3.652986950862703472e+07,2.452417822951637208e+04,3.652986950862703472e+07,0.000000000000000000e+00,0.000000000000000000e+00,2.325577070752775967e+08,-5.590759809030393824e+32,-1.601328368673088649e+31,1.012689610938424266e+33,4.748260935354495795e+22,1.471551888262803075e+27,0.000000000000000000e+00,1.651990512241251948e+38,2.338080500368653338e+35,1.000000000000000000e+04,1.886847598221223734e+02,1.421693374825927312e+05
2.175000000000000000e+02,1.491029986419688536e+00,6.491814751909121884e+20,3.049539885943675088e+00,1.874465988888561266e-10,0.000000000000000000e+00,3.660102333878277242e+07,2.452417822951637208e+04,3.660102333878277242e+07,0.000000000000000000e+00,0.000000000000000000e+00,2.330103851235690713e+08,-5.573631230761984974e+32,-1.688816978374898592e+31,9.927037575188314535e+32,4.685390371564456142e+22,1.456629298114701807e+27,0.000000000000000000e+00,1.647612587884020195e+38,2.321805327720681986e+35,1.000000000000000000e+04,1.880805735359892026e+02,1.424460728315428423e+05
2.180000000000000000e+02,1.502720438109272250e+00,6.546956382174884659e+20,3.930917484601071266e+00,1.795049560964301230e-10,0.000000000000000000e+00,3.667231567123700678e+07,2.452417822951637208e+04,3.667231567123700678e+07,0.000000000000000000e+00,0.000000000000000000e+00,2.334639443183852434e+08,-5.544635935933650913e+32,-1.772284558472166685e+31,9.668635833204442238e+32,4.603568111784272121e+22,1.440012470432514866e+27,0.000000000000000000e+00,1.643256725446927837e+38,2.305678245634130853e+35,1.000000000000000000e+04,1.872355255461431796e+02,1.427233468511704996e+05
2.185000000000000000e+02,1.517483769075340660e+00,6.615563197692383068e+20,4.754967818389328471e+00,1.702178468562994044e-10,0.000000000000000000e+00,3.674374677558713406e+07,2.452417822951637208e+04,3.674374677558713406e+07,0.000000000000000000e+00,0.000000000000000000e+00,2.339183863748949468e+08,-5.504955247169948461e+32,-1.850905894186239939e+31,9.361568119908898648e+32,4.505448330048422963e+22,1.421909907562121058e+27,0.000000000000000000e+00,1.638922697670134385e+38,2.289697242802044706e+35,1.000000000000000000e+04,1.861721533633583761e+02,1.430011605900086579e+05
2.190000000000000000e+02,1.535093598920069358e+00,6.696673764821351793e+20,5.514825952032206047e+00,1.599959602920791391e-10,0.000000000000000000e+00,3.681531692195530981e+07,2.452417822951637208e+04,3.681531692195530981e+07,0.000000000000000000e+00,0.000000000000000000e+00,2.343737130116053522e+08,-5.455940232254333864e+32,-1.924031991174626880e+31,9.016482956952678283e+32,4.393941533652305314e+22,1.402547430618350833e+27,0.000000000000000000e+00,1.634610282873866217e+38,2.273860345788428027e+35,1.000000000000000000e+04,1.849159920772825103e+02,1.432795150986310618e+05
2.195000000000000000e+02,1.555303043287942000e+00,6.789234618148059873e+20,6.205685930559283747e+00,1.492334460791596306e-10,0.000000000000000000e+00,3.688702638098949194e+07,2.452417822951637208e+04,3.688702638098949194e+07,0.000000000000000000e+00,0.000000000000000000e+00,2.348299259503688216e+08,-5.399033965510968006e+32,-1.991195158795878407e+31,8.644057871919328783e+32,4.272032063417177499e+22,1.382157998099082992e+27,0.000000000000000000e+00,1.630319259838141596e+38,2.258165600045627089e+35,1.000000000000000000e+04,1.834943121913251503e+02,1.435584114296565240e+05
2.200000000000000000e+02,1.577852084111687869e+00,6.892132159769550520e+20,6.824706837551725691e+00,1.382826817502443139e-10,0.000000000000000000e+00,3.695887542386446893e+07,2.452417822951637208e+04,3.695887542386446893e+07,0.000000000000000000e+00,0.000000000000000000e+00,2.352870269163893759e+08,-5.335700069968286483e+32,-2.052102284889010584e+31,8.254387458130112507e+32,4.142620712629262352e+22,1.360972575003930799e+27,0.000000000000000000e+00,1.626049410920126066e+38,2.242611080792549433e+35,1.000000000000000000e+04,1.819349404921451310e+02,1.438378506377527956e+05
2.205000000000000000e+02,1.602474384309722222e+00,7.004222255022207140e+20,7.370820701681656928e+00,1.274388101905256991e-10,0.000000000000000000e+00,3.703086432228286564e+07,2.452417822951637208e+04,3.703086432228286564e+07,0.000000000000000000e+00,0.000000000000000000e+00,2.357450176382291019e+08,-5.267362592867855553e+32,-2.106619108740398709e+31,7.856541503485940041e+32,4.008402969366231201e+22,1.339212553829318353e+27,0.000000000000000000e+00,1.621800519577206644e+38,2.227194884224832754e+35,1.000000000000000000e+04,1.802652413314447699e+02,1.441178337796404376e+05
2.210000000000000000e+02,1.628903260460509372e+00,7.124356260958679859e+20,7.844478402987313359e+00,1.169334278874830594e-10,0.000000000000000000e+00,3.710299334847618639e+07,2.452417822951637208e+04,3.710299334847618639e+07,0.000000000000000000e+00,0.000000000000000000e+00,2.362038998478148580e+08,-5.195359826993467597e+32,-2.154748659361616052e+31,7.458299214619902411e+32,3.871786406644406236e+22,1.317084012809899070e+27,0.000000000000000000e+00,1.617572374597782436e+38,2.211915140255707394e+35,1.000000000000000000e+04,1.785113029006783734e+02,1.443983619140971568e+05
2.215000000000000000e+02,1.656876655876921234e+00,7.251402781476508140e+20,8.247367291440438564e+00,1.069355739514458668e-10,0.000000000000000000e+00,3.717526277520585060e+07,2.452417822951637208e+04,3.717526277520585060e+07,0.000000000000000000e+00,0.000000000000000000e+00,2.366636752804446816e+08,-5.120912527470712624e+32,-2.196606854141544410e+31,7.066040566540489368e+32,3.734844934802772695e+22,1.294773729855145492e+27,0.000000000000000000e+00,1.613364723770134060e+38,2.196769873100273854e+35,1.000000000000000000e+04,1.766973426667090337e+02,1.446794361019613862e+05
2.220000000000000000e+02,1.686141068455930370e+00,7.384264929663881052e+20,8.582128060493142030e+00,9.755769362963056289e-11,0.000000000000000000e+00,3.724767287576419115e+07,2.452417822951637208e+04,3.724767287576419115e+07,0.000000000000000000e+00,0.000000000000000000e+00,2.371243456747943759e+08,-5.045105371776914779e+32,-2.232397736642190600e+31,6.684761669641863166e+32,3.599304583197957187e+22,1.272447341034977365e+27,0.000000000000000000e+00,1.609177364648910794e+38,2.181757632013141730e+35,1.000000000000000000e+04,1.748453221600291556e+02,1.449610574061366206e+05
2.225000000000000000e+02,1.716454473369523281e+00,7.521893252355727032e+20,8.852090693952415990e+00,8.886435003582570396e-11,0.000000000000000000e+00,3.732022392397552729e+07,2.452417822951637208e+04,3.732022392397552729e+07,0.000000000000000000e+00,0.000000000000000000e+00,2.375859127729241252e+08,-4.968879546428693459e+32,-2.262390164297664567e+31,6.318176652791689305e+32,3.466513828827246677e+22,1.250210429758142214e+27,0.000000000000000000e+00,1.604992098890296466e+38,2.166811443957790777e+35,1.000000000000000000e+04,1.729747453566296258e+02,1.452432268915952591e+05
2.230000000000000000e+02,1.747588337892705068e+00,7.663294723708042609e+20,9.061041714411631531e+00,8.088188793658979519e-11,0.000000000000000000e+00,3.739291619419716299e+07,2.452417822951637208e+04,3.739291619419716299e+07,0.000000000000000000e+00,0.000000000000000000e+00,2.380483783202850819e+08,-4.893033946209303462e+32,-2.286897089030609788e+31,5.968871109302165208e+32,3.337584578110829887e+22,1.228219594358497690e+27,0.000000000000000000e+00,1.600824872722531786e+38,2.151989256152223309e+35,1.000000000000000000e+04,1.711026066249334292e+02,1.455259456253826793e+05
2.235000000000000000e+02,1.779328857148182008e+00,7.807538354907684536e+20,9.213028535625376492e+00,7.360779613718633985e-11,0.000000000000000000e+00,3.746574996132047474e+07,2.452417822951637208e+04,3.746574996132047474e+07,0.000000000000000000e+00,0.000000000000000000e+00,2.385117440657260120e+08,-4.818232495457925976e+32,-2.306258001075235066e+31,5.638478538080163850e+32,3.213318630827351448e+22,1.206581217898966137e+27,0.000000000000000000e+00,1.596678180788042141e+38,2.137299520547925637e+35,1.000000000000000000e+04,1.692434521287085829e+02,1.458092146766213991e+05
2.240000000000000000e+02,1.811477550571124917e+00,7.953758018422339011e+20,9.312201894400685021e+00,6.701902434210623380e-11,0.000000000000000000e+00,3.753872550077188015e+07,2.452417822951637208e+04,3.753872550077188015e+07,0.000000000000000000e+00,0.000000000000000000e+00,2.389760117614997327e+08,-4.745015386286198472e+32,-2.320824670575972290e+31,5.327858882524140279e+32,3.094272926983954996e+22,1.185376656930141404e+27,0.000000000000000000e+00,1.592551822282736602e+38,2.122740570469416142e+35,1.000000000000000000e+04,1.674095207773435448e+02,1.460930351165148604e+05
2.245000000000000000e+02,1.843851355447514662e+00,8.101153073181981409e+20,9.362694116262911592e+00,6.107891368318482736e-11,0.000000000000000000e+00,3.761184308851396292e+07,2.452417822951637208e+04,3.761184308851396292e+07,0.000000000000000000e+00,0.000000000000000000e+00,2.394411831632699072e+08,-4.673812438753797260e+32,-2.330950026177599651e+31,5.037265536462199422e+32,2.980805201012159676e+22,1.164670069809676236e+27,0.000000000000000000e+00,1.588445595730984082e+38,2.108310673847271558e+35,1.000000000000000000e+04,1.656109354842491825e+02,1.463774080183516780e+05
2.250000000000000000e+02,1.876282341437342405e+00,8.248987325456137585e+20,9.368529118936004707e+00,5.574267924860066900e-11,0.000000000000000000e+00,3.768510300104644895e+07,2.452417822951637208e+04,3.768510300104644895e+07,0.000000000000000000e+00,0.000000000000000000e+00,2.399072600301176608e+08,-4.604957224035546279e+32,-2.336979835982500549e+31,4.766493177230193359e+32,2.873111396526512826e+22,1.144510561755581321e+27,0.000000000000000000e+00,1.584359304078912260e+38,2.094008150759474182e+35,1.000000000000000000e+04,1.638559211869458068e+02,1.466623344575096853e+05
2.255000000000000000e+02,1.908617152955632390e+00,8.396586788034575073e+20,9.333559248613992665e+00,5.096155120490774150e-11,0.000000000000000000e+00,3.775850551540727168e+07,2.452417822951637208e+04,3.775850551540727168e+07,0.000000000000000000e+00,0.000000000000000000e+00,2.403742441245480776e+08,-4.538700992576081713e+32,-2.339246775789834078e+31,4.515003230988519114e+32,2.771259357449541596e+22,1.124934226820717282e+27,0.000000000000000000e+00,1.580292750237457172e+38,2.079831335067098044e+35,1.000000000000000000e+04,1.621510317979858371e+02,1.469478155114598339e+05
2.260000000000000000e+02,1.940716267814174945e+00,8.543336621430131917e+20,9.261423948586928745e+00,4.668576468285940596e-11,0.000000000000000000e+00,3.783205090917363018e+07,2.452417822951637208e+04,3.783205090917363018e+07,0.000000000000000000e+00,0.000000000000000000e+00,2.408421372124972641e+08,-4.475225785112785889e+32,-2.338066453914191627e+31,4.282026768642764302e+32,2.675218148526037297e+22,1.105966120157840871e+27,0.000000000000000000e+00,1.576245742900829681e+38,2.065778594932400608e+35,1.000000000000000000e+04,1.605013733999370231e+02,1.472338522597706178e+05
2.265000000000000000e+02,1.972453142676155569e+00,8.688677564194471281e+20,9.155525601135430236e+00,4.286661493320976724e-11,0.000000000000000000e+00,3.790573946046303213e+07,2.452417822951637208e+04,3.790573946046303213e+07,0.000000000000000000e+00,0.000000000000000000e+00,2.413109410633384585e+08,-4.414656366557484669e+32,-2.333734986646514826e+31,4.066646437232728640e+32,2.584882829370350528e+22,1.087622049094491048e+27,0.000000000000000000e+00,1.572218089596516352e+38,2.051848307979269155e+35,1.000000000000000000e+04,1.589108152903126268e+02,1.475204457841116819e+05
2.270000000000000000e+02,2.003713299809672943e+00,8.832102090222547763e+20,9.019018452747207704e+00,3.945778632759628036e-11,0.000000000000000000e+00,3.797957144793435931e+07,2.452417822951637208e+04,3.797957144793435931e+07,0.000000000000000000e+00,0.000000000000000000e+00,2.417806574498891830e+08,-4.357070815124625881e+32,-2.326527764893836278e+31,3.867859959533871502e+32,2.500094940435075354e+22,1.069910202632266977e+27,0.000000000000000000e+00,1.568209601612484439e+38,2.038038878509315408e+35,1.000000000000000000e+04,1.573821838575584877e+02,1.478075971682583040e+05
2.275000000000000000e+02,2.034393395872493127e+00,8.973150471497836134e+20,8.854807185508045464e+00,3.641613837712366327e-11,0.000000000000000000e+00,3.805354715078889579e+07,2.452417822951637208e+04,3.805354715078889579e+07,0.000000000000000000e+00,0.000000000000000000e+00,2.422512881484177113e+08,-4.302509732102867559e+32,-2.316699107685349534e+31,3.684628065281254216e+32,2.420659077602910352e+22,1.052832574600537830e+27,0.000000000000000000e+00,1.564220092375154210e+38,2.024348731637387012e+35,1.000000000000000000e+04,1.559174367880115426e+02,1.480953074980953243e+05
2.280000000000000000e+02,2.064400302128269082e+00,9.111406875644040315e+20,8.665552343683918579e+00,3.370210008581823195e-11,0.000000000000000000e+00,3.812766684877139330e+07,2.452417822951637208e+04,3.812766684877139330e+07,0.000000000000000000e+00,0.000000000000000000e+00,2.427228349386499226e+08,-4.250984123595749057e+32,-2.304482553779286115e+31,3.515909676518269423e+32,2.346356065525098663e+22,1.036386196833468926e+27,0.000000000000000000e+00,1.560249376037191307e+38,2.010776308130970233e+35,1.000000000000000000e+04,1.545178168897244859e+02,1.483835778616213065e+05
2.285000000000000000e+02,2.093650216444692624e+00,9.246495588353285816e+20,8.453680413550367589e+00,3.127979213627132737e-11,0.000000000000000000e+00,3.820193082217114419e+07,2.452417822951637208e+04,3.820193082217114419e+07,0.000000000000000000e+00,0.000000000000000000e+00,2.431952996037759185e+08,-4.202482056227820093e+32,-2.290091593815979772e+31,3.360686922308167688e+32,2.276953251368514512e+22,1.020564199899160805e+27,0.000000000000000000e+00,1.556297270676714157e+38,1.997320072369316236e+35,1.000000000000000000e+04,1.531839860156371742e+02,1.486724093489525549e+05
2.290000000000000000e+02,2.122067820390123316e+00,9.378077420142451753e+20,8.221396863217186990e+00,2.911696794232470227e-11,0.000000000000000000e+00,3.827633935182300955e+07,2.452417822951637208e+04,3.827633935182300955e+07,0.000000000000000000e+00,0.000000000000000000e+00,2.436686839304568470e+08,-4.156974214382175145e+32,-2.273720690063802117e+31,3.217982216578826211e+32,2.212212394334157485e+22,1.005356696465570084e+27,0.000000000000000000e+00,1.552363596283987819e+38,1.983978493511148993e+35,1.000000000000000000e+04,1.519161403139874551e+02,1.489618030523273628e+05
2.295000000000000000e+02,2.149585489413823769e+00,9.505846333619753452e+20,7.970700872027389750e+00,2.718484080661045220e-11,0.000000000000000000e+00,3.835089271910852194e+07,2.452417822951637208e+04,3.835089271910852194e+07,0.000000000000000000e+00,0.000000000000000000e+00,2.441429897088315487e+08,-4.114418495114831241e+32,-2.255546468140027398e+31,3.086869267858104416e+32,2.151895707618227572e+22,9.907517748378542796e+26,0.000000000000000000e+00,1.548448248157229480e+38,1.970750534929487558e+35,1.000000000000000000e+04,1.507141084486018485e+02,1.492517600661100587e+05
2.300000000000000000e+02,2.176142560153817129e+00,9.629526310189469532e+20,7.703400819977851199e+00,2.545784543478326019e-11,0.000000000000000000e+00,3.842559120595692098e+07,2.452417822951637208e+04,3.842559120595692098e+07,0.000000000000000000e+00,0.000000000000000000e+00,2.446182187325235307e+08,-4.074763774617383521e+32,-2.235728995376419428e+31,2.966479541839755894e+32,2.095769826852838834e+22,9.767355911572028836e+26,0.000000000000000000e+00,1.544550907582984892e+38,1.957634615438211937e+35,1.000000000000000000e+04,1.495774346141474780e+02,1.495422814867951965e+05
2.305000000000000000e+02,2.201684656080235225e+00,9.748868462660118118e+20,7.421129875847266355e+00,2.391336743754947297e-11,0.000000000000000000e+00,3.850043509484622627e+07,2.452417822951637208e+04,3.850043509484622627e+07,0.000000000000000000e+00,0.000000000000000000e+00,2.450943727986475229e+08,-4.037952971408997991e+32,-2.214413084476671038e+31,2.856005387666067311e+32,2.043609386675992317e+22,9.632933033353634179e+26,0.000000000000000000e+00,1.540671349783016024e+38,1.944629444144854731e+35,1.000000000000000000e+04,1.485054481980457410e+02,1.498333684130116599e+05
2.310000000000000000e+02,2.226163070704853642e+00,9.863648391491578757e+20,7.125361229514290073e+00,2.253146351115363250e-11,0.000000000000000000e+00,3.857542466880429536e+07,2.452417822951637208e+04,3.857542466880429536e+07,0.000000000000000000e+00,0.000000000000000000e+00,2.455714537078163624e+08,-4.003925519408341665e+32,-2.191729579710149227e+31,2.754700774328508246e+32,1.995199373576317488e+22,9.504097462009922635e+26,0.000000000000000000e+00,1.536809600481785271e+38,1.931734558370618267e+35,1.000000000000000000e+04,1.474973218686324401e+02,1.501250219455267943e+05
2.315000000000000000e+02,2.249534206264700575e+00,9.973663776537056379e+20,6.817422670197277768e+00,2.129458700206346982e-11,0.000000000000000000e+00,3.865056021140993387e+07,2.452417822951637208e+04,3.865056021140993387e+07,0.000000000000000000e+00,0.000000000000000000e+00,2.460494632641479373e+08,-3.972619350708880120e+32,-2.167796597027126488e+31,2.661880364973748986e+32,1.950335821142260974e+22,9.380688779906916413e+26,0.000000000000000000e+00,1.532965391993233223e+38,1.918948529752730638e+35,1.000000000000000000e+04,1.465521197394332376e+02,1.504172431872507441e+05
2.320000000000000000e+02,2.271759064953777774e+00,1.007873219239130431e+21,6.498510328323281016e+00,2.018732786789556519e-11,0.000000000000000000e+00,3.872584200679391623e+07,2.452417822951637208e+04,3.872584200679391623e+07,0.000000000000000000e+00,0.000000000000000000e+00,2.465284032752718031e+08,-3.943972474547510926e+32,-2.142720700050656795e+31,2.576917480469670374e+32,1.908827194265364857e+22,9.262545678741176239e+26,0.000000000000000000e+00,1.529138555724682226e+38,1.906269996819500436e+35,1.000000000000000000e+04,1.456688371007303431e+02,1.507100332432403520e+05
2.325000000000000000e+02,2.292802789301759514e+00,1.017868913328249635e+21,6.169701483144271137e+00,1.919617208113082053e-11,0.000000000000000000e+00,3.880127033964008093e+07,2.452417822951637208e+04,3.880127033964008093e+07,0.000000000000000000e+00,0.000000000000000000e+00,2.470082755523360372e+08,-3.917924226377637116e+32,-2.116598001655994675e+31,2.499241363873180237e+32,1.870494689048747259e+22,9.149507838456847731e+26,0.000000000000000000e+00,1.525328924940797819e+38,1.893697612563047155e+35,1.000000000000000000e+04,1.448464330410578498e+02,1.510033932207034959e+05
2.330000000000000000e+02,2.312634248080918997e+00,1.027338623240282571e+21,5.831966398358030546e+00,1.830928283105941921e-11,0.000000000000000000e+00,3.887684549518641829e+07,2.452417822951637208e+04,3.887684549518641829e+07,0.000000000000000000e+00,0.000000000000000000e+00,2.474890819100142121e+08,-3.894416249535117739e+32,-2.089515186428685895e+31,2.428334048537499874e+32,1.835172354730631994e+22,9.041417626187218716e+26,0.000000000000000000e+00,1.521536334698569115e+38,1.881230047716876249e+35,1.000000000000000000e+04,1.440838571151255110e+02,1.512973242290033086e+05
2.335000000000000000e+02,2.331225664085571303e+00,1.036268966032775053e+21,5.486179189754775365e+00,1.751630410955499624e-11,0.000000000000000000e+00,3.895256775922612846e+07,2.452417822951637208e+04,3.895256775922612846e+07,0.000000000000000000e+00,0.000000000000000000e+00,2.479708241665123105e+08,-3.873393261886124665e+32,-2.061550453216630689e+31,2.363727048863978681e+32,1.802706994313399632e+22,8.938121400122989640e+26,0.000000000000000000e+00,1.517760621834190446e+38,1.868865989999995753e+35,1.000000000000000000e+04,1.433800710582399063e+02,1.515918273796623107e+05
2.340000000000000000e+02,2.348552280214217802e+00,1.044647868747394974e+21,5.133127756969023459e+00,1.680818615019036089e-11,0.000000000000000000e+00,3.902843741810873896e+07,2.452417822951637208e+04,3.902843741810873896e+07,0.000000000000000000e+00,0.000000000000000000e+00,2.484535041435752809e+08,-3.854803651090137260e+32,-2.032774379673328862e+31,2.304998029128324947e+32,1.772957912535450360e+22,8.839470509109546626e+26,0.000000000000000000e+00,1.514001624942822435e+38,1.856604143704765845e+35,1.000000000000000000e+04,1.427340664045109691e+02,1.518869037863665726e+05
2.345000000000000000e+02,2.364592060450755540e+00,1.052464439620546068e+21,4.773522829406203982e+00,1.617703152948633750e-11,0.000000000000000000e+00,3.910445475874113292e+07,2.452417822951637208e+04,3.910445475874113292e+07,0.000000000000000000e+00,0.000000000000000000e+00,2.489371236664943099e+08,-3.838599934633346016e+32,-2.003250712453002114e+31,2.251767558126246879e+32,1.745796564145088233e+22,8.745322045403695421e+26,0.000000000000000000e+00,1.510259184357262950e+38,1.844443229511786510e+35,1.000000000000000000e+04,1.421448787386712809e+02,1.521825545649700507e+05
2.350000000000000000e+02,2.379325422556448633e+00,1.059708852907997004e+21,4.408006187125193875e+00,1.561596038925684100e-11,0.000000000000000000e+00,3.918062006858868152e+07,2.452417822951637208e+04,3.918062006858868152e+07,0.000000000000000000e+00,0.000000000000000000e+00,2.494216845641133189e+08,-3.824739114476549468e+32,-1.973037087813091471e+31,2.203696022066844309e+32,1.721106142978251319e+22,8.655539398638407168e+26,0.000000000000000000e+00,1.506533142129635851e+38,1.832381984458312284e+35,1.000000000000000000e+04,1.416115991994290937e+02,1.524787808334986039e+05
2.355000000000000000e+02,2.392734999526807016e+00,1.066372246073585959e+21,4.037158123023957934e+00,1.511899309656838847e-11,0.000000000000000000e+00,3.925693363567630202e+07,2.452417822951637208e+04,3.925693363567630202e+07,0.000000000000000000e+00,0.000000000000000000e+00,2.499071886688364744e+08,-3.813182950886212335e+32,-1.942185687997735052e+31,2.160480742351073538e+32,1.698781143889126778e+22,8.569992665734773390e+26,0.000000000000000000e+00,1.502823343172653796e+38,1.820419165147954734e+35,1.000000000000000000e+04,1.411333837552620025e+02,1.527755837121545628e+05
2.360000000000000000e+02,2.404805427121507133e+00,1.072446628198682460e+21,3.661504214638284793e+00,1.468094864977723435e-11,0.000000000000000000e+00,3.933339574858957529e+07,2.452417822951637208e+04,3.933339574858957529e+07,0.000000000000000000e+00,0.000000000000000000e+00,2.503936378166343570e+08,-3.803898175643778197e+32,-1.910743839056521847e+31,2.121853326352361717e+32,1.678726915707230382e+22,8.488558888206142650e+26,0.000000000000000000e+00,1.499129633178324935e+38,1.808553541097115637e+35,1.000000000000000000e+04,1.407094606902995793e+02,1.530729643233204843e+05
2.365000000000000000e+02,2.415523155030512736e+00,1.077924798576823108e+21,3.281521473481725071e+00,1.429735721481255383e-11,0.000000000000000000e+00,3.941000669647579640e+07,2.452417822951637208e+04,3.941000669647579640e+07,0.000000000000000000e+00,0.000000000000000000e+00,2.508810338470515907e+08,-3.796856661228429204e+32,-1.878754555811128226e+31,2.087577266303296389e+32,1.660859229551786459e+22,8.411122228348103775e+26,0.000000000000000000e+00,1.495451859393648267e+38,1.796783895968559129e+35,1.000000000000000000e+04,1.403391366670529976e+02,1.533709237915639242e+05
2.370000000000000000e+02,2.424876279488845210e+00,1.082800274563734438e+21,2.897643937910392431e+00,1.396438530087343583e-11,0.000000000000000000e+00,3.948676676904509962e+07,2.452417822951637208e+04,3.948676676904509962e+07,0.000000000000000000e+00,0.000000000000000000e+00,2.513693786032133698e+08,-3.792035559625021944e+32,-1.846257039589546097e+31,2.057445792522269207e+32,1.645103871368050717e+22,8.337574019277099235e+26,0.000000000000000000e+00,1.491789870792425421e+38,1.785109018120808613e+35,1.000000000000000000e+04,1.400218016727795600e+02,1.536694632436412794e+05
2.375000000000000000e+02,2.432854395391713886e+00,1.087067227854937915e+21,2.510267772675677467e+00,1.367877223608716982e-11,0.000000000000000000e+00,3.956367625657155365e+07,2.452417822951637208e+04,3.956367625657155365e+07,0.000000000000000000e+00,0.000000000000000000e+00,2.518586739318326116e+08,-3.789417422018012224e+32,-1.813287134167414536e+31,2.031279981443911430e+32,1.631396267526135061e+22,8.267813975142822864e+26,0.000000000000000000e+00,1.488143516939615950e+38,1.773527952290127597e+35,1.000000000000000000e+04,1.397569331058022328e+02,1.539685838085022406e+05
2.380000000000000000e+02,2.439448466188756992e+00,1.090720428460229263e+21,2.119755935048146966e+00,1.343777676668632217e-11,0.000000000000000000e+00,3.964073544989424199e+07,2.452417822951637208e+04,3.964073544989424199e+07,0.000000000000000000e+00,0.000000000000000000e+00,2.523489216832168400e+08,-3.788990308703505258e+32,-1.779877745127065376e+31,2.008927115456870290e+32,1.619681151714606239e+22,8.201749372586968552e+26,0.000000000000000000e+00,1.484512646543036077e+38,1.762039826926068777e+35,1.000000000000000000e+04,1.395440992158102631e+02,1.542682866172939830e+05
2.385000000000000000e+02,2.444650710050151776e+00,1.093755195736183931e+21,1.726442464040349956e+00,1.323913276886285011e-11,0.000000000000000000e+00,3.971794464041838050e+07,2.452417822951637208e+04,3.971794464041838050e+07,0.000000000000000000e+00,0.000000000000000000e+00,2.528401237112753093e+08,-3.790747897007326664e+32,-1.746059227603894840e+31,1.990259289809321400e+32,1.609912283244835058e+22,8.139294583064825498e+26,0.000000000000000000e+00,1.480897110130137881e+38,1.750643760962708984e+35,1.000000000000000000e+04,1.393829620768326265e+02,1.545685728033655323e+05
2.390000000000000000e+02,2.448454500998253014e+00,1.096167355924386152e+21,1.330636445957812608e+00,1.308101322559326547e-11,0.000000000000000000e+00,3.979530412011639774e+07,2.452417822951637208e+04,3.979530412011639774e+07,0.000000000000000000e+00,0.000000000000000000e+00,2.533322818735259175e+08,-3.794689593771985926e+32,-1.711859747149247945e+31,1.975172261378523296e+32,1.602052215383818188e+22,8.080371156467006409e+26,0.000000000000000000e+00,1.477296761924355857e+38,1.739338892814322876e+35,1.000000000000000000e+04,1.392732802421238887e+02,1.548694435022719554e+05
2.395000000000000000e+02,2.450854283887187179e+00,1.097953205724680815e+21,9.326257065241577715e-01,1.296200177908096918e-11,0.000000000000000000e+00,3.987281418152906746e+07,2.452417822951637208e+04,3.987281418152906746e+07,0.000000000000000000e+00,0.000000000000000000e+00,2.538253980311022103e+08,-3.800820658013980538e+32,-1.677305618224515557e+31,1.963584534595563824e+32,1.596072111156204929e+22,8.024907827698063337e+26,0.000000000000000000e+00,1.473711455472548410e+38,1.728124395622289478e+35,1.000000000000000000e+04,1.392149112056671925e+02,1.551708998517787550e+05
2.400000000000000000e+02,2.451845502290542544e+00,1.099109481509912707e+21,5.326802772186645107e-01,1.288107132262133928e-11,0.000000000000000000e+00,3.995047511776659638e+07,2.452417822951637208e+04,3.995047511776659638e+07,0.000000000000000000e+00,0.000000000000000000e+00,2.543194740487605929e+08,-3.809152338609047890e+32,-1.642421624658997235e+31,1.955436681042116426e+32,1.591951626840331780e+22,7.972839530486961782e+26,0.000000000000000000e+00,1.470141049071604806e+38,1.716999279907744398e+35,1.000000000000000000e+04,1.392078137745450306e+02,1.554729429918661190e+05
2.405000000000000000e+02,2.451424538525690533e+00,1.099633333862020153e+21,1.310556813143388954e-01,1.283756924458844728e-11,0.000000000000000000e+00,4.002828722250971943e+07,2.452417822951637208e+04,4.002828722250971943e+07,0.000000000000000000e+00,0.000000000000000000e+00,2.548145117948870957e+08,-3.819702031297727701e+32,-1.607231326263019001e+31,1.950690891035011386e+32,1.589678847819545733e+22,7.924107595784762004e+26,0.000000000000000000e+00,1.466585404490078843e+38,1.705962451613726213e+35,1.000000000000000000e+04,1.392520504393069984e+02,1.557755740647331113e+05
2.410000000000000000e+02,2.449588665204035287e+00,1.099522307179799380e+21,-2.720039164894081374e-01,1.283120908376625503e-11,0.000000000000000000e+00,4.010625079001085460e+07,2.452417822951637208e+04,4.010625079001085460e+07,0.000000000000000000e+00,0.000000000000000000e+00,2.553105131415047348e+08,-3.832493458884542506e+32,-1.571757355698396018e+31,1.949330757783777260e+32,1.589250283314100149e+22,7.878660339474623225e+26,0.000000000000000000e+00,1.463044382555291698e+38,1.695012853848270047e+35,1.000000000000000000e+04,1.393477898150289604e+02,1.560787942148022703e+05
2.415000000000000000e+02,2.446336007851756200e+00,1.098774324177028121e+21,-6.762626539604728038e-01,1.286206850205372132e-11,0.000000000000000000e+00,4.018436611509515345e+07,2.452417822951637208e+04,4.018436611509515345e+07,0.000000000000000000e+00,0.000000000000000000e+00,2.558074799642803073e+08,-3.847556878203135745e+32,-1.536021709673734421e+31,1.951361297385645753e+32,1.590670936499644740e+22,7.836452926288899838e+26,0.000000000000000000e+00,1.459517848268087778e+38,1.684149451347711166e+35,1.000000000000000000e+04,1.394953092134102519e+02,1.563826045887235960e+05
2.420000000000000000e+02,2.441665518297412074e+00,1.097387675156862206e+21,-1.081489966324487906e+00,1.293059363096724884e-11,0.000000000000000000e+00,4.026263349316168576e+07,2.452417822951637208e+04,4.026263349316168576e+07,0.000000000000000000e+00,0.000000000000000000e+00,2.563054141425317824e+08,-3.864929317213181267e+32,-1.500046038552271915e+31,1.956809210985609612e+32,1.593954432775000110e+22,7.797447253547108994e+26,0.000000000000000000e+00,1.456005666608491895e+38,1.673371217187115591e+35,1.000000000000000000e+04,1.396949973954790210e+02,1.566870063353792648e+05
2.425000000000000000e+02,2.435576958673497661e+00,1.095361012015560393e+21,-1.487457589553608184e+00,1.303761000627175552e-11,0.000000000000000000e+00,4.034105322018449754e+07,2.452417822951637208e+04,4.034105322018449754e+07,0.000000000000000000e+00,0.000000000000000000e+00,2.568043175592352152e+08,-3.884654845460644145e+32,-1.463851938560751859e+31,1.965723398875895012e+32,1.599123228232783181e+22,7.761611956956687312e+26,0.000000000000000000e+00,1.452507705973534649e+38,1.662677143349601844e+35,1.000000000000000000e+04,1.399473575447459552e+02,1.569920006058876752e+05
2.430000000000000000e+02,2.428070896031167880e+00,1.092693346996744487e+21,-1.893936528245678375e+00,1.318434047510366477e-11,0.000000000000000000e+00,4.041962559271375835e+07,2.452417822951637208e+04,4.041962559271375835e+07,0.000000000000000000e+00,0.000000000000000000e+00,2.573041921010318100e+08,-3.906784881051106610e+32,-1.427461250943519897e+31,1.978175740162464959e+32,1.606208884972143510e+22,7.728922305269334331e+26,0.000000000000000000e+00,1.449023833078543175e+38,1.652066224794672079e+35,1.000000000000000000e+04,1.402530104914952176e+02,1.572975885536078131e+05
2.435000000000000000e+02,2.419148707723390856e+00,1.089384056287734530e+21,-2.300693942520564139e+00,1.337243064749934958e-11,0.000000000000000000e+00,4.049835090787689388e+07,2.452417822951637208e+04,4.049835090787689388e+07,0.000000000000000000e+00,0.000000000000000000e+00,2.578050396582352817e+08,-3.931378537235985294e+32,-1.390896372658759404e+31,1.994262155926755100e+32,1.615252439585053999e+22,7.699360266119657454e+26,0.000000000000000000e+00,1.445553918812166286e+38,1.641537477478220986e+35,1.000000000000000000e+04,1.406126982098202234e+02,1.576037713341438503e+05
2.440000000000000000e+02,2.408812597874707251e+00,1.085432888623321973e+21,-2.707489905773468930e+00,1.360398267565265145e-11,0.000000000000000000e+00,4.057722946337966621e+07,2.452417822951637208e+04,4.057722946337966621e+07,0.000000000000000000e+00,0.000000000000000000e+00,2.583068621248388588e+08,-3.958503011672194570e+32,-1.354180583542112842e+31,2.014103978614950184e+32,1.626304849271896985e+22,7.672914461715577654e+26,0.000000000000000000e+00,1.442097835550461098e+38,1.631089929939082069e+35,1.000000000000000000e+04,1.410272875994869821e+02,1.579105501053493062e+05
2.445000000000000000e+02,2.397065625428627111e+00,1.080839979141088543e+21,-3.114073981480710795e+00,1.388159838700570669e-11,0.000000000000000000e+00,4.065626155750735849e+07,2.452417822951637208e+04,4.065626155750735849e+07,0.000000000000000000e+00,0.000000000000000000e+00,2.588096613985223770e+08,-3.988234021363025000e+32,-1.317338395301884665e+31,2.037849655763931049e+32,1.639427531176504879e+22,7.649580129775507081e+26,0.000000000000000000e+00,1.438655454203228851e+38,1.620722613482256688e+35,1.000000000000000000e+04,1.414977745541565923e+02,1.582179260273314430e+05
2.450000000000000000e+02,2.383911744450017522e+00,1.075605868817653432e+21,-3.520181562569505207e+00,1.420843308037513234e-11,0.000000000000000000e+00,4.073544748912584782e+07,2.452417822951637208e+04,4.073544748912584782e+07,0.000000000000000000e+00,0.000000000000000000e+00,2.593134393806596398e+08,-4.020656286192674406e+32,-1.280395928259750818e+31,2.065676822201047259e+32,1.654693014841160054e+22,7.629359104915607321e+26,0.000000000000000000e+00,1.435226651699196036e+38,1.610434554521938629e+35,1.000000000000000000e+04,1.420252883052610571e+02,1.585259002624557470e+05
2.455000000000000000e+02,2.369355857563300916e+00,1.069731529908737540e+21,-3.925529911164198360e+00,1.458826162845891915e-11,0.000000000000000000e+00,4.081478755768276006e+07,2.452417822951637208e+04,4.081478755768276006e+07,0.000000000000000000e+00,0.000000000000000000e+00,2.598181979763254523e+08,-4.055864063793881159e+32,-1.243381322411211348e+31,2.097794781619599588e+32,1.672197745461834233e+22,7.612404016407435042e+26,0.000000000000000000e+00,1.431821627895653975e+38,1.600255081911533435e+35,1.000000000000000000e+04,1.426110960161300341e+02,1.588344739753502654e+05
2.460000000000000000e+02,2.353403883631981941e+00,1.063218397919577768e+21,-4.329813829193336794e+00,1.502555892815034627e-11,0.000000000000000000e+00,4.089428206320861727e+07,2.452417822951637208e+04,4.089428206320861727e+07,0.000000000000000000e+00,0.000000000000000000e+00,2.603239390943028331e+08,-4.093961738192402181e+32,-1.206325190214387202e+31,2.134447446019017364e+32,1.692040701843755709e+22,7.598747439686134060e+26,0.000000000000000000e+00,1.428441391278258259e+38,1.590186457086619472e+35,1.000000000000000000e+04,1.432566075828819976e+02,1.591436483329099137e+05
2.465000000000000000e+02,2.336062841036393056e+00,1.056068410748526395e+21,-4.732700881801270576e+00,1.552559721759014921e-11,0.000000000000000000e+00,4.097393130631795526e+07,2.452417822951637208e+04,4.097393130631795526e+07,0.000000000000000000e+00,0.000000000000000000e+00,2.608306646470904648e+08,-4.135064464194192216e+32,-1.169261119485746689e+31,2.175916789984514127e+32,1.714320396874992006e+22,7.588262491963576205e+26,0.000000000000000000e+00,1.425074982351221232e+38,1.580196196639576498e+35,1.000000000000000000e+04,1.439633805759528400e+02,1.594534245043012197e+05
2.470000000000000000e+02,2.317340948189101191e+00,1.048284055777737966e+21,-5.133826085095091862e+00,1.609456335445646337e-11,0.000000000000000000e+00,4.105373558821045607e+07,2.452417822951637208e+04,4.105373558821045607e+07,0.000000000000000000e+00,0.000000000000000000e+00,2.613383765509096384e+08,-4.179298868746362423e+32,-1.132226235955762897e+31,2.222526886224611372e+32,1.739162733024777758e+22,7.580979679107473970e+26,0.000000000000000000e+00,1.421722275105874510e+38,1.570283601956619350e+35,1.000000000000000000e+04,1.447331252275579061e+02,1.597638036609663395e+05
2.475000000000000000e+02,2.297247743247858853e+00,1.039868425833833300e+21,-5.532785957605337757e+00,1.673969984584425890e-11,0.000000000000000000e+00,4.113369521067208052e+07,2.452417822951637208e+04,4.113369521067208052e+07,0.000000000000000000e+00,0.000000000000000000e+00,2.618470767257114649e+08,-4.226803809409715460e+32,-1.095261836406850539e+31,2.274648599201248911e+32,1.766709818353610496e+22,7.576936404432292724e+26,0.000000000000000000e+00,1.418383145474642187e+38,1.560447986154153899e+35,1.000000000000000000e+04,1.455677093340835313e+02,1.600747869766276272e+05
2.480000000000000000e+02,2.275794225350515010e+00,1.030825285111240720e+21,-5.929131820400042052e+00,1.746947426258401570e-11,0.000000000000000000e+00,4.121381047607623786e+07,2.452417822951637208e+04,4.121381047607623786e+07,0.000000000000000000e+00,0.000000000000000000e+00,2.623567670951845646e+08,-4.277731188497933699e+32,-1.058414104939047364e+31,2.332705025024393835e+32,1.797121435516180575e+22,7.576177091904627590e+26,0.000000000000000000e+00,1.415057468521891824e+38,1.550688696319573470e+35,1.000000000000000000e+04,1.464691628962067114e+02,1.603863756272922619e+05
2.485000000000000000e+02,2.252993020113006395e+00,1.021159146345342173e+21,-6.322362214097509536e+00,1.829378269075290105e-11,0.000000000000000000e+00,4.129408168738491088e+07,2.452417822951637208e+04,4.129408168738491088e+07,0.000000000000000000e+00,0.000000000000000000e+00,2.628674495867618322e+08,-4.332246819191115213e+32,-1.021734926787352843e+31,2.397177777870536608e+32,1.830576704047855278e+22,7.578752272511172784e+26,0.000000000000000000e+00,1.411745124484754495e+38,1.541004929956498440e+35,1.000000000000000000e+04,1.474396822606757667e+02,1.606985707912564394e+05
2.490000000000000000e+02,2.228858572608227284e+00,1.010875360745310126e+21,-6.711914281723998954e+00,1.922419410567048813e-11,0.000000000000000000e+00,4.137450914814979583e+07,2.452417822951637208e+04,4.137450914814979583e+07,0.000000000000000000e+00,0.000000000000000000e+00,2.633791261316279769e+08,-4.390531336790556254e+32,-9.852828162886432836e+30,2.468614235672522735e+32,1.867275927417231560e+22,7.584718793356836356e+26,0.000000000000000000e+00,1.408445996146843371e+38,1.531395794499457018e+35,1.000000000000000000e+04,1.484816334527322397e+02,1.610113736491099407e+05
2.495000000000000000e+02,2.203407371589174879e+00,9.999802224518331105e+20,-7.097153944383618906e+00,2.027424403785306007e-11,0.000000000000000000e+00,4.145509316251347214e+07,2.452417822951637208e+04,4.145509316251347214e+07,0.000000000000000000e+00,0.000000000000000000e+00,2.638917986647269428e+08,-4.452781143944994195e+32,-9.491239780785991540e+30,2.547635870084356288e+32,1.907426237306133440e+22,7.593961974650539885e+26,0.000000000000000000e+00,1.405147878003736752e+38,1.521824696333440994e+35,1.000000000000000000e+04,1.495975542928237019e+02,1.613247853837406437e+05
2.500000000000000000e+02,2.176658209343572459e+00,9.884810895772197847e+20,-7.477364671844295430e+00,2.145978767720792000e-11,0.000000000000000000e+00,4.153583403521052748e+07,2.452417822951637208e+04,4.153583403521052748e+07,0.000000000000000000e+00,0.000000000000000000e+00,2.644054691247689128e+08,-4.519209372749280962e+32,-9.133335234167050334e+30,2.634947796691204948e+32,1.951281141883579924e+22,7.606610612640876577e+26,0.000000000000000000e+00,1.401854753528670026e+38,1.512303303944005049e+35,1.000000000000000000e+04,1.507901547702317941e+02,1.616388071803388884e+05
2.505000000000000000e+02,2.148632482278271638e+00,9.763865242190154301e+20,-7.851734622575372136e+00,2.279942467027270771e-11,0.000000000000000000e+00,4.161673207156870514e+07,2.452417822951637208e+04,4.161673207156870514e+07,0.000000000000000000e+00,0.000000000000000000e+00,2.649201394542378783e+08,-4.590046838574828726e+32,-8.779968666778234788e+30,2.731349689417341499e+32,1.999127090256893339e+22,7.622847420574848930e+26,0.000000000000000000e+00,1.398573785439433742e+38,1.502852409736891849e+35,1.000000000000000000e+04,1.520623149929394913e+02,1.619534402264020173e+05
2.510000000000000000e+02,2.119354538138348953e+00,9.637064542172534538e+20,-8.219341898033565741e+00,2.431501033545762847e-11,0.000000000000000000e+00,4.169778757751011848e+07,2.452417822951637208e+04,4.169778757751011848e+07,0.000000000000000000e+00,0.000000000000000000e+00,2.654358115993988812e+08,-4.665542949659547063e+32,-8.432113304633390010e+30,2.837748205449126724e+32,2.051271656750833677e+22,7.642754746259767149e+26,0.000000000000000000e+00,1.395304928786399762e+38,1.493471413789189132e+35,1.000000000000000000e+04,1.534170798394539474e+02,1.622686857117388281e+05
2.515000000000000000e+02,2.088852076673806124e+00,9.504523598527704596e+20,-8.579137624580544852e+00,2.603227086084347207e-11,0.000000000000000000e+00,4.177900085955233127e+07,2.452417822951637208e+04,4.177900085955233127e+07,0.000000000000000000e+00,0.000000000000000000e+00,2.659524875103054643e+08,-4.745966521984078749e+32,-8.090879914273980823e+30,2.955171059727402919e+32,2.108055897391584877e+22,7.666418913444030432e+26,0.000000000000000000e+00,1.392048076180123679e+38,1.484159537531312531e+35,1.000000000000000000e+04,1.548576491946429599e+02,1.625845448284742306e+05
2.520000000000000000e+02,2.057156611578521588e+00,9.366374891609776456e+20,-8.929926545357824708e+00,2.798154322180656724e-11,0.000000000000000000e+00,4.186037222480955720e+07,2.452417822951637208e+04,4.186037222480955720e+07,0.000000000000000000e+00,0.000000000000000000e+00,2.664701691408069432e+08,-4.831606429656654679e+32,-7.757538025798265751e+30,3.084782865170898326e+32,2.169869273108479738e+22,7.694039832379738736e+26,0.000000000000000000e+00,1.388810665962793177e+38,1.474937027322560218e+35,1.000000000000000000e+04,1.563873623463238687e+02,1.629010187710534665e+05
2.525000000000000000e+02,2.024304002635401556e+00,9.222771060596760904e+20,-9.270344776128586872e+00,3.019866394482505060e-11,0.000000000000000000e+00,4.194190198099381477e+07,2.452417822951637208e+04,4.194190198099381477e+07,0.000000000000000000e+00,0.000000000000000000e+00,2.669888584485558569e+08,-4.922771995473370124e+32,-7.433540312713775656e+30,3.227902807412402797e+32,2.237154168448535757e+22,7.725927661721704848e+26,0.000000000000000000e+00,1.385607318375334636e+38,1.465843688284070132e+35,1.000000000000000000e+04,1.580096747388582514e+02,1.632181087362469116e+05
2.530000000000000000e+02,1.990335068191536605e+00,9.073887760533743206e+20,-9.598834357990780219e+00,3.272603419318287302e-11,0.000000000000000000e+00,4.202359043641608208e+07,2.452417822951637208e+04,4.202359043641608208e+07,0.000000000000000000e+00,0.000000000000000000e+00,2.675085573950152993e+08,-5.019792992685598258e+32,-7.120550548236386380e+30,3.386024138049261771e+32,2.310338531362496473e+22,7.761863700652619434e+26,0.000000000000000000e+00,1.382416243312865657e+38,1.456818077755905440e+35,1.000000000000000000e+04,1.597281248091096586e+02,1.635358159231544123e+05
2.535000000000000000e+02,1.955296289321149628e+00,8.919926948638465720e+20,-9.913614232775659119e+00,3.561389147132481581e-11,0.000000000000000000e+00,4.210543789998747408e+07,2.452417822951637208e+04,4.210543789998747408e+07,0.000000000000000000e+00,0.000000000000000000e+00,2.680292679454664588e+08,-5.123019085020336520e+32,-6.820475571187454124e+30,3.560835329634928292e+32,2.389929016307887374e+22,7.801941101278471783e+26,0.000000000000000000e+00,1.379237335238639162e+38,1.447859389479761019e+35,1.000000000000000000e+04,1.615462880524556226e+02,1.638541415332098550e+05
2.540000000000000000e+02,1.919240618246384367e+00,8.761120659173480858e+20,-1.021264728453073722e+01,3.892181967143028678e-11,0.000000000000000000e+00,4.218744468122042716e+07,2.452417822951637208e+04,4.218744468122042716e+07,0.000000000000000000e+00,0.000000000000000000e+00,2.685509920690159798e+08,-5.232818474907319618e+32,-6.535501682825800979e+30,3.754242512450114293e+32,2.476480653449829653e+22,7.846249430297254974e+26,0.000000000000000000e+00,1.376070487988093441e+38,1.438966958188485497e+35,1.000000000000000000e+04,1.634677147660954688e+02,1.641730867701858806e+05
2.545000000000000000e+02,1.882228404666792754e+00,8.597735331428752425e+20,-1.049360314774595615e+01,4.272052775459246621e-11,0.000000000000000000e+00,4.226961109022981673e+07,2.452417822951637208e+04,4.226961109022981673e+07,0.000000000000000000e+00,0.000000000000000000e+00,2.690737317386034131e+08,-5.349575456435198118e+32,-6.268135842751287269e+30,3.968392470498826092e+32,2.570598562841915032e+22,7.894870897490920454e+26,0.000000000000000000e+00,1.372915593831333386e+38,1.430140268594920651e+35,1.000000000000000000e+04,1.654958470805676427e+02,1.644926528401981632e+05
2.550000000000000000e+02,1.844328454424559283e+00,8.430076759235403448e+20,-1.075381660316790011e+01,4.709392068054556556e-11,0.000000000000000000e+00,4.235193743773419410e+07,2.452417822951637208e+04,4.235193743773419410e+07,0.000000000000000000e+00,0.000000000000000000e+00,2.695974889310084581e+08,-5.473686476184470391e+32,-6.021251912483260422e+30,4.205694961315443849e+32,2.672938371008417078e+22,7.947874498655192955e+26,0.000000000000000000e+00,1.369772547161777565e+38,1.421378784918568027e+35,1.000000000000000000e+04,1.676339099126110739e+02,1.648128409517100372e+05
2.555000000000000000e+02,1.805619235135872636e+00,8.258495731709973627e+20,-1.099024159747415297e+01,5.214147048795626265e-11,0.000000000000000000e+00,4.243442403505690396e+07,2.452417822951637208e+04,4.243442403505690396e+07,0.000000000000000000e+00,0.000000000000000000e+00,2.701222656268591285e+08,-5.605554188106932951e+32,-5.798141974544217678e+30,4.468842372745827295e+32,2.784204593344585033e+22,8.005309867309380784e+26,0.000000000000000000e+00,1.366641243749651439e+38,1.412681979185840660e+35,1.000000000000000000e+04,1.698847693629861055e+02,1.651336523155374452e+05
2.560000000000000000e+02,1.766190242650341968e+00,8.083394431765576417e+20,-1.119940127968407673e+01,5.798086484829133219e-11,0.000000000000000000e+00,4.251707119412729889e+07,2.452417822951637208e+04,4.251707119412729889e+07,0.000000000000000000e+00,0.000000000000000000e+00,2.706480638106382489e+08,-5.745578844968001498e+32,-5.602572383028546327e+30,4.760823651043629552e+32,2.905145995445232520e+22,8.067199327119244908e+26,0.000000000000000000e+00,1.363521580439699803e+38,1.404049331057367246e+35,1.000000000000000000e+04,1.722507508786533776e+02,1.654550881448528380e+05
2.565000000000000000e+02,1.726143539876352717e+00,7.905233648620174049e+20,-1.137733500807749643e+01,6.475085625024925044e-11,0.000000000000000000e+00,4.259987922748190910e+07,2.452417822951637208e+04,4.259987922748190910e+07,0.000000000000000000e+00,0.000000000000000000e+00,2.711748854706918001e+08,-5.894146197290399514e+32,-5.438843609880205110e+30,5.084927918152073249e+32,3.036521673445171685e+22,8.133345414109846926e+26,0.000000000000000000e+00,1.360402295580106301e+38,1.395449008533565379e+35,1.000000000000000000e+04,1.747334082827841826e+02,1.657771496551903547e+05
2.570000000000000000e+02,1.685595474799533644e+00,7.724540839227280589e+20,-1.151954413053708848e+01,7.261414464689481090e-11,0.000000000000000000e+00,4.268284844826562703e+07,2.452417822951637208e+04,4.268284844826562703e+07,0.000000000000000000e+00,0.000000000000000000e+00,2.717027325992360711e+08,-6.051610873961076024e+32,-5.311852047354635568e+30,5.444731114942151238e+32,3.179116341586229304e+22,8.203567153345649394e+26,0.000000000000000000e+00,1.357276603411161455e+38,1.386862185892722469e+35,1.000000000000000000e+04,1.773332337045776228e+02,1.660998380644501594e+05
2.575000000000000000e+02,1.644678576270221404e+00,7.541919035888676372e+20,-1.162093958575128028e+01,8.175998263277215293e-11,0.000000000000000000e+00,4.276597917023288459e+07,2.452417822951637208e+04,4.276597917023288459e+07,0.000000000000000000e+00,0.000000000000000000e+00,2.722316071923651695e+08,-6.218274006950080810e+32,-5.227150593093189057e+30,5.844056234180183623e+32,3.333849229158918180e+22,8.278554595103252706e+26,0.000000000000000000e+00,1.354195394873301867e+38,1.378427053780732468e+35,1.000000000000000000e+04,1.800492977808304431e+02,1.664231545929030399e+05
2.580000000000000000e+02,1.603543612791057393e+00,7.358056536050448466e+20,-1.167579614130328380e+01,9.240597285999880489e-11,0.000000000000000000e+00,4.284927170774882287e+07,2.452417822951637208e+04,4.284927170774882287e+07,0.000000000000000000e+00,0.000000000000000000e+00,2.727615112500585914e+08,-6.394353659311110078e+32,-5.191002936458097912e+30,6.286894153159150302e+32,3.501412812510702286e+22,8.357603816992711108e+26,0.000000000000000000e+00,1.351127277454154042e+38,1.370058453283338881e+35,1.000000000000000000e+04,1.828788096801195593e+02,1.667471004631950345e+05
2.585000000000000000e+02,1.562361779090979841e+00,7.173737216067382804e+20,-1.167772051663632205e+01,1.047982071957056547e-10,0.000000000000000000e+00,4.293272637579054385e+07,2.452417822951637208e+04,4.293272637579054385e+07,0.000000000000000000e+00,0.000000000000000000e+00,2.732924467761890292e+08,-6.579946465471702406e+32,-5.210423825673068745e+30,6.777267767675702183e+32,3.682475197372053009e+22,8.440367675937122073e+26,0.000000000000000000e+00,1.348070264106440047e+38,1.361750636469079153e+35,1.000000000000000000e+04,1.858165881643333819e+02,1.670716769003522058e+05
2.590000000000000000e+02,1.521326945273788089e+00,6.989851172062305976e+20,-1.161964385668066768e+01,1.192084537351754067e-10,0.000000000000000000e+00,4.301634348994820565e+07,2.452417822951637208e+04,4.301634348994820565e+07,0.000000000000000000e+00,0.000000000000000000e+00,2.738244157785295844e+08,-6.774978872950834468e+32,-5.293194081814753330e+30,7.319017346232192386e+32,3.877550071019236806e+22,8.526399931830428526e+26,0.000000000000000000e+00,1.345024260718961472e+38,1.353502945102541926e+35,1.000000000000000000e+04,1.888544389728551209e+02,1.673968851317850640e+05
2.595000000000000000e+02,1.480657861031325240e+00,6.807405194991986278e+20,-1.149385307053012717e+01,1.359265259261025668e-10,0.000000000000000000e+00,4.310012336642632633e+07,2.452417822951637208e+04,4.310012336642632633e+07,0.000000000000000000e+00,0.000000000000000000e+00,2.743574202687615156e+08,-6.979146608208661372e+32,-5.447834673699693308e+30,7.915480523922353082e+32,4.086898767523865428e+22,8.615097166572111098e+26,0.000000000000000000e+00,1.341989174161109105e+38,1.345314728427619987e+35,1.000000000000000000e+04,1.919804415204872328e+02,1.677227263872932817e+05
2.600000000000000000e+02,1.440600150203180885e+00,6.627532321282496922e+20,-1.129208029489337228e+01,1.552453071248275439e-10,0.000000000000000000e+00,4.318406632204486430e+07,2.452417822951637208e+04,4.318406632204486430e+07,0.000000000000000000e+00,0.000000000000000000e+00,2.748914622624818683e+08,-7.191841658223542254e+32,-5.683518901495542878e+30,8.569037702221132495e+32,4.310408876001438204e+22,8.705668515370108214e+26,0.000000000000000000e+00,1.338964913174781392e+38,1.337185345399981901e+35,1.000000000000000000e+04,1.951781607339810023e+02,1.680492018990703800e+05
2.605000000000000000e+02,1.401427857254085918e+00,6.451499357135094415e+20,-1.100567470022584615e+01,1.774352847284847838e-10,0.000000000000000000e+00,4.326817267424051464e+07,2.452417822951637208e+04,4.326817267424051464e+07,0.000000000000000000e+00,0.000000000000000000e+00,2.754265437792113423e+08,-7.412067408819136128e+32,-6.009896154727309422e+30,9.280495584527512994e+32,4.547442538429861069e+22,8.797104783641590509e+26,0.000000000000000000e+00,1.335951387359704851e+38,1.329114161996253205e+35,1.000000000000000000e+04,1.984258193750933117e+02,1.683763129017084721e+05
2.610000000000000000e+02,1.363444218033870836e+00,6.280710857969538171e+20,-1.062588495784469345e+01,2.027051595021783974e-10,0.000000000000000000e+00,4.335244274106787145e+07,2.452417822951637208e+04,4.335244274106787145e+07,0.000000000000000000e+00,0.000000000000000000e+00,2.759626668424012661e+08,-7.638344900647145224e+32,-6.436795945043630635e+30,1.004829248467068310e+33,4.796655702556315694e+22,8.888149795476564619e+26,0.000000000000000000e+00,1.332948506588585795e+38,1.321100549656863651e+35,1.000000000000000000e+04,2.016954935754289977e+02,1.687040606322026288e+05
2.615000000000000000e+02,1.326981228540332403e+00,6.116707581917684040e+20,-1.014428199975851541e+01,2.311456556731353393e-10,0.000000000000000000e+00,4.343687684120058268e+07,2.452417822951637208e+04,4.343687684120058268e+07,0.000000000000000000e+00,0.000000000000000000e+00,2.764998334794419408e+08,-7.868616722390457282e+32,-6.973779037175102012e+30,1.086753474202044938e+33,5.055818869033490029e+22,8.977384395175972937e+26,0.000000000000000000e+00,1.329962151588427143e+38,1.313159420204495476e+35,1.000000000000000000e+04,2.049524294484770053e+02,1.690324463299559429e+05
2.620000000000000000e+02,1.292397491721511971e+00,5.961156993930503127e+20,-9.553347240930813555e+00,2.626558358475211976e-10,0.000000000000000000e+00,4.352147529393265396e+07,2.452417822951637208e+04,4.352147529393265396e+07,0.000000000000000000e+00,0.000000000000000000e+00,2.770380457216699123e+08,-8.100159959036118875e+32,-7.629506759053564448e+30,1.172892037421726530e+33,5.321592800498396273e+22,9.063091226730203476e+26,0.000000000000000000e+00,1.326997834657706273e+38,1.305301996487448001e+35,1.000000000000000000e+04,2.081546188737336252e+02,1.693614712367839238e+05
2.625000000000000000e+02,1.260073759854555053e+00,5.815833096091871478e+20,-8.847237272014849552e+00,2.968559107311634781e-10,0.000000000000000000e+00,4.360623841917957366e+07,2.452417822951637208e+04,4.360623841917957366e+07,0.000000000000000000e+00,0.000000000000000000e+00,2.775773056043757796e+08,-8.329525534222601597e+32,-8.410914279573049034e+30,1.261767781570292078e+33,5.589230689781685001e+22,9.142782972636041084e+26,0.000000000000000000e+00,1.324031992022178537e+38,1.297467885923193104e+35,1.000000000000000000e+04,2.112528109608535090e+02,1.696911365969193284e+05
2.630000000000000000e+02,1.230405598719639171e+00,5.682582885787813151e+20,-8.022708146268936247e+00,3.329982850385489938e-10,0.000000000000000000e+00,4.369116653747955710e+07,2.452417822951637208e+04,4.369116653747955710e+07,0.000000000000000000e+00,0.000000000000000000e+00,2.781176151668118238e+08,-8.552527159574359997e+32,-9.322203312378435802e+30,1.351273995080295708e+33,5.852732489510515271e+22,9.214371904048381048e+26,0.000000000000000000e+00,1.321076375864987539e+38,1.289688708495807564e+35,1.000000000000000000e+04,2.141911597615405753e+02,1.700214436570167891e+05
2.635000000000000000e+02,1.203792730629181351e+00,5.563277334187672207e+20,-7.080138639548560597e+00,3.698987444708370812e-10,0.000000000000000000e+00,4.377625996999475360e+07,2.452417822951637208e+04,4.377625996999475360e+07,0.000000000000000000e+00,0.000000000000000000e+00,2.786589764521999955e+08,-8.764306808256545287e+32,-1.036371691977383238e+31,1.438646661089967803e+33,6.104699890730372222e+22,9.275389257202789877e+26,0.000000000000000000e+00,1.318130923449434865e+38,1.281964134738718572e+35,1.000000000000000000e+04,2.169087004052855718e+02,1.703523936661577318e+05
2.640000000000000000e+02,1.180624916606789698e+00,5.459746169011169526e+20,-6.024535237865791260e+00,4.059192672559267888e-10,0.000000000000000000e+00,4.386151903851246089e+07,2.452417822951637208e+04,4.386151903851246089e+07,0.000000000000000000e+00,0.000000000000000000e+00,2.792013915077389479e+08,-8.959502011193779673e+32,-1.153082098297817488e+31,1.520528043656923718e+33,6.336617749877634577e+22,9.323312234256160557e+26,0.000000000000000000e+00,1.315195547473406753e+38,1.274293767674010457e+35,1.000000000000000000e+04,2.193417846271815961e+02,1.706839878758546547e+05
2.645000000000000000e+02,1.161264739408968572e+00,5.373698062221031506e+20,-4.866343774683384638e+00,4.390370222751444829e-10,0.000000000000000000e+00,4.394694406544634700e+07,2.452417822951637208e+04,4.394694406544634700e+07,0.000000000000000000e+00,0.000000000000000000e+00,2.797448623846127987e+08,-9.132529900157173467e+32,-1.281298117429689831e+31,1.593153160252516148e+33,6.539337072104321948e+22,9.355710433884994642e+26,0.000000000000000000e+00,1.312270164105113579e+38,1.266677222150926840e+35,1.000000000000000000e+04,2.214274779922138521e+02,1.710162275400564831e+05
2.650000000000000000e+02,1.146028317029816002e+00,5.306630924672446628e+20,-3.621855366330271941e+00,4.670233057685134947e-10,0.000000000000000000e+00,4.403253537383764982e+07,2.452417822951637208e+04,4.403253537383764982e+07,0.000000000000000000e+00,0.000000000000000000e+00,2.802893911379979849e+08,-9.277981853541176932e+32,-1.419326744889850935e+31,1.652670156464079421e+33,6.703806255210141476e+22,9.370418836016717409e+26,0.000000000000000000e+00,1.309354688663457738e+38,1.259114114220240572e+35,1.000000000000000000e+04,2.231077281727283435e+02,1.713491139151527896e+05
2.655000000000000000e+02,1.135165693237073725e+00,5.259740356074863985e+20,-2.313005041649931037e+00,4.877271933785380695e-10,0.000000000000000000e+00,4.411829328735643625e+07,2.452417822951637208e+04,4.411829328735643625e+07,0.000000000000000000e+00,0.000000000000000000e+00,2.808349798270714879e+08,-9.391092848125996786e+32,-1.564851003931165240e+31,1.695568916910241993e+33,6.822057695787444339e+22,9.365985104728145235e+26,0.000000000000000000e+00,1.306463079329262213e+38,1.251639558513044230e+35,1.000000000000000000e+04,2.243338888612296387e+02,1.716826482599787414e+05
2.660000000000000000e+02,1.128843214184317212e+00,5.233836948478988124e+20,-9.664410077387631803e-01,4.994167327330741546e-10,0.000000000000000000e+00,4.420421813030278683e+07,2.452417822951637208e+04,4.420421813030278683e+07,0.000000000000000000e+00,0.000000000000000000e+00,2.813816305150185227e+08,-9.468218870861779071e+32,-1.715024816153330395e+31,1.719148254765959046e+33,6.888107410003623884e+22,9.341624420521546499e+26,0.000000000000000000e+00,1.303612329856972214e+38,1.244295648470597000e+35,1.000000000000000000e+04,2.250709909805778466e+02,1.720168318358198740e+05
2.665000000000000000e+02,1.127130371673549680e+00,5.229283992822913434e+20,3.881120474390613584e-01,5.010931002352560901e-10,0.000000000000000000e+00,4.429031022760803252e+07,2.452417822951637208e+04,4.429031022760803252e+07,0.000000000000000000e+00,0.000000000000000000e+00,2.819293452690402269e+08,-9.507236237512900547e+32,-1.866645680736064652e+31,1.721919099448548252e+33,6.898348602813008419e+22,9.295886846413871036e+26,0.000000000000000000e+00,1.300746807218806101e+38,1.236938982242999823e+35,1.000000000000000000e+04,2.253010703828559542e+02,1.723516659064168052e+05
2.670000000000000000e+02,1.129993199806174964e+00,5.245965369502041375e+20,1.719996514793630249e+00,4.926834583107202814e-10,0.000000000000000000e+00,4.437656990483602136e+07,2.452417822951637208e+04,4.437656990483602136e+07,0.000000000000000000e+00,0.000000000000000000e+00,2.824781261603618264e+08,-9.507780122274371669e+32,-2.016384550964469108e+31,1.703839506506674202e+33,6.852736138873289677e+22,9.229356530044749783e+26,0.000000000000000000e+00,1.297875397978787437e+38,1.229593202497227102e+35,1.000000000000000000e+04,2.250249492499700068e+02,1.726871517379702127e+05
2.675000000000000000e+02,1.137295380980792192e+00,5.283289130500518707e+20,2.999933446199590570e+00,4.750493172033031749e-10,0.000000000000000000e+00,4.446299748818426579e+07,2.452417822951637208e+04,4.446299748818426579e+07,0.000000000000000000e+00,0.000000000000000000e+00,2.830279752642399073e+08,-9.471269732026825793e+32,-2.161036733154827144e+31,1.666315825059079160e+33,6.754487696446387860e+22,9.143498902285414750e+26,0.000000000000000000e+00,1.295013437171709218e+38,1.222298225948067545e+35,1.000000000000000000e+04,2.242621278870211654e+02,1.730232905991451698e+05
2.680000000000000000e+02,1.148806906147507023e+00,5.340226214428200796e+20,4.202110450940026887e+00,4.498086919298845167e-10,0.000000000000000000e+00,4.454959330448527634e+07,2.452417822951637208e+04,4.454959330448527634e+07,0.000000000000000000e+00,0.000000000000000000e+00,2.835788946599708796e+08,-9.400716646383557349e+32,-2.297751288880537352e+31,1.611970226467247206e+33,6.609509678388416505e+22,9.040129388366833620e+26,0.000000000000000000e+00,1.292160864737818249e+38,1.215053582126343405e+35,1.000000000000000000e+04,2.230488144591735704e+02,1.733600837610765011e+05
2.685000000000000000e+02,1.164218945860328702e+00,5.415378204780049859e+20,5.305720062400269832e+00,4.190324747571169343e-10,0.000000000000000000e+00,4.463635768120771646e+07,2.452417822951637208e+04,4.463635768120771646e+07,0.000000000000000000e+00,0.000000000000000000e+00,2.841308864308983684e+08,-9.300362078423581511e+32,-2.424202965616944061e+31,1.544241186313327404e+33,6.425684322516078061e+22,8.921557636886044844e+26,0.000000000000000000e+00,1.289317607131460797e+38,1.207858768650302438e+35,1.000000000000000000e+04,2.214344725202793711e+02,1.736975324973731767e+05
2.690000000000000000e+02,1.183162662338058890e+00,5.507063698097797202e+20,6.295772980043708777e+00,3.849077717871435244e-10,0.000000000000000000e+00,4.472329094645769894e+07,2.452417822951637208e+04,4.472329094645769894e+07,0.000000000000000000e+00,0.000000000000000000e+00,2.846839526644213200e+08,-9.175222003948380334e+32,-2.538686599114391064e+31,1.466921060738075330e+33,6.211963684231403117e+22,8.790544338092142776e+26,0.000000000000000000e+00,1.286491572024983388e+38,1.200732986315898850e+35,1.000000000000000000e+04,2.194775128449165322e+02,1.740356380841232894e+05
2.695000000000000000e+02,1.205229455229117619e+00,5.613411688014089421e+20,7.163185576493042994e+00,3.494525718428260975e-10,0.000000000000000000e+00,4.481039342898000032e+07,2.452417822951637208e+04,4.481039342898000032e+07,0.000000000000000000e+00,0.000000000000000000e+00,2.852380954520017505e+08,-9.030625184260446036e+32,-2.640132850499461161e+31,1.383731712458675033e+33,5.977537425456278536e+22,8.650404158375928907e+26,0.000000000000000000e+00,1.283715592146142067e+38,1.193756313033349482e+35,1.000000000000000000e+04,2.172408134741728247e+02,1.743744017998988566e+05
2.700000000000000000e+02,1.229990378286193176e+00,5.732451450356174029e+20,7.904280395402399684e+00,3.143303534433575691e-10,0.000000000000000000e+00,4.489766545815926790e+07,2.452417822951637208e+04,4.489766545815926790e+07,0.000000000000000000e+00,0.000000000000000000e+00,2.857933168891729712e+08,-8.871812535845479969e+32,-2.728059470520519740e+31,1.298006763440954637e+33,5.730645321160030631e+22,8.503082844922033977e+26,0.000000000000000000e+00,1.280949190018628669e+38,1.186828046798752144e+35,1.000000000000000000e+04,2.147876529824766578e+02,1.747138249257607677e+05
2.705000000000000000e+02,1.257013089653126192e+00,5.862191276918879027e+20,8.519909154015495645e+00,2.807720372348299681e-10,0.000000000000000000e+00,4.498510736402134597e+07,2.452417822951637208e+04,4.498510736402134597e+07,0.000000000000000000e+00,0.000000000000000000e+00,2.863496190755470991e+08,-8.703637321990407040e+32,-2.802480320652229689e+31,1.212505415437301388e+33,5.478533493383435701e+22,8.350594505369796490e+26,0.000000000000000000e+00,1.278164558474200555e+38,1.179877294880152797e+35,1.000000000000000000e+04,2.121784412149735601e+02,1.750539087452633539e+05
2.710000000000000000e+02,1.285875436435571117e+00,6.000681809679298068e+20,9.014410584523494308e+00,2.495837535029845624e-10,0.000000000000000000e+00,4.507271947723446041e+07,2.452417822951637208e+04,4.507271947723446041e+07,0.000000000000000000e+00,0.000000000000000000e+00,2.869070041148232222e+08,-8.530376507566234849e+32,-2.863795045458387374e+31,1.129346923314618869e+33,5.227309500976608785e+22,8.195395426716557037e+26,0.000000000000000000e+00,1.275371683904792700e+38,1.172929961098963841e+35,1.000000000000000000e+04,2.094684099428522757e+02,1.753946545444595395e+05
2.715000000000000000e+02,1.316175433672641004e+00,6.146062784693665792e+20,9.394573216050289943e+00,2.212075098996504046e-10,0.000000000000000000e+00,4.516050212911050022e+07,2.452417822951637208e+04,4.516050212911050022e+07,0.000000000000000000e+00,0.000000000000000000e+00,2.874654741147952676e+08,-8.355642178559249590e+32,-2.912677975233831319e+31,1.050034856389605555e+33,4.981744802985063272e+22,8.039746193862368794e+26,0.000000000000000000e+00,1.272587641195265349e+38,1.166029264794277152e+35,1.000000000000000000e+04,2.067062419380517042e+02,1.757360636119054398e+05
2.720000000000000000e+02,1.347537874128144297e+00,6.296594214519845683e+20,9.668713486582278804e+00,1.958041181162682460e-10,0.000000000000000000e+00,4.524845565160623938e+07,2.452417822951637208e+04,4.524845565160623938e+07,0.000000000000000000e+00,0.000000000000000000e+00,2.880250311873601675e+08,-8.182370606895523992e+32,-2.949978504477043834e+31,9.755355437242047814e+32,4.745270934807523623e+22,7.885274589306730173e+26,0.000000000000000000e+00,1.269812366272618254e+38,1.159174862141148399e+35,1.000000000000000000e+04,2.039334985893919736e+02,1.760781372386655421e+05
2.725000000000000000e+02,1.379618078666712044e+00,6.450674321628010906e+20,9.845923257119126859e+00,1.733366075612211387e-10,0.000000000000000000e+00,4.533658037732463330e+07,2.452417822951637208e+04,4.533658037732463330e+07,0.000000000000000000e+00,0.000000000000000000e+00,2.885856774485256672e+08,-8.012863815366855676e+32,-2.976639122219302925e+31,9.063801558913373404e+32,4.520324412056912527e+22,7.733748272018830130e+26,0.000000000000000000e+00,1.267073637461053548e+38,1.152433531023581837e+35,1.000000000000000000e+04,2.011846533103291677e+02,1.764208767183173040e+05
2.730000000000000000e+02,1.412103400766639316e+00,6.606847033030466601e+20,9.935498454011591818e+00,1.536420645059919654e-10,0.000000000000000000e+00,4.542487663951604068e+07,2.452417822951637208e+04,4.542487663951604068e+07,0.000000000000000000e+00,0.000000000000000000e+00,2.891474150184182525e+08,-7.848861223901542390e+32,-2.993632648731232735e+31,8.427689019083490282e+32,4.308321710112247906e+22,7.586124024574490649e+26,0.000000000000000000e+00,1.264368150951302855e+38,1.145796269265721625e+35,1.000000000000000000e+04,1.984875347410137749e+02,1.767642833469561883e+05
2.735000000000000000e+02,1.444713086578871319e+00,6.763801804247905075e+20,9.946534327070816417e+00,1.364873958479412309e-10,0.000000000000000000e+00,4.551334477207950503e+07,2.452417822951637208e+04,4.551334477207950503e+07,0.000000000000000000e+00,0.000000000000000000e+00,2.897102460212913156e+08,-7.691624118138347378e+32,-3.001917327373744637e+31,7.846647773284140452e+32,4.109914485453551043e+22,7.442786696801784053e+26,0.000000000000000000e+00,1.261671688271808183e+38,1.139204348220834073e+35,1.000000000000000000e+04,1.958640099722805132e+02,1.771083584232004941e+05
2.740000000000000000e+02,1.477197015320394380e+00,6.920368196257045545e+20,9.887660081788599342e+00,1.216091986758978828e-10,0.000000000000000000e+00,4.560198510956402123e+07,2.452417822951637208e+04,4.560198510956402123e+07,0.000000000000000000e+00,0.000000000000000000e+00,2.902741725855333209e+08,-7.542021167039699349e+32,-3.002406973974163990e+31,7.318712614730007384e+32,3.925267642656767974e+22,7.304033507369625402e+26,0.000000000000000000e+00,1.258967205630512378e+38,1.132615405634553551e+35,1.000000000000000000e+04,1.933307765014827737e+02,1.774531032481964212e+05
2.745000000000000000e+02,1.509333742636082443e+00,7.075507162845388472e+20,9.766882232884636750e+00,1.087401884709620763e-10,0.000000000000000000e+00,4.569079798716976494e+07,2.452417822951637208e+04,4.569079798716976494e+07,0.000000000000000000e+00,0.000000000000000000e+00,2.908391968436753750e+08,-7.400607907766507969e+32,-2.995952958478705098e+31,6.840929193726744737e+32,3.754184354513111378e+22,7.170029924215674628e+26,0.000000000000000000e+00,1.256239391676124325e+38,1.125992127721058678e+35,1.000000000000000000e+04,1.909001707911291987e+02,1.777985191256226972e+05
2.750000000000000000e+02,1.540928166584081715e+00,7.228300532952914985e+20,9.591508020356556585e+00,9.762532057817842919e-11,0.000000000000000000e+00,4.577978374074941128e+07,2.452417822951637208e+04,4.577978374074941128e+07,0.000000000000000000e+00,0.000000000000000000e+00,2.914053209323997498e+08,-7.267696625491264466e+32,-2.983334965608321445e+31,6.409803842266096262e+32,3.596352249943553160e+22,7.041537025825029732e+26,0.000000000000000000e+00,1.253519851612833233e+38,1.119413101537017005e+35,1.000000000000000000e+04,1.885809349713321978e+02,1.781446073616957583e+05
2.755000000000000000e+02,1.571809045067813937e+00,7.377939753962547446e+20,9.368124719461372152e+00,8.803056268243984459e-11,0.000000000000000000e+00,4.586894270680935681e+07,2.452417822951637208e+04,4.586894270680935681e+07,0.000000000000000000e+00,0.000000000000000000e+00,2.919725469925480485e+08,-7.143415418887273166e+32,-2.965257937429613788e+31,6.021622849991664280e+32,3.451239938502891772e+22,6.918942088737615452e+26,0.000000000000000000e+00,1.250825972233467196e+38,1.112919194911613584e+35,1.000000000000000000e+04,1.863789091810064065e+02,1.784913692651748133e+05
2.760000000000000000e+02,1.601826519803729143e+00,7.523714621126357811e+20,9.102615825016597384e+00,7.974674269248245928e-11,0.000000000000000000e+00,4.595827522251102328e+07,2.452417822951637208e+04,4.595827522251102328e+07,0.000000000000000000e+00,0.000000000000000000e+00,2.925408771691285968e+08,-7.027756678162196669e+32,-2.942353139578808348e+31,5.672669027833617199e+32,3.318222836030382067e+22,6.802573053248260978e+26,0.000000000000000000e+00,1.248178354450522857e+38,1.106557928398430675e+35,1.000000000000000000e+04,1.842976353989452036e+02,1.788388061473662383e+05
2.765000000000000000e+02,1.630849745516424365e+00,7.665002457016302305e+20,8.800199905335130524e+00,7.259029397238281098e-11,0.000000000000000000e+00,4.604778162567213923e+07,2.452417822951637208e+04,4.604778162567213923e+07,0.000000000000000000e+00,0.000000000000000000e+00,2.931103136113253832e+08,-6.920615970100353154e+32,-2.915181803788680957e+31,5.359361054855678425e+32,3.196475800621220155e+22,6.691845052506757535e+26,0.000000000000000000e+00,1.245539308087479213e+38,1.100239718665747644e+35,1.000000000000000000e+04,1.823388705944010724e+02,1.791869193221291644e+05
2.770000000000000000e+02,1.658764681916684580e+00,7.801258013829457510e+20,8.465481970912035692e+00,6.640218378407829698e-11,0.000000000000000000e+00,4.613746225476797670e+07,2.452417822951637208e+04,4.613746225476797670e+07,0.000000000000000000e+00,0.000000000000000000e+00,2.936808584725056291e+08,-6.821822651260126769e+32,-2.884240232961984001e+31,5.078336911068937502e+32,3.085272958706108072e+22,6.586684186756566983e+26,0.000000000000000000e+00,1.242908769162677162e+38,1.093964137711517664e+35,1.000000000000000000e+04,1.805030141617129971e+02,1.795357101058800472e+05
2.775000000000000000e+02,1.685472077251901402e+00,7.932004237411394519e+20,8.102510390693879572e+00,6.104588682579771058e-11,0.000000000000000000e+00,4.622731744893266261e+07,2.452417822951637208e+04,4.622731744893266261e+07,0.000000000000000000e+00,0.000000000000000000e+00,2.942525139102281928e+08,-6.731163590122492953e+32,-2.849965598725678081e+31,4.826498174917853171e+32,2.983825420118636521e+22,6.486509151610461292e+26,0.000000000000000000e+00,1.240253958687593527e+38,1.087651666144879014e+35,1.000000000000000000e+04,1.787894583284503938e+02,1.798851798175977892e+05
2.780000000000000000e+02,1.710885652931842360e+00,8.056823941749917614e+20,7.714834778891125566e+00,5.640495427240560449e-11,0.000000000000000000e+00,4.631734754796047509e+07,2.452417822951637208e+04,4.631734754796047509e+07,0.000000000000000000e+00,0.000000000000000000e+00,2.948252820862517953e+08,-6.648401292534768085e+32,-2.812741920688492668e+31,4.601027855046678030e+32,2.891490731883472775e+22,6.391383276530414207e+26,0.000000000000000000e+00,1.237587333309418862e+38,1.081333143207433792e+35,1.000000000000000000e+04,1.771968717066855277e+02,1.802353297788288328e+05
2.785000000000000000e+02,1.734930486410082962e+00,8.175352384867062252e+20,7.305562001270723194e+00,5.238051173629311069e-11,0.000000000000000000e+00,4.640755289230708033e+07,2.452417822951637208e+04,4.640755289230708033e+07,0.000000000000000000e+00,0.000000000000000000e+00,2.953991651665428281e+08,-6.573287570282960267e+32,-2.772905904990099302e+31,4.399391015544847801e+32,2.807736992555326033e+22,6.301784186892919899e+26,0.000000000000000000e+00,1.234953662598950009e+38,1.075114121882483119e+35,1.000000000000000000e+04,1.757234262597347367e+02,1.805861613136918750e+05
2.790000000000000000e+02,1.757541582116570744e+00,8.287270702157862011e+20,6.877408656154895716e+00,4.888887476971680329e-11,0.000000000000000000e+00,4.649793382309086621e+07,2.452417822951637208e+04,4.649793382309086621e+07,0.000000000000000000e+00,0.000000000000000000e+00,2.959741653212838173e+08,-6.505573716958544035e+32,-2.730752452217857485e+31,4.219324778694993375e+32,2.731987281536671023e+22,6.217649195118157828e+26,0.000000000000000000e+00,1.232361086379257167e+38,1.069012243138402619e+35,1.000000000000000000e+04,1.743669772867947927e+02,1.809376757488830190e+05
2.795000000000000000e+02,1.778662616246683426e+00,8.392300134159070003e+20,6.432749203161668206e+00,4.585937762278976277e-11,0.000000000000000000e+00,4.658849068209422380e+07,2.452417822951637208e+04,4.658849068209422380e+07,0.000000000000000000e+00,0.000000000000000000e+00,2.965502847248818278e+08,-6.445017984375113855e+32,-2.686539735244437800e+31,4.058822271550515341e+32,2.663624497032047729e+22,6.138365428699910067e+26,0.000000000000000000e+00,1.229776666907114508e+38,1.062950747205332936e+35,1.000000000000000000e+04,1.731252049834334059e+02,1.812898744136810128e+05
2.800000000000000000e+02,1.798244839480121815e+00,8.490196977216348488e+20,5.973659447858176819e+00,4.323245375294863895e-11,0.000000000000000000e+00,4.667922381176478416e+07,2.452417822951637208e+04,4.667922381176478416e+07,0.000000000000000000e+00,0.000000000000000000e+00,2.971275255559761524e+08,-6.391390999299323587e+32,-2.640493807275394810e+31,3.916113605170952361e+32,2.602158321394125059e+22,6.063771957081722102e+26,0.000000000000000000e+00,1.227200344880919273e+38,1.056929234803497488e+35,1.000000000000000000e+04,1.719957249647821413e+02,1.816427586399518477e+05
2.805000000000000000e+02,1.816246121417163462e+00,8.580748183787650417e+20,5.501955427696595180e+00,4.095797305188732036e-11,0.000000000000000000e+00,4.677013355521681160e+07,2.452417822951637208e+04,4.677013355521681160e+07,0.000000000000000000e+00,0.000000000000000000e+00,2.977058899974470735e+08,-6.344479628953312595e+32,-2.592812738493269762e+31,3.789645919035958732e+32,2.547109386843750557e+22,5.993463766442452299e+26,0.000000000000000000e+00,1.224613717689982603e+38,1.050903873094460015e+35,1.000000000000000000e+04,1.709761739848699449e+02,1.819963297621542006e+05
2.810000000000000000e+02,1.832630121120574662e+00,8.663767541572024402e+20,5.019227945989595874e+00,3.899382245835290915e-11,0.000000000000000000e+00,4.686122025623241812e+07,2.452417822951637208e+04,4.686122025623241812e+07,0.000000000000000000e+00,0.000000000000000000e+00,2.982853802364236116e+08,-6.304089694982673225e+32,-2.543670302850389161e+31,3.678063783709528230e+32,2.498046439011110617e+22,5.927039070592685355e+26,0.000000000000000000e+00,1.221997431913810879e+38,1.044829433410882963e+35,1.000000000000000000e+04,1.700642760258316173e+02,1.823505891173440905e+05
2.815000000000000000e+02,1.847365569256522955e+00,8.739092365505509458e+20,4.526873109907833204e+00,3.730470781614978383e-11,0.000000000000000000e+00,4.695248425926291198e+07,2.452417822951637208e+04,4.695248425926291198e+07,0.000000000000000000e+00,0.000000000000000000e+00,2.988659984642924666e+08,-6.270047847541236525e+32,-2.493219249524308802e+31,3.580190747642652688e+32,2.454800797484485024e+22,5.865506050772600646e+26,0.000000000000000000e+00,1.219439098098337636e+38,1.038908404934500687e+35,1.000000000000000000e+04,1.692578929983585567e+02,1.827055380451803503e+05
2.820000000000000000e+02,1.860425648684967515e+00,8.806580642740941619e+20,4.026119278971303395e+00,3.586115172900351328e-11,0.000000000000000000e+00,4.704392590943007171e+07,2.452417822951637208e+04,4.704392590943007171e+07,0.000000000000000000e+00,0.000000000000000000e+00,2.994477468767055869e+08,-6.242202841084393569e+32,-2.441594199960363024e+31,3.495012473699517596e+32,2.416983420889289510e+22,5.808208317423840224e+26,0.000000000000000000e+00,1.216898920487768124e+38,1.033049385714643212e+35,1.000000000000000000e+04,1.685550634979536824e+02,1.830611778879293706e+05
2.825000000000000000e+02,1.871787461801283081e+00,8.866108577286060769e+20,3.518050843945715656e+00,3.463866232631399446e-11,0.000000000000000000e+00,4.713554555252745748e+07,2.452417822951637208e+04,4.713554555252745748e+07,0.000000000000000000e+00,0.000000000000000000e+00,3.000306276735889912e+08,-6.220426398446443093e+32,-2.388914213661934158e+31,3.421661688649987335e+32,2.384308696095344768e+22,5.754887712485267444e+26,0.000000000000000000e+00,1.214366505794357992e+38,1.027228645984293543e+35,1.000000000000000000e+04,1.679540323942966893e+02,1.834175099904703384e+05
2.830000000000000000e+02,1.881431574377839366e+00,8.917568487550569677e+20,3.003629246848438683e+00,3.361704976797260622e-11,0.000000000000000000e+00,4.722734353502173722e+07,2.452417822951637208e+04,4.722734353502173722e+07,0.000000000000000000e+00,0.000000000000000000e+00,3.006146430591507554e+08,-6.204613807048789413e+32,-2.335285065536128503e+31,3.359405028797523816e+32,2.356550798455259687e+22,5.705429410431846759e+26,0.000000000000000000e+00,1.211841796497500988e+38,1.021445965998421975e+35,1.000000000000000000e+04,1.674532734804982113e+02,1.837745357003001845e+05
2.835000000000000000e+02,1.889341627039007543e+00,8.960867016373241119e+20,2.483711631455922220e+00,3.277987006378237005e-11,0.000000000000000000e+00,4.731932020405398309e+07,2.452417822951637208e+04,4.731932020405398309e+07,0.000000000000000000e+00,0.000000000000000000e+00,3.011997952418895960e+08,-6.194684358228603767e+32,-2.280801275832864249e+31,3.307631781555523891e+32,2.333477176824315878e+22,5.659437644157044087e+26,0.000000000000000000e+00,1.209302213315164418e+38,1.015648857719038748e+35,1.000000000000000000e+04,1.670515069597921638e+02,1.841322563675389101e+05
2.840000000000000000e+02,1.895504006801608909e+00,8.995923619049028977e+20,1.959067488188732220e+00,3.211397883068496494e-11,0.000000000000000000e+00,4.741147590744096041e+07,2.452417822951637208e+04,4.741147590744096041e+07,0.000000000000000000e+00,0.000000000000000000e+00,3.017860864346031547e+08,-6.190581715635847011e+32,-2.225547931419978960e+31,3.265844478120812566e+32,2.314964511696770564e+22,5.617010928488344503e+26,0.000000000000000000e+00,1.206763307699865991e+38,1.009871428349919542e+35,1.000000000000000000e+04,1.667477131832370389e+02,1.844906733449344756e+05
2.845000000000000000e+02,1.899907572313023429e+00,9.022669300393338470e+20,1.430393628913147364e+00,3.160918067094289963e-11,0.000000000000000000e+00,4.750381099367648363e+07,2.452417822951637208e+04,4.750381099367648363e+07,0.000000000000000000e+00,0.000000000000000000e+00,3.023735188543959856e+08,-6.192274279751149562e+32,-2.169602334467011477e+31,3.233651273956487644e+32,2.300969827757644893e+22,5.578582331231157238e+26,0.000000000000000000e+00,1.204265546975576409e+38,1.004206451025487814e+35,1.000000000000000000e+04,1.665411437585667329e+02,1.848497879878678650e+05
2.850000000000000000e+02,1.902543427522223274e+00,9.041045576968848015e+20,8.983278018537900200e-01,3.125796279038552851e-11,0.000000000000000000e+00,4.759632581193273515e+07,2.452417822951637208e+04,4.759632581193273515e+07,0.000000000000000000e+00,0.000000000000000000e+00,3.029620947226888537e+08,-6.199755601476712878e+32,-2.113035512237376847e+31,3.210760053093570102e+32,2.291340606375546428e+22,5.543659896345661859e+26,0.000000000000000000e+00,1.201775228279905471e+38,9.985784632694406080e+34,1.000000000000000000e+04,1.664313309141594743e+02,1.852096016543586156e+05
2.855000000000000000e+02,1.903404739537870372e+00,9.051003645318371738e+20,3.634612346718812392e-01,3.105530424454464934e-11,0.000000000000000000e+00,4.768902071206152439e+07,2.452417822951637208e+04,4.768902071206152439e+07,0.000000000000000000e+00,0.000000000000000000e+00,3.035518162652260661e+08,-6.213044887353141357e+32,-2.055913619643732190e+31,3.196974203617371807e+32,2.286021241405049930e+22,5.512181295026245760e+26,0.000000000000000000e+00,1.199292297076031875e+38,9.929871936829350998e+34,1.000000000000000000e+04,1.664180958113337567e+02,1.855701157050694455e+05
2.860000000000000000e+02,1.902486597371250587e+00,9.052503741435297137e+20,-1.736496250012440346e-01,3.099855481662182178e-11,0.000000000000000000e+00,4.778189604459570348e+07,2.452417822951637208e+04,4.778189604459570348e+07,0.000000000000000000e+00,0.000000000000000000e+00,3.041426857120846510e+08,-6.232187631411232507e+32,-1.998299264531395536e+31,3.192190031508928177e+32,2.284987797523726651e+22,5.484094404118979249e+26,0.000000000000000000e+00,1.196816702622647979e+38,9.874322963854212255e+34,1.000000000000000000e+04,1.665015563429719805e+02,1.859313315033117251e+05
2.865000000000000000e+02,1.899785909150140117e+00,9.045514680853613773e+20,-7.124719141153627033e-01,3.108738004441261871e-11,0.000000000000000000e+00,4.787495216075041145e+07,2.452417822951637208e+04,4.787495216075041145e+07,0.000000000000000000e+00,0.000000000000000000e+00,3.047347052976822853e+08,-6.257256403276816960e+32,-1.940252784744636391e+31,3.196395806040092226e+32,2.288201333986121325e+22,5.459040034866666920e+26,0.000000000000000000e+00,1.194324003663816634e+38,9.818562931553516719e+34,1.000000000000000000e+04,1.666821348278652977e+02,1.862932504150504246e+05
2.870000000000000000e+02,1.895301336239741952e+00,9.030013572732243149e+20,-1.252485454071299520e+00,3.132377139771057805e-11,0.000000000000000000e+00,4.796818941242443025e+07,2.452417822951637208e+04,4.796818941242443025e+07,0.000000000000000000e+00,0.000000000000000000e+00,3.053278772607862949e+08,-6.288351818349376740e+32,-1.881833505587083939e+31,3.209672460990979294e+32,2.295802736400044707e+22,5.437643818822117216e+26,0.000000000000000000e+00,1.191866929735144760e+38,9.763770249467248117e+34,1.000000000000000000e+04,1.669605659004663494e+02,1.866558738089096150e+05
2.875000000000000000e+02,1.889033263538146823e+00,9.005985705235104399e+20,-1.793171896990329195e+00,3.171212315626995693e-11,0.000000000000000000e+00,4.806160815220154077e+07,2.452417822951637208e+04,4.806160815220154077e+07,0.000000000000000000e+00,0.000000000000000000e+00,3.059222038445217013e+08,-6.325603713193584307e+32,-1.823101006638849197e+31,3.232196011611807398e+32,2.307810816442134587e+22,5.419545688353414168e+26,0.000000000000000000e+00,1.189417002330167699e+38,9.709329904167160514e+34,1.000000000000000000e+04,1.673379047978839651e+02,1.870192030561772699e+05
2.880000000000000000e+02,1.880983806047780371e+00,8.973424603471097364e+20,-2.334003663747806101e+00,3.225938026218770132e-11,0.000000000000000000e+00,4.815520873335181177e+07,2.452417822951637208e+04,4.815520873335181177e+07,0.000000000000000000e+00,0.000000000000000000e+00,3.065176872963796258e+08,-6.369172547285738622e+32,-1.764116428021505864e+31,3.264241787550558578e+32,2.324333070649914923e+22,5.404735865304153137e+26,0.000000000000000000e+00,1.186974172067810139e+38,9.655238645015456422e+34,1.000000000000000000e+04,1.678155361531921130e+02,1.873832395308105915e+05
2.885000000000000000e+02,1.871156852684498606e+00,8.932332265368987894e+20,-2.874432406268461637e+00,3.297526445133750938e-11,0.000000000000000000e+00,4.824899150983300060e+07,2.452417822951637208e+04,4.824899150983300060e+07,0.000000000000000000e+00,0.000000000000000000e+00,3.071143298682261109e+08,-6.419251050520713414e+32,-1.704943848192349506e+31,3.306190627351420975e+32,2.345513226963447395e+22,5.393215116533630297e+26,0.000000000000000000e+00,1.184538390268552854e+38,9.601493252544958426e+34,1.000000000000000000e+04,1.683951833096185169e+02,1.877479846094411914e+05
2.890000000000000000e+02,1.859558149195609467e+00,8.882719585233111613e+20,-3.413876705983710735e+00,3.387258946402870091e-11,0.000000000000000000e+00,4.834295683629179746e+07,2.452417822951637208e+04,4.834295683629179746e+07,0.000000000000000000e+00,0.000000000000000000e+00,3.077121338163106441e+08,-6.476066133960272923e+32,-1.645651768286595436e+31,3.358537231300616662e+32,2.371538430004500313e+22,5.385014625157523468e+26,0.000000000000000000e+00,1.182112019573512661e+38,9.548125746847344089e+34,1.000000000000000000e+04,1.690789180667179892e+02,1.881134396713804745e+05
2.895000000000000000e+02,1.846195423046069761e+00,8.824606979496640512e+20,-3.951708690415689507e+00,3.496768028605560741e-11,0.000000000000000000e+00,4.843710506806525588e+07,2.452417822951637208e+04,4.843710506806525588e+07,0.000000000000000000e+00,0.000000000000000000e+00,3.083111014012742639e+08,-6.539881078651743193e+32,-1.586314742119577016e+31,3.421900927182661143e+32,2.402630733835318329e+22,5.380133892222581065e+26,0.000000000000000000e+00,1.179694041014922511e+38,9.495092945691898387e+34,1.000000000000000000e+04,1.698691706488590398e+02,1.884796060986245575e+05
2.900000000000000000e+02,1.831078554228134925e+00,8.758025234504569324e+20,-4.487239210311044779e+00,3.628091641097522180e-11,0.000000000000000000e+00,4.853143656118207425e+07,2.452417822951637208e+04,4.853143656118207425e+07,0.000000000000000000e+00,0.000000000000000000e+00,3.089112348881586194e+08,-6.610998013294607511e+32,-1.527015196264409720e+31,3.497039168739998218e+32,2.439056087681858326e+22,5.378607143984877552e+26,0.000000000000000000e+00,1.177282908412919902e+38,9.442394788820429943e+34,1.000000000000000000e+04,1.707687395384810145e+02,1.888464852758596826e+05
2.905000000000000000e+02,1.814219797188644456e+00,8.683016602188576195e+20,-5.019701168599849161e+00,3.783742532896514963e-11,0.000000000000000000e+00,4.862595167236399651e+07,2.452417822951637208e+04,4.862595167236399651e+07,0.000000000000000000e+00,0.000000000000000000e+00,3.095125365464140773e+08,-6.689760685188752808e+32,-1.467845491395273740e+31,3.584864159903372643e+32,2.481132762882620627e+22,5.380477600829050959e+26,0.000000000000000000e+00,1.174878597193257341e+38,9.390028450533544542e+34,1.000000000000000000e+04,1.717808006295051655e+02,1.892140785904673685e+05
2.910000000000000000e+02,1.795634060488887851e+00,8.599636176431763948e+20,-5.548230528441254528e+00,3.966796018736477964e-11,0.000000000000000000e+00,4.872065075902710855e+07,2.452417822951637208e+04,4.872065075902710855e+07,0.000000000000000000e+00,0.000000000000000000e+00,3.101150086499088407e+08,-6.776557519048216339e+32,-1.408910284510821648e+31,3.686463079222997176e+32,2.529233305554452795e+22,5.385799179069393754e+26,0.000000000000000000e+00,1.172481062447759247e+38,9.337991479404132509e+34,1.000000000000000000e+04,1.729089149148191780e+02,1.895823874325298239e+05
2.915000000000000000e+02,1.775339252459134487e+00,8.507953590982103532e+20,-6.071844448850949760e+00,4.181000525718133365e-11,0.000000000000000000e+00,4.881553417928321660e+07,2.452417822951637208e+04,4.881553417928321660e+07,0.000000000000000000e+00,0.000000000000000000e+00,3.107186534769369960e+08,-6.871824943232595122e+32,-1.350329261982955715e+31,3.803122467320025166e+32,2.583853246424209687e+22,5.394982892094123102e+26,0.000000000000000000e+00,1.170118711572425877e+38,9.286878333853647169e+34,1.000000000000000000e+04,1.741570336065451841e+02,1.899514131948349241e+05
2.920000000000000000e+02,1.753356703032408648e+00,8.408055089201204429e+20,-6.589415901530432329e+00,4.430916498041425278e-11,0.000000000000000000e+00,4.891060229194121808e+07,2.452417822951637208e+04,4.891060229194121808e+07,0.000000000000000000e+00,0.000000000000000000e+00,3.113234733102274537e+08,-6.976050940408376298e+32,-1.292240325811706242e+31,3.936357432553441628e+32,2.645376561964105754e+22,5.407426263700154776e+26,0.000000000000000000e+00,1.167738305367176412e+38,9.235516643503414527e+34,1.000000000000000000e+04,1.755294991741223214e+02,1.903211572728817700e+05
2.925000000000000000e+02,1.729711674194202464e+00,8.300046026998952755e+20,-7.099644009791102661e+00,4.722090753451381051e-11,0.000000000000000000e+00,4.900585545650841296e+07,2.452417822951637208e+04,4.900585545650841296e+07,0.000000000000000000e+00,0.000000000000000000e+00,3.119294704369524717e+08,-7.089778746363482412e+32,-1.234803330255833239e+31,4.087946420015318254e+32,2.714430669024095371e+22,5.423543279299858862e+26,0.000000000000000000e+00,1.165364436203655616e+38,9.184476171823817463e+34,1.000000000000000000e+04,1.770310402414395980e+02,1.906916210648857232e+05
2.930000000000000000e+02,1.704433974124042406e+00,8.184053883290952663e+20,-7.601019219930328141e+00,5.061275263018468598e-11,0.000000000000000000e+00,4.910129403319189698e+07,2.452417822951637208e+04,4.910129403319189698e+07,0.000000000000000000e+00,0.000000000000000000e+00,3.125366471487364173e+08,-7.213610572150936919e+32,-1.178204483189770582e+31,4.259972364323480301e+32,2.791673287661866661e+22,5.443428162163100703e+26,0.000000000000000000e+00,1.162997120406226463e+38,9.133756782042683994e+34,1.000000000000000000e+04,1.786667575700804775e+02,1.910628059717838769e+05
2.935000000000000000e+02,1.677558693184330707e+00,8.060231867492523049e+20,-8.091782268131296973e+00,5.456701618632717794e-11,0.000000000000000000e+00,4.919691838289994746e+07,2.452417822951637208e+04,4.919691838289994746e+07,0.000000000000000000e+00,0.000000000000000000e+00,3.131450057416642904e+08,-7.348211154695087765e+32,-1.122661546026760333e+31,4.454871086174663410e+32,2.877854990500082431e+22,5.467182201411007583e+26,0.000000000000000000e+00,1.160636313374478870e+38,9.083357009937943471e+34,1.000000000000000000e+04,1.804420974207700397e+02,1.914347133972402080e+05
2.940000000000000000e+02,1.649127083480009359e+00,7.928763231176417608e+20,-8.569875746251470972e+00,5.918425185749236271e-11,0.000000000000000000e+00,4.929272886724328995e+07,2.452417822951637208e+04,4.929272886724328995e+07,0.000000000000000000e+00,0.000000000000000000e+00,3.137545485162903070e+08,-7.494310840845085700e+32,-1.068429987364749747e+31,4.675487760157786322e+32,2.973968059208034157e+22,5.495590236398837465e+26,0.000000000000000000e+00,1.158335776666798794e+38,9.034388803944947435e+34,1.000000000000000000e+04,1.823628073668245122e+02,1.918073447476509318e+05
2.945000000000000000e+02,1.619187607787718086e+00,7.789866411175483802e+20,-9.032886909323163849e+00,6.458756071217000856e-11,0.000000000000000000e+00,4.938872584853659570e+07,2.452417822951637208e+04,4.938872584853659570e+07,0.000000000000000000e+00,0.000000000000000000e+00,3.143652777776470780e+08,-7.652707767873322439e+32,-1.015810267284910692e+31,4.925142117535193175e+32,3.080719876620171398e+22,5.527423657614394443e+26,0.000000000000000000e+00,1.155991404994342863e+38,8.984634750355486274e+34,1.000000000000000000e+04,1.844348680571578711e+02,1.921807014321500028e+05
2.950000000000000000e+02,1.587797188209055577e+00,7.643801153996123013e+20,-9.477980224898995942e+00,7.092797385321631020e-11,0.000000000000000000e+00,4.948490968979974836e+07,2.452417822951637208e+04,4.948490968979974836e+07,0.000000000000000000e+00,0.000000000000000000e+00,3.149771958352538347e+08,-7.824268503750692321e+32,-9.651564492009368635e+30,5.207702656904678481e+32,3.199330242896459517e+22,5.563456575855029157e+26,0.000000000000000000e+00,1.153653312139377515e+38,8.935192729321723136e+34,1.000000000000000000e+04,1.866643924062791484e+02,1.925547848626140913e+05
2.955000000000000000e+02,1.555022689820122039e+00,7.490875795865223823e+20,-9.901818077705161869e+00,7.839114387996912814e-11,0.000000000000000000e+00,4.958128075475928932e+07,2.452417822951637208e+04,4.958128075475928932e+07,0.000000000000000000e+00,0.000000000000000000e+00,3.155903050031253099e+08,-8.009926232224003155e+32,-9.168863496418191303e+30,5.527669366663252826e+32,3.331032163935168600e+22,5.603798527157290446e+26,0.000000000000000000e+00,1.151321517138831564e+38,8.886062188708082948e+34,1.000000000000000000e+04,1.890574811335537788e+02,1.929295964536682586e+05
2.960000000000000000e+02,1.520942679592744318e+00,7.331455897743084749e+20,-1.030046807239101447e+01,8.720560021656415124e-11,0.000000000000000000e+00,4.967783940784972906e+07,2.452417822951637208e+04,4.967783940784972906e+07,0.000000000000000000e+00,0.000000000000000000e+00,3.162046075997803807e+08,-8.210675183749887993e+32,-8.714934359171802346e+30,5.890263081471884436e+32,3.477277080027719847e+22,5.648860413152159091e+26,0.000000000000000000e+00,1.149019716723471320e+38,8.837728670610714792e+34,1.000000000000000000e+04,1.916200204006439947e+02,1.933051376226909633e+05
2.965000000000000000e+02,1.485649505414632809e+00,7.165974457611145708e+20,-1.066929562746560123e+01,9.765281192180259846e-11,0.000000000000000000e+00,4.977458601421498507e+07,2.452417822951637208e+04,4.977458601421498507e+07,0.000000000000000000e+00,0.000000000000000000e+00,3.168201059482513666e+08,-8.427559490278405958e+32,-8.295606541779724939e+30,6.301517244136001705e+32,3.639630632693242895e+22,5.698818379632337574e+26,0.000000000000000000e+00,1.146755128952625950e+38,8.790314849559581185e+34,1.000000000000000000e+04,1.943574034565046702e+02,1.936814097898198816e+05
2.970000000000000000e+02,1.449251743171229068e+00,6.994943938614431580e+20,-1.100284118654813170e+01,1.100792257594169505e-10,0.000000000000000000e+00,4.987152093970970064e+07,2.452417822951637208e+04,4.987152093970970064e+07,0.000000000000000000e+00,0.000000000000000000e+00,3.174368023760919571e+08,-8.661653941179519970e+32,-7.917762956422079391e+30,6.768363996865691536e+32,3.819517991444835362e+22,5.752617828532009488e+26,0.000000000000000000e+00,1.144445335045004198e+38,8.742105370259831097e+34,1.000000000000000000e+04,1.972741537315713742e+02,1.940584143779567967e+05
2.975000000000000000e+02,1.411877059941704315e+00,6.818970353291081810e+20,-1.129468264568225955e+01,1.249102478107481320e-10,0.000000000000000000e+00,4.996864455090070516e+07,2.452417822951637208e+04,4.996864455090070516e+07,0.000000000000000000e+00,0.000000000000000000e+00,3.180546992153868675e+08,-8.914033200340621510e+32,-7.589518543219720549e+30,7.298700427068350270e+32,4.018918284884234679e+22,5.810972301203899943e+26,0.000000000000000000e+00,1.142141622032557889e+38,8.694195331383755627e+34,1.000000000000000000e+04,2.003734219381249773e+02,1.944361528127733618e+05
2.980000000000000000e+02,1.373675535746937015e+00,6.638769618211508060e+20,-1.153728589297695528e+01,1.426657145519883029e-10,0.000000000000000000e+00,5.006595721506832540e+07,2.452417822951637208e+04,5.006595721506832540e+07,0.000000000000000000e+00,0.000000000000000000e+00,3.186737988027599454e+08,-9.185724883192823436e+32,-7.320415466297024968e+30,7.901411417010506687e+32,4.239765730864845868e+22,5.873834409808929464e+26,0.000000000000000000e+00,1.139843975781486113e+38,8.646582697236546176e+34,1.000000000000000000e+04,2.036563249622759031e+02,1.948146265227161930e+05
2.985000000000000000e+02,1.334823470809554546e+00,6.455186319587438756e+20,-1.172185023503698353e+01,1.639755957869700274e-10,0.000000000000000000e+00,5.016345930020780116e+07,2.452417822951637208e+04,5.016345930020780116e+07,0.000000000000000000e+00,0.000000000000000000e+00,3.192941034793835282e+08,-9.477640495915869834e+32,-7.121626809260646284e+30,8.586311611288799158e+32,4.484318328782520005e+22,5.942030656386573565e+26,0.000000000000000000e+00,1.137620841805449622e+38,8.600649839989577486e+34,1.000000000000000000e+04,2.071210907467479103e+02,1.951938369390124863e+05
2.990000000000000000e+02,1.295527673655110457e+00,6.269214878047363400e+20,-1.183816171438136067e+01,1.895932502019204649e-10,0.000000000000000000e+00,5.026115117503070831e+07,2.452417822951637208e+04,5.026115117503070831e+07,0.000000000000000000e+00,0.000000000000000000e+00,3.199156155909869671e+08,-9.790476699563469562e+32,-7.006152845756293490e+30,9.363949156754733219e+32,4.754140562985721843e+22,6.013873406521155668e+26,0.000000000000000000e+00,1.135369113830055786e+38,8.554265581293672349e+34,1.000000000000000000e+04,2.107619729020797479e+02,1.955737854956753145e+05
2.995000000000000000e+02,1.256030168523952328e+00,6.082022825357053788e+20,-1.187447686372317079e+01,2.204011934731755831e-10,0.000000000000000000e+00,5.035903320896632224e+07,2.452417822951637208e+04,5.035903320896632224e+07,0.000000000000000000e+00,0.000000000000000000e+00,3.205383374878656268e+08,-1.012457793760694796e+33,-6.988981930978303135e+30,1.024518717752444578e+33,5.050976431046324650e+22,6.089018274163475813e+26,0.000000000000000000e+00,1.133092595282205580e+38,8.507524729789367200e+34,1.000000000000000000e+04,2.145679046722655130e+02,1.959544736295090697e+05
3.000000000000000000e+02,1.216613166141825575e+00,5.894975446836190904e+20,-1.181747333927425814e+01,2.574006782739506398e-10,0.000000000000000000e+00,5.045710577216300368e+07,2.452417822951637208e+04,5.045710577216300368e+07,0.000000000000000000e+00,0.000000000000000000e+00,3.211622715248898864e+08,-1.047975071295835646e+33,-7.087170434594854925e+30,1.124044622087981624e+33,5.376269425525041136e+22,6.167335090438299108e+26,0.000000000000000000e+00,1.130821959200449085e+38,8.461070419904992401e+34,1.000000000000000000e+04,2.185208790748855563e+02,1.963359027801149641e+05
3.005000000000000000e+02,1.177603994636160722e+00,5.709660325325068698e+20,-1.165232284992576517e+01,3.016711972415336788e-10,0.000000000000000000e+00,5.055536923548962176e+07,2.452417822951637208e+04,5.055536923548962176e+07,0.000000000000000000e+00,0.000000000000000000e+00,3.217874200615139008e+08,-1.085502076167822581e+33,-7.319771910505428516e+30,1.235845713313301066e+33,5.730812006236933430e+22,6.248690767863380279e+26,0.000000000000000000e+00,1.128602925644231467e+38,8.415814049726558713e+34,1.000000000000000000e+04,2.225940774725811195e+02,1.967180743898964429e+05
3.010000000000000000e+02,1.139379471347114370e+00,5.527909266797166592e+20,-1.136296540728190152e+01,3.542796418838924608e-10,0.000000000000000000e+00,5.065382397053693980e+07,2.452417822951637208e+04,5.065382397053693980e+07,0.000000000000000000e+00,0.000000000000000000e+00,3.224137854617843032e+08,-1.124832878313675910e+33,-7.707515301282489345e+30,1.360435240052128023e+33,6.113910102318798760e+22,6.331791985661581856e+26,0.000000000000000000e+00,1.126420644039293891e+38,8.371443870813238771e+34,1.000000000000000000e+04,2.267498309991995029e+02,1.971009899040644523e+05
3.015000000000000000e+02,1.102368901059749495e+00,5.351813641387214111e+20,-1.093268892829550865e+01,4.161130511539880027e-10,0.000000000000000000e+00,5.075247034961906821e+07,2.452417822951637208e+04,5.075247034961906821e+07,0.000000000000000000e+00,0.000000000000000000e+00,3.230413700943496823e+08,-1.165617079827586767e+33,-8.272099314156273758e+30,1.497694261736041602e+33,6.522516795033170162e+22,6.413590806974703923e+26,0.000000000000000000e+00,1.124170547315861904e+38,8.325825609260364726e+34,1.000000000000000000e+04,2.309375962055443097e+02,1.974846507706432312e+05
3.020000000000000000e+02,1.067054519766849063e+00,5.183727373016220303e+20,-1.034513610481200807e+01,4.876082117592000839e-10,0.000000000000000000e+00,5.085130874577478319e+07,2.452417822951637208e+04,5.085130874577478319e+07,0.000000000000000000e+00,0.000000000000000000e+00,3.236701763324691653e+08,-1.207320869639829287e+33,-9.034945767927405017e+30,1.646513061704004069e+33,6.951997340902771550e+22,6.493417651388823635e+26,0.000000000000000000e+00,1.121926072390529455e+38,8.280483721141363327e+34,1.000000000000000000e+04,2.350922608011741488e+02,1.978690584404756082e+05
3.025000000000000000e+02,1.033967813583835049e+00,5.026249887607071703e+20,-9.585854535423273148e+00,5.683644758609998603e-10,0.000000000000000000e+00,5.095033953276901692e+07,2.452417822951637208e+04,5.095033953276901692e+07,0.000000000000000000e+00,0.000000000000000000e+00,3.243002065540214181e+08,-1.249190748446721524e+33,-1.001525969659233747e+31,1.804367277444764067e+33,7.394255993903482982e+22,6.569554821320305107e+26,0.000000000000000000e+00,1.119717040323246336e+38,8.236006227518875011e+34,1.000000000000000000e+04,2.391332562703372844e+02,1.982542143672284437e+05
3.030000000000000000e+02,1.003679847069618214e+00,4.882179853388257034e+20,-8.644450443300573994e+00,6.566651651519430875e-10,0.000000000000000000e+00,5.104956308509422839e+07,2.452417822951637208e+04,5.104956308509422839e+07,0.000000000000000000e+00,0.000000000000000000e+00,3.249314631415138245e+08,-1.290229702340422282e+33,-1.122731136154700695e+31,1.966895971809862411e+33,7.837250330156223536e+22,6.639790812377971939e+26,0.000000000000000000e+00,1.117563570910386895e+38,8.192778195839025546e+34,1.000000000000000000e+04,2.429651042255215430e+02,1.986401200073983055e+05
3.030646252821379107e+02,1.000000000000003109e+00,4.864687599920040509e+20,-8.509196422351724465e+00,6.684699941096785685e-10,0.000000000000000000e+00,5.106240187230315059e+07,2.452417822951637208e+04,5.106240187230315059e+07,0.000000000000000000e+00,0.000000000000000000e+00,3.250131430331435204e+08,-1.295411759519843705e+33,-1.140130908336946862e+31,1.987932773883923294e+33,7.893560149284726243e+22,6.647834523652977529e+26,0.000000000000000000e+00,1.117260971107696188e+38,8.186713887233971625e+34,1.000000000000000000e+04,2.434396364249327007e+02,1.986900533173912554e+05
