time_myr,r_over_R0,radius_cm,velocity_km_s,pressure_erg_cm3,sfr_msun_yr,gas_msun,formed_msun,incident_shell_msun,central_gas_msun,other_shell_msun,halo_msun,gravity_dyne,accretion_dyne,pressure_dyne,uv_dyne,lya_dyne,sn_per_myr,uv_erg_s,lya_erg_s,shell_temperature_K,force_multiplier,shell_loading_msun_myr
0.000000000000000000e+00,1.000000000000000000e+00,7.075459479908947067e+20,2.906670353804853835e-01,0.000000000000000000e+00,4.335262237771667082e-02,1.571841851494696438e+08,0.000000000000000000e+00,1.571841851494696438e+08,0.000000000000000000e+00,0.000000000000000000e+00,1.000000000000000000e+09,-5.799828290799696810e+33,-9.981337820876872194e+31,0.000000000000000000e+00,0.000000000000000000e+00,0.000000000000000000e+00,0.000000000000000000e+00,0.000000000000000000e+00,0.000000000000000000e+00,nan,nan,6.113292879886081209e+05
5.000000000000000000e-01,1.000000000000000000e+00,7.080047343713634222e+20,2.908555094682283015e-01,2.211951735023079018e-12,4.343102519103018977e-02,1.574684512825939357e+08,2.169590550515055656e+04,1.574684512825939357e+08,0.000000000000000000e+00,0.000000000000000000e+00,1.001946519227354169e+09,-5.814084747452532613e+33,-1.000725137603552829e+32,1.393342338793118178e+31,0.000000000000000000e+00,0.000000000000000000e+00,2.214298304089352953e+01,1.066197729888819527e+41,1.961747432280803239e+40,nan,nan,6.125192522019227035e+05
1.000000000000000000e+00,1.000000000000000000e+00,7.084638182377319301e+20,2.910441057661892206e-01,9.192560698035091586e-12,4.350958144207345973e-02,1.577532737369555533e+08,4.343105076399445534e+04,1.577532737369555533e+08,0.000000000000000000e+00,0.000000000000000000e+00,1.003896827391810775e+09,-5.828377807836673916e+33,-1.003323220798142200e+32,5.798046860170002278e+31,0.000000000000000000e+00,0.000000000000000000e+00,3.949568272010561998e+01,1.409500668937438300e+41,2.517455947148334264e+40,nan,nan,6.137115327034582151e+05
1.500000000000000000e+00,1.000000000000000000e+00,7.089231997828954849e+20,2.912328243536115302e-01,1.953330147086533087e-11,4.358829142940221640e-02,1.580386535950320363e+08,6.520551256993412971e+04,1.580386535950320363e+08,0.000000000000000000e+00,0.000000000000000000e+00,1.005850931868608832e+09,-5.842707566774048410e+33,-1.005928049137859801e+32,1.233627082106657303e+32,0.000000000000000000e+00,0.000000000000000000e+00,5.313811294645128669e+01,1.625458668648341351e+41,2.828843390483279989e+40,nan,nan,6.149061340019145282e+05
2.000000000000000000e+00,1.000000000000000000e+00,7.093828791998750392e+20,2.914216653097900789e-01,3.261269929418315139e-11,4.366715545215331395e-02,1.583245919414078593e+08,8.701936786594986916e+04,1.583245919414078593e+08,0.000000000000000000e+00,0.000000000000000000e+00,1.007808840047343016e+09,-5.857074119332635680e+33,-1.008539640134453965e+32,2.062329316440051904e+32,0.000000000000000000e+00,0.000000000000000000e+00,6.483239807957718881e+01,1.786013740313732612e+41,3.039388847296382054e+40,nan,nan,6.161030606147672515e+05
2.500000000000000000e+00,1.000000000000000000e+00,7.098428566818163261e+20,2.916106287140712294e-01,4.806201708702819035e-11,4.374617381004591854e-02,1.586110898627788723e+08,1.088726937445998192e+05,1.586110898627788723e+08,0.000000000000000000e+00,0.000000000000000000e+00,1.009770559331992745e+09,-5.871477560827132442e+33,-1.011158011345140106e+32,3.043240605999207805e+32,0.000000000000000000e+00,0.000000000000000000e+00,7.527161057749538031e+01,1.915030712800413433e+41,3.195437726467612739e+40,nan,nan,6.173023170682856580e+05
3.000000000000000000e+00,1.000000000000000000e+00,7.103031324219903836e+20,2.917997146458525259e-01,6.562661964938578196e-11,4.382534680338259769e-02,1.588981484479561150e+08,1.307655674485564232e+05,1.588981484479561150e+08,0.000000000000000000e+00,0.000000000000000000e+00,1.011736097140948534e+09,-5.885917986819586651e+33,-1.013783180372712586e+32,4.160804961774694347e+32,0.000000000000000000e+00,0.000000000000000000e+00,8.481476375220034924e+01,2.023538593644416942e+41,3.317747091702988851e+40,nan,nan,6.185039078975493321e+05
3.500000000000000000e+00,1.000000000000000000e+00,7.107637066137934234e+20,2.919889231845831934e-01,8.511641441170513288e-11,4.390467473305051382e-02,1.591857687878701985e+08,1.526980663707256317e+05,1.591857687878701985e+08,0.000000000000000000e+00,0.000000000000000000e+00,1.013705460907041669e+09,-5.900395493120033913e+33,-1.016415164865668839e+32,5.403481531770734904e+32,0.000000000000000000e+00,0.000000000000000000e+00,9.367670449554002232e+01,2.117584971868746008e+41,3.417341026466297106e+40,nan,nan,6.197078376464655157e+05
4.000000000000000000e+00,1.000000000000000000e+00,7.112245794507474862e+20,2.921782544097639711e-01,1.063815027507790702e-10,4.398415790052250668e-02,1.594739519755752385e+08,1.746702680546045303e+05,1.594739519755752385e+08,0.000000000000000000e+00,0.000000000000000000e+00,1.015678658077571154e+09,-5.914910175787146581e+33,-1.019053982518323578e+32,6.762223166374952029e+32,0.000000000000000000e+00,0.000000000000000000e+00,1.019981751290100362e+02,2.200859610685809893e+41,3.500737453537648566e+40,nan,nan,6.209141108677864540e+05
4.500000000000000000e+00,1.000000000000000000e+00,7.116857511264996557e+20,2.923677084009471128e-01,1.292992396600279761e-10,4.406379660785825214e-02,1.597626991062531173e+08,1.966822501945495605e+05,1.597626991062531173e+08,0.000000000000000000e+00,0.000000000000000000e+00,1.017655696114332557e+09,-5.929462131128881694e+33,-1.021699651070930574e+32,8.229669161210244635e+32,0.000000000000000000e+00,0.000000000000000000e+00,1.098774770346973355e+02,2.275787209785908825e+41,3.572090184730153795e+40,nan,nan,6.221227321231262758e+05
5.000000000000000000e+00,1.000000000000000000e+00,7.121472218348227133e+20,2.925572852377364419e-01,1.537667523716254321e-10,4.414359115770542102e-02,1.600520112772174776e+08,2.187340906361937523e+05,1.600520112772174776e+08,0.000000000000000000e+00,0.000000000000000000e+00,1.019636582493645549e+09,-5.944051455703115085e+33,-1.024352188309798852e+32,9.799679556617280738e+32,0.000000000000000000e+00,0.000000000000000000e+00,1.173864061832035759e+02,2.344048874696388195e+41,3.634194967957420171e+40,nan,nan,6.233337059829779901e+05
5.500000000000000000e+00,1.000000000000000000e+00,7.126089917696154010e+20,2.927469849997874074e-01,1.796958842784659453e-10,4.422354185330079623e-02,1.603418895879180431e+08,2.408258673765361309e+05,1.603418895879180431e+08,0.000000000000000000e+00,0.000000000000000000e+00,1.021621324706383228e+09,-5.958678246318304314e+33,-1.027011612067417703e+32,1.146702053619468831e+33,0.000000000000000000e+00,0.000000000000000000e+00,1.245793687850625560e+02,2.406860296919567508e+41,3.689016140223761895e+40,nan,nan,6.245470370267318795e+05
6.000000000000000000e+00,1.000000000000000000e+00,7.130710611249013719e+20,2.929368077668070280e-01,2.070098346425340593e-10,4.430364899847142462e-02,1.606323351399446428e+08,2.629576585643887520e+05,1.606323351399446428e+08,0.000000000000000000e+00,0.000000000000000000e+00,1.023609930257999063e+09,-5.973342600034137758e+33,-1.029677940222569462e+32,1.322715569990118769e+33,0.000000000000000000e+00,0.000000000000000000e+00,1.314987534994215252e+02,2.465129916074957586e+41,3.737981207381590496e+40,nan,nan,6.257627298426913330e+05
6.500000000000000000e+00,1.000000000000000000e+00,7.135334300948310262e+20,2.931267536185541700e-01,2.356408061480826875e-10,4.438391289763580355e-02,1.609233490370314419e+08,2.851295425006747246e+05,1.609233490370314419e+08,0.000000000000000000e+00,0.000000000000000000e+00,1.025602406668556929e+09,-5.988044614162181404e+33,-1.032351190700456327e+32,1.507610017043569921e+33,0.000000000000000000e+00,0.000000000000000000e+00,1.381783479510353345e+02,2.519554989178241381e+41,3.782156618986107376e+40,nan,nan,6.269807890280918218e+05
7.000000000000000000e+00,1.000000000000000000e+00,7.139960988736803308e+20,2.933168226348394358e-01,2.655282921546654902e-10,4.446433385580497721e-02,1.612149323850611150e+08,3.073415976385772228e+05,1.612149323850611150e+08,0.000000000000000000e+00,0.000000000000000000e+00,1.027598761472757936e+09,-6.002784386266526788e+33,-1.035031381472815828e+32,1.701031452675977311e+33,0.000000000000000000e+00,0.000000000000000000e+00,1.446456480999668202e+02,2.570683056246967266e+41,3.822358058679568532e+40,nan,nan,6.282012191891166149e+05
7.500000000000000000e+00,1.000000000000000000e+00,7.144590676558508196e+20,2.935070148955248870e-01,2.966177904598394571e-10,4.454491217858374402e-02,1.615070862920690775e+08,3.295939025838971138e+05,1.615070862920690775e+08,0.000000000000000000e+00,0.000000000000000000e+00,1.029599002219970107e+09,-6.017562014164468913e+33,-1.037718530558045132e+32,1.902662525649522467e+33,0.000000000000000000e+00,0.000000000000000000e+00,1.509232754794815037e+02,2.618951388466066856e+41,3.859220726175043541e+40,nan,nan,6.294240249409156386e+05
8.000000000000000000e+00,1.000000000000000000e+00,7.149223366358706422e+20,2.936973304805246543e-01,3.288597968012047640e-10,4.462564817217172519e-02,1.617998118682474494e+08,3.518865360955893993e+05,1.617998118682474494e+08,0.000000000000000000e+00,0.000000000000000000e+00,1.031603136474255919e+09,-6.032377595927132287e+33,-1.040412656021320472e+32,2.112216254496665630e+33,0.000000000000000000e+00,0.000000000000000000e+00,1.570303348460677739e+02,2.664716486380523384e+41,3.893249475484430352e+40,nan,nan,6.306492109076217748e+05
8.500000000000000000e+00,1.000000000000000000e+00,7.153859060083936461e+20,2.938877694698044940e-01,3.622090824247971646e-10,4.470654214336464150e-02,1.620931102259495258e+08,3.742195770857036114e+05,1.620931102259495258e+08,0.000000000000000000e+00,0.000000000000000000e+00,1.033611171814401865e+09,-6.047231229880159219e+33,-1.043113775974717851e+32,2.329431583944329342e+33,0.000000000000000000e+00,0.000000000000000000e+00,1.629827991404664260e+02,2.708270632700176136e+41,3.924848760435569802e+40,nan,nan,6.318767817223691382e+05
9.000000000000000000e+00,1.000000000000000000e+00,7.158497759682004255e+20,2.940783319433822873e-01,3.966240396931239822e-10,4.478759439955538879e-02,1.623869824796939194e+08,3.965931046198010445e+05,1.623869824796939194e+08,0.000000000000000000e+00,0.000000000000000000e+00,1.035623115833946586e+09,-6.062123014604350836e+33,-1.045821908577336975e+32,2.554069344113242282e+33,0.000000000000000000e+00,0.000000000000000000e+00,1.687944596752916766e+02,2.749858408062830030e+41,3.954348972336363201e+40,nan,nan,6.331067420273104217e+05
9.500000000000000000e+00,1.000000000000000000e+00,7.163139467101974036e+20,2.942690179813275964e-01,4.320661978537987507e-10,4.486880524873523846e-02,1.626814297461686730e+08,4.190071979173719883e+05,1.626814297461686730e+08,0.000000000000000000e+00,0.000000000000000000e+00,1.037638976141209960e+09,-6.077053048936341551e+33,-1.048537072035422309e+32,2.785909274772592823e+33,0.000000000000000000e+00,0.000000000000000000e+00,1.744772596386982570e+02,2.789686155139684671e+41,3.982022468644728067e+40,nan,nan,6.343390964736341266e+05
1.000000000000000000e+01,1.000000000000000000e+00,7.167784184294172262e+20,2.944598276637617751e-01,4.684998446845724759e-10,4.495017499949494760e-02,1.629764531442354620e+08,4.414619363521039486e+05,1.629764531442354620e+08,0.000000000000000000e+00,0.000000000000000000e+00,1.039658760359320760e+09,-6.092021431969253916e+33,-1.051259284602484503e+32,3.024747709432114521e+33,0.000000000000000000e+00,0.000000000000000000e+00,1.800415013692097546e+02,2.827928834616594292e+41,4.008095257234504910e+40,nan,nan,6.355738497215824900e+05
1.050000000000000000e+01,1.000000000000000000e+00,7.172431913210198098e+20,2.946507610708584135e-01,5.058916870945742949e-10,4.503170396102601503e-02,1.632720537949340641e+08,4.639573994520008564e+05,1.632720537949340641e+08,0.000000000000000000e+00,0.000000000000000000e+00,1.041682476126247525e+09,-6.107028263053370778e+33,-1.053988564579424679e+32,3.270395492757024852e+33,0.000000000000000000e+00,0.000000000000000000e+00,1.854963558799309737e+02,2.864737424183375859e+41,4.032757919765446901e+40,nan,nan,6.368110064404691802e+05
1.100000000000000000e+01,1.000000000000000000e+00,7.177082655802907689e+20,2.948418182828428935e-01,5.442105446646346893e-10,4.511339244312178448e-02,1.635682328214863241e+08,4.864936668998897076e+05,1.635682328214863241e+08,0.000000000000000000e+00,0.000000000000000000e+00,1.043710131094825149e+09,-6.122073641796797057e+33,-1.056724930314656399e+32,3.522676094558969982e+33,0.000000000000000000e+00,0.000000000000000000e+00,1.908497338401718935e+02,2.900241344967507474e+41,4.056170696884253074e+40,nan,nan,6.380505713086962933e+05
1.150000000000000000e+01,1.000000000000000000e+00,7.181736414026425958e+20,2.950329993799926664e-01,5.834271507168925613e-10,4.519524075617861042e-02,1.638649913493005335e+08,5.090708185336589813e+05,1.638649913493005335e+08,0.000000000000000000e+00,0.000000000000000000e+00,1.045741732932785392e+09,-6.137157668066141118e+33,-1.059468400204229597e+32,3.781424405671886013e+33,0.000000000000000000e+00,0.000000000000000000e+00,1.961089450790442186e+02,2.934554972179809029e+41,4.078471793567285674e+40,nan,nan,6.392925490137728630e+05
1.200000000000000000e+01,1.000000000000000000e+00,7.186393189836149228e+20,2.952243044426373086e-01,6.235139414232217591e-10,4.527724921119712087e-02,1.641623305059757829e+08,5.316889343464076519e+05,1.641623305059757829e+08,0.000000000000000000e+00,0.000000000000000000e+00,1.047777289322785854e+09,-6.152280441987168484e+33,-1.062218992691954161e+32,4.046485446502478044e+33,0.000000000000000000e+00,0.000000000000000000e+00,2.012801558432664422e+02,2.967776403713134123e+41,4.099777930040580961e+40,nan,nan,6.405369442523324396e+05
1.250000000000000000e+01,1.000000000000000000e+00,7.191052985188737352e+20,2.954157335511584659e-01,6.644448831171198726e-10,4.535941811978325133e-02,1.644602514213059545e+08,5.543480944870710373e+05,1.644602514213059545e+08,0.000000000000000000e+00,0.000000000000000000e+00,1.049816807962437749e+09,-6.167442063945487818e+33,-1.064976726269523333e+32,4.317713313487072632e+33,0.000000000000000000e+00,0.000000000000000000e+00,2.063692753840347507e+02,2.999994248443446443e+41,4.120191845381216797e+40,nan,nan,6.417837617301503196e+05
1.300000000000000000e+01,1.000000000000000000e+00,7.195715802042117652e+20,2.956072867859897424e-01,7.061953337457750953e-10,4.544174779414952847e-02,1.647587552272841632e+08,5.770483792604804039e+05,1.647587552272841632e+08,0.000000000000000000e+00,0.000000000000000000e+00,1.051860296564335942e+09,-6.182642634587219621e+33,-1.067741619476638725e+32,4.594970339223397190e+33,0.000000000000000000e+00,0.000000000000000000e+00,2.113813238672121315e+02,3.031285256429454905e+41,4.139801258226706280e+40,nan,nan,6.430330061621615896e+05
1.350000000000000000e+01,1.000000000000000000e+00,7.200381642355492782e+20,2.957989642276172004e-01,7.487419058202876635e-10,4.552423854711625667e-02,1.650578430581071973e+08,5.997898691276609898e+05,1.650578430581071973e+08,0.000000000000000000e+00,0.000000000000000000e+00,1.053907762856089115e+09,-6.197882254819676458e+33,-1.070513690901135522e+32,4.878126255589677580e+33,0.000000000000000000e+00,0.000000000000000000e+00,2.163209808328252279e+02,3.061718512323580778e+41,4.158683429417503045e+40,nan,nan,6.442846822724797530e+05
1.400000000000000000e+01,1.000000000000000000e+00,7.205050508089328927e+20,2.959907659565786942e-01,7.920623564995259378e-10,4.560689069211260743e-02,1.653575160501794219e+08,6.225726447062492371e+05,1.653575160501794219e+08,0.000000000000000000e+00,0.000000000000000000e+00,1.055959214580346227e+09,-6.213161025812037409e+33,-1.073292959179105339e+32,5.167057527142859210e+33,0.000000000000000000e+00,0.000000000000000000e+00,2.211925754712480625e+02,3.091356191278911737e+41,4.176906464003672671e+40,nan,nan,6.455387947944129119e+05
1.450000000000000000e+01,1.000000000000000000e+00,7.209722401205368914e+20,2.961826920534646468e-01,8.361355089336498588e-10,4.568970454317791696e-02,1.656577753421174586e+08,6.453967867707610130e+05,1.656577753421174586e+08,0.000000000000000000e+00,0.000000000000000000e+00,1.058014659494828701e+09,-6.228479048996028302e+33,-1.076079442995023042e+32,5.461646883323794634e+33,0.000000000000000000e+00,0.000000000000000000e+00,2.259998662957738702e+02,3.120253096185880050e+41,4.194529560612845541e+40,nan,nan,6.467953484704832081e+05
1.500000000000000000e+01,1.000000000000000000e+00,7.214397323666625659e+20,2.963747425989177176e-01,8.809411364652857797e-10,4.577268041496278944e-02,1.659586220747542083e+08,6.682623762528896332e+05,1.659586220747542083e+08,0.000000000000000000e+00,0.000000000000000000e+00,1.060074105372357965e+09,-6.243836426066603084e+33,-1.078873161081873390e+32,5.761782603916420671e+33,0.000000000000000000e+00,0.000000000000000000e+00,2.307465155861674475e+02,3.148459798080963965e+41,4.211606037831522707e+40,nan,nan,6.480543480524442857e+05
1.550000000000000000e+01,1.000000000000000000e+00,7.219075277437383475e+20,2.965669176736324686e-01,9.264599085395943645e-10,4.585581862273032522e-02,1.662600573911433816e+08,6.911694942417144775e+05,1.662600573911433816e+08,0.000000000000000000e+00,0.000000000000000000e+00,1.062137560000885606e+09,-6.259233258982634421e+33,-1.081674132221274436e+32,6.067358202911178949e+33,0.000000000000000000e+00,0.000000000000000000e+00,2.354356469641002434e+02,3.176020797129371552e+41,4.228182304636692054e+40,nan,nan,6.493157983012988698e+05
1.600000000000000000e+01,1.000000000000000000e+00,7.223756264483202007e+20,2.967592173583563087e-01,9.726733202111339388e-10,4.593911948235729348e-02,1.665620824365636110e+08,7.141182219842672348e+05,1.665620824365636110e+08,0.000000000000000000e+00,0.000000000000000000e+00,1.064205031183522224e+09,-6.274669649967583549e+33,-1.084482375243605604e+32,6.378272002198868415e+33,0.000000000000000000e+00,0.000000000000000000e+00,2.400702646017203676e+02,3.202977150268885115e+41,4.244300262806660287e+40,nan,nan,6.505797039873171598e+05
1.600881234880977644e+01,9.999999999999997780e-01,7.223838792677695160e+20,2.967626077000998230e-01,9.734939387668561935e-10,0.000000000000000000e+00,1.665674108320718110e+08,7.145230600045025349e+05,1.665674108320718110e+08,0.000000000000000000e+00,0.000000000000000000e+00,1.064241505804190755e+09,-6.274942067052223451e+33,-1.084531935003308099e+32,6.383799041903698113e+33,0.000000000000000000e+00,0.000000000000000000e+00,2.401514343534570344e+02,3.203446617060760517e+41,4.244580147612386387e+40,nan,nan,6.506020019912000280e+05
1.650000000000000000e+01,1.000048091168230791e+00,7.228787910908792013e+20,3.635710555194156535e-01,1.017196095867198617e-09,0.000000000000000000e+00,1.668872839394040108e+08,7.145230600045025349e+05,1.668872839394040108e+08,0.000000000000000000e+00,0.000000000000000000e+00,1.066276526738567829e+09,-6.290694562615888346e+33,-1.090034108794735505e+32,6.679523998504461105e+33,0.000000000000000000e+00,0.000000000000000000e+00,2.215826478805213355e+02,2.108758858686874435e+41,2.197083034342775285e+40,nan,nan,6.518460698900547577e+05
1.700000000000000000e+01,1.000383212175369962e+00,7.235899168733723361e+20,5.578201171700857275e-01,1.056099206924662113e-09,0.000000000000000000e+00,1.672135240792676508e+08,7.145230600045025349e+05,1.672135240792676508e+08,0.000000000000000000e+00,0.000000000000000000e+00,1.068352054499541044e+09,-6.304966103006766759e+33,-1.100848102761994250e+32,6.948636500405804775e+33,0.000000000000000000e+00,0.000000000000000000e+00,2.076171324882778890e+02,1.766513381870930906e+41,1.615077590287452477e+40,nan,nan,6.531149007983710617e+05
1.750000000000000000e+01,1.001267188701984612e+00,7.246989125439001723e+20,8.657357258267808220e-01,1.089219872413325833e-09,0.000000000000000000e+00,1.675403992518362999e+08,7.145230600045025349e+05,1.675403992518362999e+08,0.000000000000000000e+00,0.000000000000000000e+00,1.070431622315207720e+09,-6.315806650430458524e+33,-1.116387236882528584e+32,7.188539104436989304e+33,0.000000000000000000e+00,0.000000000000000000e+00,1.975983497436965877e+02,1.561512730778092373e+41,1.297244615100352747e+40,nan,nan,6.543862015104466118e+05
1.800000000000000000e+01,1.002932607358329786e+00,7.263750024606583357e+20,1.274458578292138711e+00,1.115688413301337434e-09,0.000000000000000000e+00,1.678679106932132840e+08,7.145230600045025349e+05,1.678679106932132840e+08,0.000000000000000000e+00,0.000000000000000000e+00,1.072515238049612164e+09,-6.321741194709060101e+33,-1.136147740386342059e+32,7.397322733637333566e+33,0.000000000000000000e+00,0.000000000000000000e+00,1.896188175060498224e+02,1.415468593799789851e+41,1.087362197368319257e+40,nan,nan,6.556599768338019494e+05
1.850000000000000000e+01,1.005583012416084054e+00,7.287668013088166380e+20,1.770616856021888008e+00,1.134530628892930341e-09,0.000000000000000000e+00,1.681960596419080496e+08,7.145230600045025349e+05,1.681960596419080496e+08,0.000000000000000000e+00,0.000000000000000000e+00,1.074602909582106113e+09,-6.321500568037605762e+33,-1.159600598526990647e+32,7.571871753891811462e+33,0.000000000000000000e+00,0.000000000000000000e+00,1.829357762461233960e+02,1.302693282961067858e+41,9.354896339035180903e+39,nan,nan,6.569362315853155451e+05
1.900000000000000000e+01,1.009391417573609173e+00,7.320011673177206292e+20,2.339990750924807905e+00,1.144906015681588409e-09,0.000000000000000000e+00,1.685248473388409615e+08,7.145230600045025349e+05,1.685248473388409615e+08,0.000000000000000000e+00,0.000000000000000000e+00,1.076694644807378531e+09,-6.314051797603801614e+33,-1.186177413069894173e+32,7.709092355173042145e+33,0.000000000000000000e+00,0.000000000000000000e+00,1.771667441969556762e+02,1.211379262046918265e+41,8.193678200623158701e+39,nan,nan,6.582149705912419595e+05
1.950000000000000000e+01,1.014498574751244719e+00,7.361818748336333128e+20,2.967572134100535219e+00,1.146247031431602780e-09,0.000000000000000000e+00,1.688542750273476243e+08,7.145230600045025349e+05,1.688542750273476243e+08,0.000000000000000000e+00,0.000000000000000000e+00,1.078790451635485172e+09,-6.298627697621493120e+33,-1.215272518825783635e+32,7.806535326650970069e+33,0.000000000000000000e+00,0.000000000000000000e+00,1.720838939670523473e+02,1.135077028210806602e+41,7.272127583984322387e+39,nan,nan,6.594961986872301204e+05
2.000000000000000000e+01,1.021011636708306192e+00,7.413885678324092764e+20,3.637842850476308509e+00,1.138346972022214284e-09,0.000000000000000000e+00,1.691843439531839490e+08,7.145230600045025349e+05,1.691843439531839490e+08,0.000000000000000000e+00,0.000000000000000000e+00,1.080890337991879702e+09,-6.274748345751053666e+33,-1.246254229556522526e+32,7.862783010513468594e+33,0.000000000000000000e+00,0.000000000000000000e+00,1.675387832662781875e+02,1.069865479132738161e+41,6.520753708664094920e+39,nan,nan,6.607799207183417166e+05
2.050000000000000000e+01,1.029003584808267036e+00,7.476762654654199235e+20,4.335183898710360140e+00,1.121400527454902317e-09,0.000000000000000000e+00,1.695150553645308316e+08,7.145230600045025349e+05,1.695150553645308316e+08,0.000000000000000000e+00,0.000000000000000000e+00,1.082994311817442417e+09,-6.242229541613671827e+33,-1.278481677274669290e+32,7.877670452321973457e+33,0.000000000000000000e+00,0.000000000000000000e+00,1.634280209080366717e+02,1.013175682002902709e+41,5.895371447112339277e+39,nan,nan,6.620661415390697075e+05
2.100000000000000000e+01,1.038513627108928139e+00,7.550755713319723336e+20,5.044347675420199018e+00,1.095997028947140677e-09,0.000000000000000000e+00,1.698464105119985640e+08,7.145230600045025349e+05,1.698464105119985640e+08,0.000000000000000000e+00,0.000000000000000000e+00,1.085102381068510056e+09,-6.201175658718312798e+33,-1.311324485516319036e+32,7.852357806022903557e+33,0.000000000000000000e+00,0.000000000000000000e+00,1.596767833105230920e+02,9.632338817585457213e+40,5.366315134073240608e+39,nan,nan,6.633548660133555532e+05
2.150000000000000000e+01,1.049548632636770895e+00,7.635936375920437494e+20,5.750933047995054892e+00,1.063070555982551210e-09,0.000000000000000000e+00,1.701784106486319602e+08,7.145230600045025349e+05,1.701784106486319602e+08,0.000000000000000000e+00,0.000000000000000000e+00,1.087214553716907740e+09,-6.151956699003080622e+33,-1.344182791265715398e+32,7.789266372860617077e+33,0.000000000000000000e+00,0.000000000000000000e+00,1.562284191845407122e+02,9.187608984398549667e+40,4.912783014364942021e+39,nan,nan,6.646460990146094700e+05
2.200000000000000000e+01,1.062085545267394071e+00,7.732158461536216023e+20,6.441811458299362414e+00,1.023816915724148955e-09,0.000000000000000000e+00,1.705110570299147367e+08,7.145230600045025349e+05,1.705110570299147367e+08,0.000000000000000000e+00,0.000000000000000000e+00,1.089330837749977112e+09,-6.095171584476165087e+33,-1.376505445276265517e+32,7.691900477081507786e+33,0.000000000000000000e+00,0.000000000000000000e+00,1.530392403980052336e+02,8.788053974691365885e+40,4.519700384611921496e+39,nan,nan,6.659398454257274279e+05
2.250000000000000000e+01,1.076074621457604463e+00,7.839080967153350083e+20,7.105464774396599736e+00,9.795919396406854427e-10,0.000000000000000000e+00,1.708443509137746394e+08,7.145230600045025349e+05,1.708443509137746394e+08,0.000000000000000000e+00,0.000000000000000000e+00,1.091451241170607328e+09,-6.031601426485073038e+33,-1.407804712854117567e+32,7.564589529814077878e+33,0.000000000000000000e+00,0.000000000000000000e+00,1.500743685262112308e+02,8.426389584967281801e+40,4.175825990427514592e+39,nan,nan,6.672361101391098928e+05
2.300000000000000000e+01,1.091443268739009875e+00,7.956195417797722112e+20,7.732211399535367846e+00,9.318064092882386323e-10,0.000000000000000000e+00,1.711782935605878234e+08,7.145230600045025349e+05,1.711782935605878234e+08,0.000000000000000000e+00,0.000000000000000000e+00,1.093575771997265100e+09,-5.962157447199441575e+33,-1.437666436464368644e+32,7.412188247510342785e+33,0.000000000000000000e+00,0.000000000000000000e+00,1.473058466495789105e+02,8.096931076043876417e+40,3.872591338293326460e+39,nan,nan,6.685348980566804530e+05
2.350000000000000000e+01,1.108100229799895420e+00,8.082855845139139789e+20,8.314313490516255456e+00,8.818313401633968297e-10,0.000000000000000000e+00,1.715128862331838906e+08,7.145230600045025349e+05,1.715128862331838906e+08,0.000000000000000000e+00,0.000000000000000000e+00,1.095704438264026642e+09,-5.887828327662871755e+33,-1.465755295486566752e+32,7.239774850725797991e+33,0.000000000000000000e+00,0.000000000000000000e+00,1.447107503544355609e+02,7.795154641248480995e+40,3.603338296647284330e+39,nan,nan,6.698362140899051446e+05
2.400000000000000000e+01,1.125939859263349385e+00,8.218309560378253640e+20,8.845972590217717979e+00,8.309228317854084028e-10,0.000000000000000000e+00,1.718481301968504786e+08,7.145230600045025349e+05,1.718481301968504786e+08,0.000000000000000000e+00,0.000000000000000000e+00,1.097837248020604849e+09,-5.809631137940977647e+33,-1.491815404426082631e+32,7.052377452864055853e+33,0.000000000000000000e+00,0.000000000000000000e+00,1.422697952597341384e+02,7.517388543391199421e+40,3.362791963994776849e+39,nan,nan,6.711400631598093314e+05
2.450000000000000000e+01,1.144846269124776494e+00,8.361727088434762220e+20,9.323231318033776915e+00,7.801710909332056264e-10,0.000000000000000000e+00,1.721840267193382382e+08,7.145230600045025349e+05,1.721840267193382382e+08,0.000000000000000000e+00,0.000000000000000000e+00,1.099974209332382441e+09,-5.728568920455438719e+33,-1.515666933233454996e+32,6.854751185405576189e+33,0.000000000000000000e+00,0.000000000000000000e+00,1.399668756539602441e+02,7.260632049297001584e+40,3.146734914895932071e+39,nan,nan,6.724464501969974954e+05
2.500000000000000000e+01,1.164697165762818454e+00,8.512229965117983293e+20,9.743805023620671690e+00,7.304735683744106416e-10,0.000000000000000000e+00,1.725205770708653629e+08,7.145230600045025349e+05,1.725205770708653629e+08,0.000000000000000000e+00,0.000000000000000000e+00,1.102115330280441523e+09,-5.645596727955773507e+33,-1.537199710349364136e+32,6.651216213793775297e+33,0.000000000000000000e+00,0.000000000000000000e+00,1.377885053611249191e+02,7.022400491017876740e+40,2.951740627013816838e+39,nan,nan,6.737553801416719798e+05
2.550000000000000000e+01,1.185367256090115173e+00,8.668915491924512604e+20,1.010686861076472276e+01,6.825288804819627750e-10,0.000000000000000000e+00,1.728577825241227448e+08,7.145230600045025349e+05,1.728577825241227448e+08,0.000000000000000000e+00,0.000000000000000000e+00,1.104260618961594343e+09,-5.561596714551238129e+33,-1.556364839829970722e+32,6.445556733861984807e+33,0.000000000000000000e+00,0.000000000000000000e+00,1.357227506030756956e+02,6.800594823264396890e+40,2.774986649097060299e+39,nan,nan,6.750668579436511500e+05
2.600000000000000000e+01,1.206731153697024217e+00,8.830877928389642813e+20,1.041282177649589080e+01,6.368465573515799616e-10,0.000000000000000000e+00,1.731956443542784452e+08,7.145230600045025349e+05,1.731956443542784452e+08,0.000000000000000000e+00,0.000000000000000000e+00,1.106410083488413095e+09,-5.477361910930602946e+33,-1.573165296683139968e+32,6.240974848496621337e+33,0.000000000000000000e+00,0.000000000000000000e+00,1.337595102853791502e+02,6.593449237534991087e+40,2.614140621505519692e+39,nan,nan,6.763808885623880196e+05
2.650000000000000000e+01,1.228665762425041885e+00,8.997225940378513572e+20,1.066305201458000340e+01,5.937671990436084453e-10,0.000000000000000000e+00,1.735341638389827311e+08,7.145230600045025349e+05,1.735341638389827311e+08,0.000000000000000000e+00,0.000000000000000000e+00,1.108563731989261866e+09,-5.393587653570614945e+33,-1.587646313404986927e+32,6.040088750878930982e+33,0.000000000000000000e+00,0.000000000000000000e+00,1.318898322204757108e+02,6.399447643200788596e+40,2.467242748151049483e+39,nan,nan,6.776974769669895759e+05
2.700000000000000000e+01,1.251052151273304380e+00,9.167096389012684800e+20,1.085970974270652967e+01,5.534881350332027025e-10,0.000000000000000000e+00,1.738733422583728135e+08,7.145230600045025349e+05,1.738733422583728135e+08,0.000000000000000000e+00,0.000000000000000000e+00,1.110721572608326435e+09,-5.310869280580570462e+33,-1.599886169986271602e+32,5.844963119064337651e+33,0.000000000000000000e+00,0.000000000000000000e+00,1.301063082558283099e+02,6.217307731400300230e+40,2.332655925284225856e+39,nan,nan,6.790166281362352893e+05
2.750000000000000000e+01,1.273776959982003687e+00,9.339664731947748557e+20,1.100550499745012090e+01,5.160907669537235955e-10,0.000000000000000000e+00,1.742131808950777650e+08,7.145230600045025349e+05,1.742131808950777650e+08,0.000000000000000000e+00,0.000000000000000000e+00,1.112883613505645514e+09,-5.229704602510522573e+33,-1.609987798507355039e+32,5.657160841646810109e+33,0.000000000000000000e+00,0.000000000000000000e+00,1.284015826728667093e+02,6.045880902867427146e+40,2.208962808176354700e+39,nan,nan,6.803383470585956238e+05
2.800000000000000000e+01,1.296733390123123719e+00,9.514152423795519652e+20,1.110353091124413005e+01,4.815668261151596590e-10,0.000000000000000000e+00,1.745536810342232585e+08,7.145230600045025349e+05,1.745536810342232585e+08,0.000000000000000000e+00,0.000000000000000000e+00,1.115049862857141733e+09,-5.150499731595323181e+33,-1.618071438120527446e+32,5.477805851577573413e+33,0.000000000000000000e+00,0.000000000000000000e+00,1.267701400042393516e+02,5.884213187607866300e+40,2.094983056482703370e+39,nan,nan,6.816626387322515948e+05
2.850000000000000000e+01,1.319821843488094837e+00,9.689831755623737590e+20,1.115711568583930635e+01,4.498419235297593183e-10,0.000000000000000000e+00,1.748948439634364843e+08,7.145230600045025349e+05,1.748948439634364843e+08,0.000000000000000000e+00,0.000000000000000000e+00,1.117220328854651928e+09,-5.073577037043088932e+33,-1.624268429189765000e+32,5.307649851692444509e+33,0.000000000000000000e+00,0.000000000000000000e+00,1.252061668510720551e+02,5.731426544406770627e+40,1.989671636474596217e+39,nan,nan,6.829895081651129294e+05
2.900000000000000000e+01,1.342950270199664509e+00,9.866028580468714373e+20,1.116970242932214141e+01,4.207955895950103921e-10,0.000000000000000000e+00,1.752366709728511274e+08,7.145230600045025349e+05,1.752366709728511274e+08,0.000000000000000000e+00,0.000000000000000000e+00,1.119395019705958366e+09,-4.999184226843735069e+33,-1.628716135409814610e+32,5.147137637978261313e+33,0.000000000000000000e+00,0.000000000000000000e+00,1.237050200829255715e+02,5.586775185043577290e+40,1.892144629414577182e+39,nan,nan,6.843189603748373920e+05
2.950000000000000000e+01,1.366034285618304756e+00,1.004212334946677293e+21,1.114475472312047799e+01,3.942776079018967120e-10,0.000000000000000000e+00,1.755791633551120162e+08,7.145230600045025349e+05,1.755791633551120162e+08,0.000000000000000000e+00,0.000000000000000000e+00,1.121573943634820461e+09,-4.927503794242705072e+33,-1.631553917597380504e+32,4.996467653973301392e+33,0.000000000000000000e+00,0.000000000000000000e+00,1.222623276829673244e+02,5.449588708488327369e+40,1.801624771813252910e+39,nan,nan,6.856510003888501087e+05
3.000000000000000000e+01,1.388997109083788484e+00,1.021755084108320735e+21,1.108568484138836929e+01,3.701208010808381391e-10,0.000000000000000000e+00,1.759223224053801894e+08,7.145230600045025349e+05,1.759223224053801894e+08,0.000000000000000000e+00,0.000000000000000000e+00,1.123757108881005049e+09,-4.858662284693878493e+33,-1.632920040672966404e+32,4.855645498986554055e+33,0.000000000000000000e+00,0.000000000000000000e+00,1.208740834584837245e+02,5.319268768918508889e+40,1.717431596130292942e+39,nan,nan,6.869856332443614956e+05
3.050000000000000000e+01,1.411769370178920902e+00,1.039179891379246727e+21,1.099580119787500188e+01,3.481507217171293280e-10,0.000000000000000000e+00,1.762661494213377237e+08,7.145230600045025349e+05,1.762661494213377237e+08,0.000000000000000000e+00,0.000000000000000000e+00,1.125944523700317860e+09,-4.792739023178875538e+33,-1.632949378331202232e+32,4.724530233681460009e+33,0.000000000000000000e+00,0.000000000000000000e+00,1.195370594714760557e+02,5.195298302274138238e+40,1.638977543649984400e+39,nan,nan,6.883228639883877477e+05
3.100000000000000000e+01,1.434288820829924038e+00,1.056440655998950048e+21,1.087827179217759976e+01,3.281927115734703607e-10,0.000000000000000000e+00,1.766106457031927407e+08,7.145230600045025349e+05,1.766106457031927407e+08,0.000000000000000000e+00,0.000000000000000000e+00,1.128136196364634514e+09,-4.729774086907950051e+33,-1.631771786238478869e+32,4.602873173138039093e+33,0.000000000000000000e+00,0.000000000000000000e+00,1.182476174145907919e+02,5.077185366690416557e+40,1.565729384105320483e+39,nan,nan,6.896626976777685340e+05
3.150000000000000000e+01,1.456499984434129535e+00,1.073496148785914184e+21,1.073610040943578881e+01,3.100768121870307824e-10,0.000000000000000000e+00,1.769558125536841154e+08,7.145230600045025349e+05,1.769558125536841154e+08,0.000000000000000000e+00,0.000000000000000000e+00,1.130332135161932468e+09,-4.669775417689501921e+33,-1.629511011722644056e+32,4.490349406838775755e+33,0.000000000000000000e+00,0.000000000000000000e+00,1.170032262833971970e+02,4.964519462274918195e+40,1.497232122078297939e+39,nan,nan,6.910051393791872542e+05
3.200000000000000000e+01,1.478353766592642060e+00,1.090309741034294870e+21,1.057211290312429242e+01,2.936410361931860517e-10,0.000000000000000000e+00,1.773016512780866325e+08,7.145230600045025349e+05,1.773016512780866325e+08,0.000000000000000000e+00,0.000000000000000000e+00,1.132532348396321535e+09,-4.612725046586961908e+33,-1.626284030901626754e+32,4.386583455469034430e+33,0.000000000000000000e+00,0.000000000000000000e+00,1.158009794797249725e+02,4.856907036674122621e+40,1.433070172113453180e+39,nan,nan,6.923501941691894317e+05
3.250000000000000000e+01,1.499807046637527730e+00,1.106849118151361298e+21,1.038895117330637952e+01,2.787333274255079542e-10,0.000000000000000000e+00,1.776481631842157543e+08,7.145230600045025349e+05,1.776481631842157543e+08,0.000000000000000000e+00,0.000000000000000000e+00,1.134736844388075352e+09,-4.558584454928725377e+33,-1.622200714798915045e+32,4.291168914156446613e+33,0.000000000000000000e+00,0.000000000000000000e+00,1.146384396141577895e+02,4.753999793877400197e+40,1.372875939095167177e+39,nan,nan,6.936978671342020389e+05
3.300000000000000000e+01,1.520822264185645478e+00,1.123085988478917542e+21,1.018907283444633194e+01,2.652126317653945453e-10,0.000000000000000000e+00,1.779953495824326873e+08,7.145230600045025349e+05,1.779953495824326873e+08,0.000000000000000000e+00,0.000000000000000000e+00,1.136945631473664045e+09,-4.507299128927890501e+33,-1.617363741132746747e+32,4.203684247518017478e+33,0.000000000000000000e+00,0.000000000000000000e+00,1.135134949343789401e+02,4.655488386622918191e+40,1.316326019337696689e+39,nan,nan,6.950481633705534041e+05
3.350000000000000000e+01,1.541367011370119222e+00,1.138995795149978599e+21,9.974755122683740538e+00,2.529492536151456755e-10,0.000000000000000000e+00,1.783432117856492102e+08,7.145230600045025349e+05,1.783432117856492102e+08,0.000000000000000000e+00,0.000000000000000000e+00,1.139158718005783796e+09,-4.458802382077564956e+33,-1.611868691521697126e+32,4.123704226419177533e+33,0.000000000000000000e+00,0.000000000000000000e+00,1.124239361795168008e+02,4.561078737284032512e+40,1.263121895204500556e+39,nan,nan,6.964010879844913725e+05
3.400000000000000000e+01,1.561413638107765234e+00,1.154557436438064529e+21,9.748101574831744998e+00,2.418247596440344617e-10,0.000000000000000000e+00,1.786917511093327701e+08,7.145230600045025349e+05,1.786917511093327701e+08,0.000000000000000000e+00,0.000000000000000000e+00,1.141376112353390217e+09,-4.413018527661829903e+33,-1.605804272109321124e+32,4.050808518489548601e+33,0.000000000000000000e+00,0.000000000000000000e+00,1.113679765627132667e+02,4.470515261322691325e+40,1.213004351047749653e+39,nan,nan,6.977566460922035621e+05
3.450000000000000000e+01,1.580938875361683538e+00,1.169752998309610127e+21,9.511050688145296306e+00,2.317315773167769677e-10,0.000000000000000000e+00,1.790409688715113401e+08,7.145230600045025349e+05,1.790409688715113401e+08,0.000000000000000000e+00,0.000000000000000000e+00,1.143597822901728868e+09,-4.369865484233779907e+33,-1.599252624437943526e+32,3.984587937178729443e+33,0.000000000000000000e+00,0.000000000000000000e+00,1.103437565073478481e+02,4.383554615060837746e+40,1.165733430895381529e+39,nan,nan,6.991148428198362235e+05
3.500000000000000000e+01,1.599923479599030252e+00,1.184567501606640419e+21,9.265385672674657513e+00,2.225723824643247106e-10,0.000000000000000000e+00,1.793908663927785456e+08,7.145230600045025349e+05,1.793908663927785456e+08,0.000000000000000000e+00,0.000000000000000000e+00,1.145823858052367449e+09,-4.329256892877721709e+33,-1.592289688580778962e+32,3.924648495649243754e+33,0.000000000000000000e+00,0.000000000000000000e+00,1.093497106858748111e+02,4.299980050980472485e+40,1.121095491668460632e+39,nan,nan,7.004756833035136806e+05
3.550000000000000000e+01,1.618351900064853632e+00,1.198988665129383231e+21,9.012744791265118849e+00,2.142593912520072517e-10,0.000000000000000000e+00,1.797414449962984920e+08,7.145230600045025349e+05,1.797414449962984920e+08,0.000000000000000000e+00,0.000000000000000000e+00,1.148054226223227501e+09,-4.291103819324915947e+33,-1.584985596888391397e+32,3.870614199952509774e+33,0.000000000000000000e+00,0.000000000000000000e+00,1.083843843946143721e+02,4.219592380500186865e+40,1.078896974470270061e+39,nan,nan,7.018391726893580053e+05
3.600000000000000000e+01,1.636211969523402310e+00,1.213006685176166351e+21,8.754631811249181439e+00,2.067136000002954198e-10,0.000000000000000000e+00,1.800927060078108907e+08,7.145230600045025349e+05,1.800927060078108907e+08,0.000000000000000000e+00,0.000000000000000000e+00,1.150288935848616362e+09,-4.255316106304094973e+33,-1.577405077647345115e+32,3.822128669703830808e+33,0.000000000000000000e+00,0.000000000000000000e+00,1.074461608983859264e+02,4.142198388393145337e+40,1.038957608035435240e+39,nan,nan,7.032053161335083423e+05
3.650000000000000000e+01,1.653494618371144531e+00,1.226614031546383860e+21,8.492426375850246956e+00,1.998640063253252437e-10,0.000000000000000000e+00,1.804446507556360662e+08,7.145230600045025349e+05,1.804446507556360662e+08,0.000000000000000000e+00,0.000000000000000000e+00,1.152527995379258156e+09,-4.221803433670204673e+33,-1.569607860230251701e+32,3.778855711330697783e+33,0.000000000000000000e+00,0.000000000000000000e+00,1.065340032009620472e+02,4.067639010919909056e+40,1.001123591675032451e+39,nan,nan,7.045741188021396520e+05
3.700000000000000000e+01,1.670193611421331603e+00,1.239805259563482743e+21,8.227393911221057010e+00,1.936468614071092578e-10,0.000000000000000000e+00,1.807972805706797838e+08,7.145230600045025349e+05,1.807972805706797838e+08,0.000000000000000000e+00,0.000000000000000000e+00,1.154771413282327890e+09,-4.190476136406790818e+33,-1.561649064639818056e+32,3.740479468529254277e+33,0.000000000000000000e+00,0.000000000000000000e+00,1.056465744976335515e+02,3.995750525360529337e+40,9.652442993168352203e+38,nan,nan,7.059455858714842470e+05
3.750000000000000000e+01,1.686305306326411291e+00,1.252576837424688398e+21,7.960695143640083238e+00,1.880049580136205914e-10,0.000000000000000000e+00,1.811505967864386141e+08,7.145230600045025349e+05,1.811505967864386141e+08,0.000000000000000000e+00,0.000000000000000000e+00,1.157019198041481018e+09,-4.161245823378795608e+33,-1.553579578521880812e+32,3.706704109411291116e+33,0.000000000000000000e+00,0.000000000000000000e+00,1.047826968368016054e+02,3.926386856676800599e+40,9.311871956966649568e+38,nan,nan,7.073197225278489059e+05
3.800000000000000000e+01,1.701828432489475906e+00,1.264926988094832378e+21,7.693394980781771864e+00,1.828869534802716813e-10,0.000000000000000000e+00,1.815046007390047610e+08,7.145230600045025349e+05,1.815046007390047610e+08,0.000000000000000000e+00,0.000000000000000000e+00,1.159271358156886578e+09,-4.134025832963473465e+33,-1.545446410455693332e+32,3.677252965230519646e+33,0.000000000000000000e+00,0.000000000000000000e+00,1.039412669261347162e+02,3.859410929202457839e+40,8.988287926222832006e+38,nan,nan,7.086965339676361764e+05
3.850000000000000000e+01,1.716763888949994321e+00,1.276855544685234749e+21,7.426470732666108354e+00,1.782467543435068912e-10,0.000000000000000000e+00,1.818592937670711577e+08,7.145230600045025349e+05,1.818592937670711577e+08,0.000000000000000000e+00,0.000000000000000000e+00,1.161527902145260096e+09,-4.108731556543848504e+33,-1.537293018075566423e+32,3.651867637673652732e+33,0.000000000000000000e+00,0.000000000000000000e+00,1.031214708402693248e+02,3.794705235428917653e+40,8.680616993225422476e+38,nan,nan,7.100760253973634681e+05
3.900000000000000000e+01,1.731114559843365930e+00,1.288363818337978810e+21,7.160819746428202848e+00,1.740429559864952953e-10,0.000000000000000000e+00,1.822146772119365036e+08,7.145230600045025349e+05,1.822146772119365036e+08,0.000000000000000000e+00,0.000000000000000000e+00,1.163788838539894104e+09,-4.085280655396849848e+33,-1.529159613975283462e+32,3.630307012395373479e+33,0.000000000000000000e+00,0.000000000000000000e+00,1.023222719351642809e+02,3.732148784980573548e+40,8.387806049013025131e+38,nan,nan,7.114582020336826099e+05
3.950000000000000000e+01,1.744885146026568190e+00,1.299454477625278071e+21,6.897266349770029947e+00,1.702383222324312372e-10,0.000000000000000000e+00,1.825707524175103605e+08,7.145230600045025349e+05,1.825707524175103605e+08,0.000000000000000000e+00,0.000000000000000000e+00,1.166054175890692234e+09,-4.063593192216771230e+33,-1.521083444343123563e+32,3.612345940809795554e+33,0.000000000000000000e+00,0.000000000000000000e+00,1.015427256968108765e+02,3.671630439545210176e+40,8.108897924363139311e+38,nan,nan,7.128430691034001065e+05
4.000000000000000000e+01,1.758082011345964313e+00,1.310131438381726958e+21,6.636568150866584581e+00,1.667993266027695824e-10,0.000000000000000000e+00,1.829275207303182483e+08,7.145230600045025349e+05,1.829275207303182483e+08,0.000000000000000000e+00,0.000000000000000000e+00,1.168323922764199972e+09,-4.043591695191487476e+33,-1.513099042080526550e+32,3.597774120572160768e+33,0.000000000000000000e+00,0.000000000000000000e+00,1.007820323309922514e+02,3.613050527382144043e+40,7.843034379073207997e+38,nan,nan,7.142306318434958812e+05
4.050000000000000000e+01,1.770713042219192568e+00,1.320399763027545817e+21,6.379421779454879093e+00,1.636957429029050412e-10,0.000000000000000000e+00,1.832849834995067418e+08,7.145230600045025349e+05,1.832849834995067418e+08,0.000000000000000000e+00,0.000000000000000000e+00,1.170598087743638277e+09,-4.025201169103575970e+33,-1.505238457854158259e+32,3.586395035494277199e+33,0.000000000000000000e+00,0.000000000000000000e+00,1.000395734951620739e+02,3.556320973414876509e+40,7.589445608347813333e+38,nan,nan,7.156208955011445796e+05
4.100000000000000000e+01,1.782787519318886016e+00,1.330265568522335420e+21,6.126468061843910462e+00,1.609002609941962652e-10,0.000000000000000000e+00,1.836431420768485069e+08,7.145230600045025349e+05,1.836431420768485069e+08,0.000000000000000000e+00,0.000000000000000000e+00,1.172876679428935289e+09,-4.008349065237856539e+33,-1.497531468431682073e+32,3.578024526382502698e+33,0.000000000000000000e+00,0.000000000000000000e+00,9.931449354175879307e+01,3.501347256185409321e+40,7.347349663641174715e+38,nan,nan,7.170138653337339638e+05
4.150000000000000000e+01,1.794315999985863774e+00,1.339735941964731253e+21,5.878296569176417741e+00,1.583881566681765467e-10,0.000000000000000000e+00,1.840019978167475164e+08,7.145230600045025349e+05,1.840019978167475164e+08,0.000000000000000000e+00,0.000000000000000000e+00,1.175159706436759233e+09,-3.992965220259359922e+33,-1.490005759226355546e+32,3.572489703567338139e+33,0.000000000000000000e+00,0.000000000000000000e+00,9.860600194133513696e+01,3.448045079703966329e+40,7.116070646228022323e+38,nan,nan,7.184095466088857502e+05
4.200000000000000000e+01,1.805310210210196109e+00,1.348818863005615260e+21,5.635449707440581157e+00,1.561370009263508212e-10,0.000000000000000000e+00,1.843615520762440562e+08,7.145230600045025349e+05,1.843615520762440562e+08,0.000000000000000000e+00,0.000000000000000000e+00,1.177447177400550127e+09,-3.978981772119202097e+33,-1.482687088323910376e+32,3.569627995041541160e+33,0.000000000000000000e+00,0.000000000000000000e+00,9.791372251202481891e+01,3.396346021216469054e+40,6.895004121747430297e+38,nan,nan,7.198079446044745855e+05
4.250000000000000000e+01,1.815782945220253852e+00,1.357523132388928389e+21,5.398426384016564050e+00,1.541263826337660952e-10,0.000000000000000000e+00,1.847218062150200307e+08,7.145230600045025349e+05,1.847218062150200307e+08,0.000000000000000000e+00,0.000000000000000000e+00,1.179739100970554352e+09,-3.966333059307181353e+33,-1.475599433304997432e+32,3.569285824146778371e+33,0.000000000000000000e+00,0.000000000000000000e+00,9.723678881725393808e+01,3.346169573857405184e+40,6.683538188210645332e+38,nan,nan,7.212090646086495835e+05
4.300000000000000000e+01,1.825747977586178017e+00,1.365858305830482870e+21,5.167685142914271168e+00,1.523376856958593722e-10,0.000000000000000000e+00,1.850827615954038501e+08,7.145230600045025349e+05,1.850827615954038501e+08,0.000000000000000000e+00,0.000000000000000000e+00,1.182035485813854933e+09,-3.954955509038747747e+33,-1.468765115704915773e+32,3.571317924271133943e+33,0.000000000000000000e+00,0.000000000000000000e+00,9.657473513214733885e+01,3.297449742519194147e+40,6.481119359863798107e+38,nan,nan,7.226129119198523695e+05
4.350000000000000000e+01,1.835219972007843481e+00,1.373834632638369628e+21,4.943647009863538777e+00,1.507538649589251039e-10,0.000000000000000000e+00,1.854444195823757946e+08,7.145230600045025349e+05,1.854444195823757946e+08,0.000000000000000000e+00,0.000000000000000000e+00,1.184336340614406586e+09,-3.944787518555460008e+33,-1.462204913795447855e+32,3.575586094319775166e+33,0.000000000000000000e+00,0.000000000000000000e+00,9.592702573441718528e+01,3.250125465555779094e+40,6.287273032886693056e+38,nan,nan,7.240194918468388496e+05
4.400000000000000000e+01,1.844214405888154662e+00,1.381462998423525917e+21,4.726697866294800932e+00,1.493592675478547077e-10,0.000000000000000000e+00,1.858067815435731113e+08,7.145230600045025349e+05,1.858067815435731113e+08,0.000000000000000000e+00,0.000000000000000000e+00,1.186641674073066711e+09,-3.935769333226802383e+33,-1.455938155247791672e+32,3.581958529383316552e+33,0.000000000000000000e+00,0.000000000000000000e+00,9.529288525053661374e+01,3.204126045295706741e+40,6.101473106444227370e+38,nan,nan,7.254288097086978378e+05
4.450000000000000000e+01,1.852747494928008942e+00,1.388754871347166314e+21,4.517190552054819008e+00,1.481394647957739275e-10,0.000000000000000000e+00,1.861698488492951393e+08,7.145230600045025349e+05,1.861698488492951393e+08,0.000000000000000000e+00,0.000000000000000000e+00,1.188951494907629728e+09,-3.927842924336805418e+33,-1.449982798545425203e+32,3.590308985249347428e+33,0.000000000000000000e+00,0.000000000000000000e+00,9.467226704005227589e+01,3.159410618695988116e+40,5.923345034441507822e+38,nan,nan,7.268408708348724758e+05
4.500000000000000000e+01,1.860836123125142683e+00,1.395722251458265481e+21,4.315446675649000419e+00,1.470810993405146301e-10,0.000000000000000000e+00,1.865336228725086153e+08,7.145230600045025349e+05,1.865336228725086153e+08,0.000000000000000000e+00,0.000000000000000000e+00,1.191265811852858782e+09,-3.920951868738825015e+33,-1.444355502012645444e+32,3.600515923850300407e+33,0.000000000000000000e+00,0.000000000000000000e+00,9.406443163850541112e+01,3.115916719761651548e+40,5.752447253053194108e+38,nan,nan,7.282556805651793256e+05
4.550000000000000000e+01,1.868497776467483273e+00,1.402377622603192861e+21,4.121758079709232803e+00,1.461717531637632741e-10,0.000000000000000000e+00,1.868981049888526499e+08,7.145230600045025349e+05,1.868981049888526499e+08,0.000000000000000000e+00,0.000000000000000000e+00,1.193584633660520077e+09,-3.915041232460678466e+33,-1.439071677878584986e+32,3.612461824662456742e+33,0.000000000000000000e+00,0.000000000000000000e+00,9.346895769159965539e+01,3.073594663536908297e+40,5.588400443504864082e+38,nan,nan,7.296732442498293240e+05
4.600000000000000000e+01,1.875750479728018894e+00,1.408733906474272817e+21,3.936388092864253174e+00,1.453998325918355435e-10,0.000000000000000000e+00,1.872632965766442120e+08,7.145230600045025349e+05,1.872632965766442120e+08,0.000000000000000000e+00,0.000000000000000000e+00,1.195907969099414825e+09,-3.910057459863971192e+33,-1.434145537209674133e+32,3.626032612579957517e+33,0.000000000000000000e+00,0.000000000000000000e+00,9.288548407234662818e+01,3.032399083440240722e+40,5.430856788209024504e+38,nan,nan,7.310935672494475730e+05
4.650000000000000000e+01,1.882612735908006485e+00,1.414804418466841625e+21,3.759572572459948692e+00,1.447544645775117668e-10,0.000000000000000000e+00,1.876291990168830454e+08,7.145230600045025349e+05,1.876291990168830454e+08,0.000000000000000000e+00,0.000000000000000000e+00,1.198235826955412865e+09,-3.905948269501412045e+33,-1.429590125786740829e+32,3.641117099696409530e+33,0.000000000000000000e+00,0.000000000000000000e+00,9.231339256634414880e+01,2.992276742787274795e+40,5.279445653738681100e+38,nan,nan,7.325166549350935966e+05
4.700000000000000000e+01,1.889103467874412301e+00,1.420602825011931382e+21,3.591520720691512736e+00,1.442253978503019663e-10,0.000000000000000000e+00,1.879958136932571530e+08,7.145230600045025349e+05,1.879958136932571530e+08,0.000000000000000000e+00,0.000000000000000000e+00,1.200568216031486034e+09,-3.902662557699998570e+33,-1.425417349993050965e+32,3.657606307228569793e+33,0.000000000000000000e+00,0.000000000000000000e+00,9.175258106813627990e+01,2.953195721583799690e+40,5.133902716903234602e+38,nan,nan,7.339425126882818295e+05
4.750000000000000000e+01,1.895241961710129264e+00,1.426143102029387792e+21,3.432415718802213078e+00,1.438029279888368041e-10,0.000000000000000000e+00,1.883631419921478629e+08,7.145230600045025349e+05,1.883631419921478629e+08,0.000000000000000000e+00,0.000000000000000000e+00,1.202905145147741795e+09,-3.900150310865843046e+33,-1.421637994643072282e+32,3.675393172385665026e+33,0.000000000000000000e+00,0.000000000000000000e+00,9.120241721090810927e+01,2.915105740496120635e+40,4.993891870364161884e+38,nan,nan,7.353711459010022227e+05
4.800000000000000000e+01,1.901047811482776018e+00,1.431439494285359317e+21,3.282415214704586415e+00,1.434778162309598756e-10,0.000000000000000000e+00,1.887311853026351035e+08,7.145230600045025349e+05,1.887311853026351035e+08,0.000000000000000000e+00,0.000000000000000000e+00,1.205246623141454935e+09,-3.898362527055932547e+33,-1.418261734281178626e+32,3.694371906095487820e+33,0.000000000000000000e+00,0.000000000000000000e+00,9.066274544130153856e+01,2.877975828542961690e+40,4.859170513540784584e+38,nan,nan,7.368025599757399177e+05
4.850000000000000000e+01,1.906540865041127075e+00,1.436506475364076749e+21,3.141651651238565268e+00,1.432412392283712150e-10,0.000000000000000000e+00,1.890999450165027082e+08,7.145230600045025349e+05,1.890999450165027082e+08,0.000000000000000000e+00,0.000000000000000000e+00,1.207592658867103577e+09,-3.897251147521927914e+33,-1.415297137264891507e+32,3.714437965437173578e+33,0.000000000000000000e+00,0.000000000000000000e+00,9.013334164421371497e+01,2.841772389263329619e+40,4.729483840890818260e+38,nan,nan,7.382367603254965506e+05
4.900000000000000000e+01,1.911741170693371350e+00,1.441358708147132039e+21,3.010232548493799953e+00,1.430847226909469745e-10,0.000000000000000000e+00,1.894694225282436311e+08,7.145230600045025349e+05,1.894694225282436311e+08,0.000000000000000000e+00,0.000000000000000000e+00,1.209943261196400166e+09,-3.896768998398289616e+33,-1.412751667819522589e+32,3.735487459377403277e+33,0.000000000000000000e+00,0.000000000000000000e+00,8.961364621748612080e+01,2.806453511187246662e+40,4.604566972871393180e+38,nan,nan,7.396737523738098098e+05
4.950000000000000000e+01,1.916668924461164769e+00,1.446011005572043244e+21,2.888240599553901777e+00,1.430000952955517432e-10,0.000000000000000000e+00,1.898396192350652218e+08,7.145230600045025349e+05,1.898396192350652218e+08,0.000000000000000000e+00,0.000000000000000000e+00,1.212298439018326521e+09,-3.896869743018411617e+33,-1.410631679468437487e+32,3.757416928270393924e+33,0.000000000000000000e+00,0.000000000000000000e+00,8.910331085592294187e+01,2.771985197189321782e+40,4.484188854038730437e+38,nan,nan,7.411135415547746234e+05
5.000000000000000000e+01,1.921344417680601158e+00,1.450478291498933682e+21,2.775733715710310356e+00,1.429794539863741269e-10,0.000000000000000000e+00,1.902105365368945301e+08,7.145230600045025349e+05,1.902105365368945301e+08,0.000000000000000000e+00,0.000000000000000000e+00,1.214658201239167213e+09,-3.897507845165799515e+33,-1.408942406086323283e+32,3.780123291896666557e+33,0.000000000000000000e+00,0.000000000000000000e+00,8.860227052005082271e+01,2.738343140245601477e+40,4.368154535046900107e+38,nan,nan,7.425561333130635321e+05
5.050000000000000000e+01,1.925787984892880944e+00,1.454775561642936631e+21,2.672745058470111790e+00,1.430151261467185035e-10,0.000000000000000000e+00,1.905821758363836408e+08,7.145230600045025349e+05,1.905821758363836408e+08,0.000000000000000000e+00,0.000000000000000000e+00,1.217022556782542467e+09,-3.898638543204076496e+33,-1.407687952293017542e+32,3.803503596459300064e+33,0.000000000000000000e+00,0.000000000000000000e+00,8.811015718173503330e+01,2.705495364767193781e+40,4.256257650505483533e+38,nan,nan,7.440015331039470620e+05
5.100000000000000000e+01,1.930019951916712273e+00,1.458917844491366826e+21,2.579282993897388021e+00,1.430996395621468073e-10,0.000000000000000000e+00,1.909545385389148295e+08,7.145230600045025349e+05,1.909545385389148295e+08,0.000000000000000000e+00,0.000000000000000000e+00,1.219391514589443445e+09,-3.900217835119670903e+33,-1.406871280151636648e+32,3.827454851823275722e+33,0.000000000000000000e+00,0.000000000000000000e+00,8.762663566393833037e+01,2.673411445305962133e+40,4.148300175925285346e+38,nan,nan,7.454497463933149120e+05
5.150000000000000000e+01,1.934060583948161716e+00,1.462920162089224372e+21,2.495330988189166987e+00,1.432257116133178911e-10,0.000000000000000000e+00,1.913276260526060462e+08,7.145230600045025349e+05,1.913276260526060462e+08,0.000000000000000000e+00,0.000000000000000000e+00,1.221765083618264198e+09,-3.902202474585197470e+33,-1.406494193010625725e+32,3.851874277377089094e+33,0.000000000000000000e+00,0.000000000000000000e+00,8.715152889166400030e+01,2.642066421268231260e+40,4.044104126977648804e+38,nan,nan,7.469007786576956278e+05
5.200000000000000000e+01,1.937930033796724016e+00,1.466797490775120675e+21,2.420847617471327151e+00,1.433862168479705001e-10,0.000000000000000000e+00,1.917014397883161604e+08,7.145230600045025349e+05,1.917014397883161604e+08,0.000000000000000000e+00,0.000000000000000000e+00,1.224143272844837189e+09,-3.904549977595782453e+33,-1.406557324608364534e+32,3.876658874257726355e+33,0.000000000000000000e+00,0.000000000000000000e+00,8.668456966018339926e+01,2.611434879798490055e+40,3.943507102173693943e+38,nan,nan,7.483546353842787212e+05
5.250000000000000000e+01,1.941648290139720512e+00,1.470564721778443682e+21,2.355766435270884696e+00,1.435741951254151339e-10,0.000000000000000000e+00,1.920759811596502662e+08,7.145230600045025349e+05,1.920759811596502662e+08,0.000000000000000000e+00,0.000000000000000000e+00,1.226526091262465954e+09,-3.907218639661439477e+33,-1.407060121392666202e+32,3.901705993643205817e+33,0.000000000000000000e+00,0.000000000000000000e+00,8.622549841872142906e+01,2.581491144190055986e+40,3.846341344981699008e+38,nan,nan,7.498113220709338784e+05
5.300000000000000000e+01,1.945235125969245749e+00,1.474236621809527030e+21,2.299996053611723656e+00,1.437828326053123415e-10,0.000000000000000000e+00,1.924512515829651356e+08,7.145230600045025349e+05,1.924512515829651356e+08,0.000000000000000000e+00,0.000000000000000000e+00,1.228913547881959915e+09,-3.910167562913701035e+33,-1.408000834812678744e+32,3.926913093658814660e+33,0.000000000000000000e+00,0.000000000000000000e+00,8.577414062052739041e+01,2.552213249830258643e+40,3.752457634835991180e+38,nan,nan,7.512708442262327299e+05
5.350000000000000000e+01,1.948710047249132105e+00,1.477827793656384061e+21,2.253420085263523998e+00,1.440054609435508806e-10,0.000000000000000000e+00,1.928272524773744047e+08,7.145230600045025349e+05,1.928272524773744047e+08,0.000000000000000000e+00,0.000000000000000000e+00,1.231305651731667995e+09,-3.913356692761409953e+33,-1.409376507002876981e+32,3.952177905172641757e+33,0.000000000000000000e+00,0.000000000000000000e+00,8.533017288140733569e+01,2.523576420859817734e+40,3.661710863229998922e+38,nan,nan,7.527332073694696883e+05
5.400000000000000000e+01,1.952092241795547745e+00,1.481352636798712414e+21,2.215897256662453962e+00,1.442355740780904011e-10,0.000000000000000000e+00,1.932039852647541761e+08,7.145230600045025349e+05,1.932039852647541761e+08,0.000000000000000000e+00,0.000000000000000000e+00,1.233702411857513666e+09,-3.916746863690873196e+33,-1.411182964478138710e+32,3.977399008924719504e+33,0.000000000000000000e+00,0.000000000000000000e+00,8.489350822528975016e+01,2.495562680471430553e+40,3.573972088884873006e+38,nan,nan,7.541984170306823216e+05
5.450000000000000000e+01,1.955400528762680779e+00,1.484825308329251439e+21,2.187261640382313743e+00,1.444668235419848684e-10,0.000000000000000000e+00,1.935814513697481453e+08,7.145230600045025349e+05,1.935814513697481453e+08,0.000000000000000000e+00,0.000000000000000000e+00,1.236103837323027611e+09,-3.920299853015944395e+33,-1.413414817515793550e+32,4.002475761401837420e+33,0.000000000000000000e+00,0.000000000000000000e+00,8.446398875174925536e+01,2.468152851251077398e+40,3.489115411179589509e+38,nan,nan,7.556664787506726570e+05
5.500000000000000000e+01,1.958653308772798196e+00,1.488259684214086828e+21,2.167322879815395620e+00,1.446930319419069366e-10,0.000000000000000000e+00,1.939596522197731733e+08,7.145230600045025349e+05,1.939596522197731733e+08,0.000000000000000000e+00,0.000000000000000000e+00,1.238509937209383011e+09,-3.923978442017804030e+33,-1.416065459227372875e+32,4.027308655935115153e+33,0.000000000000000000e+00,0.000000000000000000e+00,8.404127202316770706e+01,2.441323220846986553e+40,3.407008776046027821e+38,nan,nan,7.571373980810277862e+05
5.550000000000000000e+01,1.961868511159737372e+00,1.491669318209099530e+21,2.155850527232848535e+00,1.449003149285315622e-10,0.000000000000000000e+00,1.943385892450245619e+08,7.145230600045025349e+05,1.943385892450245619e+08,0.000000000000000000e+00,0.000000000000000000e+00,1.240920720615430355e+09,-3.927746491003187331e+33,-1.419126305319213330e+32,4.051578960726626431e+33,0.000000000000000000e+00,0.000000000000000000e+00,8.241319434898386476e+01,2.415055875138863705e+40,3.327538687760762750e+38,nan,nan,7.586111805841415189e+05
5.600000000000000000e+01,1.965063264883784244e+00,1.495067190381000786e+21,2.152277438154894806e+00,1.450421588102476204e-10,0.000000000000000000e+00,1.947182638784815967e+08,7.145230600045025349e+05,1.947182638784815967e+08,0.000000000000000000e+00,0.000000000000000000e+00,1.243336196657730579e+09,-3.931569574734028977e+33,-1.422572570002028938e+32,4.074042366649415702e+33,0.000000000000000000e+00,0.000000000000000000e+00,7.965270524415859654e+01,2.389334999170324390e+40,3.250602468657006857e+38,nan,nan,7.600878318332344061e+05
5.650000000000000000e+01,1.968253082020608780e+00,1.498465083566299808e+21,2.155728130378541607e+00,1.451079241374862783e-10,0.000000000000000000e+00,1.950986775559127629e+08,7.145230600045025349e+05,1.950986775559127629e+08,0.000000000000000000e+00,0.000000000000000000e+00,1.245756374470590115e+09,-3.935416597149056940e+33,-1.426364469487195505e+32,4.094437524050388710e+33,0.000000000000000000e+00,0.000000000000000000e+00,7.690397276961671480e+01,2.364143199580143186e+40,3.176094531522534511e+38,nan,nan,7.615673574123756262e+05
5.700000000000000000e+01,1.971451588108331432e+00,1.501873374010571227e+21,2.165306646220351627e+00,1.450948022622868032e-10,0.000000000000000000e+00,1.954798317158814073e+08,7.145230600045025349e+05,1.954798317158814073e+08,0.000000000000000000e+00,0.000000000000000000e+00,1.248181263206096172e+09,-3.939260313507009282e+33,-1.430460917095477748e+32,4.112712535866953214e+33,0.000000000000000000e+00,0.000000000000000000e+00,7.416661582205703951e+01,2.339461137067040018e+40,3.103905814871519253e+38,nan,nan,7.630497629165041726e+05
5.750000000000000000e+01,1.974670516547967880e+00,1.505301022490008486e+21,2.180115301256985827e+00,1.450006907925234907e-10,0.000000000000000000e+00,1.958617277997509837e+08,7.145230600045025349e+05,1.958617277997509837e+08,0.000000000000000000e+00,0.000000000000000000e+00,1.250610872034149885e+09,-3.943077328122580512e+33,-1.434820415286183646e+32,4.128826642895687939e+33,0.000000000000000000e+00,0.000000000000000000e+00,7.144054252519356396e+01,2.315279239889225191e+40,3.033963665867429087e+38,nan,nan,7.645350539514491102e+05
5.800000000000000000e+01,1.977919714271074492e+00,1.508755574001981194e+21,2.199257745207158443e+00,1.448241890157878326e-10,0.000000000000000000e+00,1.962443672516907156e+08,7.145230600045025349e+05,1.962443672516907156e+08,0.000000000000000000e+00,0.000000000000000000e+00,1.253045210142502785e+09,-3.946848072706470293e+33,-1.439401200977856612e+32,4.142750175734579391e+33,0.000000000000000000e+00,0.000000000000000000e+00,6.872532124254398411e+01,2.291577029425490553e+40,2.966160527579513920e+38,nan,nan,7.660232361339520430e+05
5.850000000000000000e+01,1.981207153651714403e+00,1.512243162229625848e+21,2.221841990213616835e+00,1.445646169901537710e-10,0.000000000000000000e+00,1.966277515186807811e+08,7.145230600045025349e+05,1.966277515186807811e+08,0.000000000000000000e+00,0.000000000000000000e+00,1.255484286736788988e+09,-3.950556773821734969e+33,-1.444161391006854368e+32,4.154465271351769105e+33,0.000000000000000000e+00,0.000000000000000000e+00,6.602087217424913490e+01,2.268345752549330330e+40,2.900430552587403530e+38,nan,nan,7.675143150916866725e+05
5.900000000000000000e+01,1.984538950917613231e+00,1.515768518996789559e+21,2.246983649817714479e+00,1.442219931269222579e-10,0.000000000000000000e+00,1.970118820505179763e+08,7.145230600045025349e+05,1.970118820505179763e+08,0.000000000000000000e+00,0.000000000000000000e+00,1.257928111040563107e+09,-3.954191407690771453e+33,-1.449059139502639608e+32,4.163965505095006542e+33,0.000000000000000000e+00,0.000000000000000000e+00,6.332672209293155419e+01,2.245564102427926956e+40,2.836669084417369198e+38,nan,nan,7.690082964632821968e+05
5.950000000000000000e+01,1.987919390978916789e+00,1.519334988673570308e+21,2.273809015249823595e+00,1.437970357498534534e-10,0.000000000000000000e+00,1.973967602998212278e+08,7.145230600045025349e+05,1.973967602998212278e+08,0.000000000000000000e+00,0.000000000000000000e+00,1.260376692295332909e+09,-3.957743641552390321e+33,-1.454052789203582026e+32,4.171256305358621061e+33,0.000000000000000000e+00,0.000000000000000000e+00,6.064284080695848900e+01,2.223225301565629636e+40,2.774820997722722868e+38,nan,nan,7.705051858983428683e+05
6.000000000000000000e+01,1.991350958669493076e+00,1.522944547550963433e+21,2.301458228883047408e+00,1.432911320960306134e-10,0.000000000000000000e+00,1.977823877220369279e+08,7.145230600045025349e+05,1.977823877220369279e+08,0.000000000000000000e+00,0.000000000000000000e+00,1.262830039760594845e+09,-3.961208760902893863e+33,-1.459101029257978214e+32,4.176354529521128586e+33,0.000000000000000000e+00,0.000000000000000000e+00,5.796896642371743980e+01,2.201315267114720208e+40,2.714809211575856467e+38,nan,nan,7.720049890574701130e+05
6.050000000000000000e+01,1.994834376243347362e+00,1.526597828086541058e+21,2.329088305060149189e+00,1.427063121180806605e-10,0.000000000000000000e+00,1.981687657754445970e+08,7.145230600045025349e+05,1.981687657754445970e+08,0.000000000000000000e+00,0.000000000000000000e+00,1.265288162713869333e+09,-3.964585582535816365e+33,-1.464163047412422330e+32,4.179288264181111963e+33,0.000000000000000000e+00,0.000000000000000000e+00,5.530467341286765759e+01,2.179814948772329793e+40,2.656543368964182075e+38,nan,nan,7.735077116122838343e+05
6.100000000000000000e+01,1.998368646826688577e+00,1.530294147813779177e+21,2.355876007387171622e+00,1.420452167369371668e-10,0.000000000000000000e+00,1.985558959211622477e+08,7.145230600045025349e+05,1.985558959211622477e+08,0.000000000000000000e+00,0.000000000000000000e+00,1.267751070450735569e+09,-3.967876353837926375e+33,-1.469198676942603775e+32,4.180096546104512731e+33,0.000000000000000000e+00,0.000000000000000000e+00,5.264992518699867219e+01,2.158717841977622768e+40,2.599974454517990426e+38,nan,nan,7.750133592454439495e+05
6.150000000000000000e+01,2.001951103549901578e+00,1.534031542724671046e+21,2.381020632992743913e+00,1.413110566382443308e-10,0.000000000000000000e+00,1.989437796231520176e+08,7.145230600045025349e+05,1.989437796231520176e+08,0.000000000000000000e+00,0.000000000000000000e+00,1.270218772284866571e+09,-3.971086638991219853e+33,-1.474168540713722124e+32,4.178828876829823443e+33,0.000000000000000000e+00,0.000000000000000000e+00,5.000448131960317966e+01,2.138015350463875889e+40,2.545044609599187235e+38,nan,nan,7.765219376506713452e+05
6.200000000000000000e+01,2.005577464008407862e+00,1.537806804876521636e+21,2.403746577609819468e+00,1.405075655770262265e-10,0.000000000000000000e+00,1.993324183482256830e+08,7.145230600045025349e+05,1.993324183482256830e+08,0.000000000000000000e+00,0.000000000000000000e+00,1.272691277548065424e+09,-3.974225193094699797e+33,-1.479034186135925159e+32,4.175544630407420631e+33,0.000000000000000000e+00,0.000000000000000000e+00,4.736811795444670992e+01,2.117696124840553004e+40,2.491692200449697866e+38,nan,nan,7.780334525327708106e+05
6.250000000000000000e+01,2.009241889572674022e+00,1.541615523873694155e+21,2.423305679643086297e+00,1.396389509952370333e-10,0.000000000000000000e+00,1.997218135660502017e+08,7.145230600045025349e+05,1.997218135660502017e+08,0.000000000000000000e+00,0.000000000000000000e+00,1.275168595590298414e+09,-3.977303825660413344e+33,-1.483758210789222878e+32,4.170312420854282981e+33,0.000000000000000000e+00,0.000000000000000000e+00,4.474062712855214841e+01,2.097744660025414073e+40,2.439848428036524956e+38,nan,nan,7.795479096076504793e+05
6.300000000000000000e+01,2.012937049054627003e+00,1.545452131863255056e+21,2.438979326566613537e+00,1.387098415344334422e-10,0.000000000000000000e+00,2.001119667491532266e+08,7.145230600045025349e+05,2.001119667491532266e+08,0.000000000000000000e+00,0.000000000000000000e+00,1.277650735779733419e+09,-3.980337255116716704e+33,-1.488304377760543889e+32,4.163209400700644535e+33,0.000000000000000000e+00,0.000000000000000000e+00,4.212181613711521777e+01,2.078151894086931392e+40,2.389460757804738520e+38,nan,nan,7.810653146023456939e+05
6.350000000000000000e+01,2.016654186202348154e+00,1.549309951654339281e+21,2.450080305271240544e+00,1.377252324871821738e-10,0.000000000000000000e+00,2.005028793729287982e+08,7.145230600045025349e+05,2.005028793729287982e+08,0.000000000000000000e+00,0.000000000000000000e+00,1.280137707502771854e+09,-3.983342956141570253e+33,-1.492637719636679744e+32,4.154320504219112074e+33,0.000000000000000000e+00,0.000000000000000000e+00,3.951150693747158726e+01,2.058916132197795998e+40,2.340494438763189350e+38,nan,nan,7.825856732550385641e+05
6.400000000000000000e+01,2.020383190465068424e+00,1.553181247546071450e+21,2.455954383115991124e+00,1.366904302172678264e-10,0.000000000000000000e+00,2.008945529156427979e+08,7.145230600045025349e+05,2.008945529156427979e+08,0.000000000000000000e+00,0.000000000000000000e+00,1.282629520164086819e+09,-3.986341001793629286e+33,-1.496724630335246595e+32,4.143737648868827735e+33,0.000000000000000000e+00,0.000000000000000000e+00,3.690952276122280296e+01,2.040017805752573775e+40,2.292877760372079893e+38,nan,nan,7.841089913150812499e+05
6.450000000000000000e+01,2.024112670449254914e+00,1.557057278430325768e+21,2.455981604260327966e+00,1.356109933777237117e-10,0.000000000000000000e+00,2.012869888584384918e+08,7.145230600045025349e+05,2.012869888584384918e+08,0.000000000000000000e+00,0.000000000000000000e+00,1.285126183186658382e+09,-3.989353902503770410e+33,-1.500532943836511912e+32,4.131558811832956282e+33,0.000000000000000000e+00,0.000000000000000000e+00,3.431551441783372525e+01,2.021449716898497813e+40,2.246562697703604609e+38,nan,nan,7.856352745430173818e+05
6.500000000000000000e+01,2.027830029425113700e+00,1.560928352686040678e+21,2.449577276693826633e+00,1.344926831457254911e-10,0.000000000000000000e+00,2.016801886853423715e+08,7.145230600045025349e+05,2.016801886853423715e+08,0.000000000000000000e+00,0.000000000000000000e+00,1.287627706011807442e+09,-3.992406444132225202e+33,-1.504031998411340962e+32,4.117887336410561018e+33,0.000000000000000000e+00,0.000000000000000000e+00,3.172950544788579208e+01,2.003207055878912282e+40,2.201516411629640411e+38,nan,nan,7.871645287106030155e+05
6.550000000000000000e+01,2.031521542350267939e+00,1.564783884462002799e+21,2.436192735228482231e+00,1.333414105668476950e-10,0.000000000000000000e+00,2.020741538832694590e+08,7.145230600045025349e+05,2.020741538832694590e+08,0.000000000000000000e+00,0.000000000000000000e+00,1.290134098099233389e+09,-3.995525527077385817e+33,-1.507192690379001573e+32,4.102831096528010885e+33,0.000000000000000000e+00,0.000000000000000000e+00,2.915130693208042345e+01,1.985279318324378708e+40,2.157690259449172236e+38,nan,nan,7.886967596008294495e+05
6.600000000000000000e+01,2.035172433873765119e+00,1.568612450940143534e+21,2.415315818980321438e+00,1.321631802406956895e-10,0.000000000000000000e+00,2.024688859420292675e+08,7.145230600045025349e+05,2.024688859420292675e+08,0.000000000000000000e+00,0.000000000000000000e+00,1.292645368927048683e+09,-3.998740008398316274e+33,-1.509987514186568004e+32,4.086501478566212615e+33,0.000000000000000000e+00,0.000000000000000000e+00,2.658061704972704575e+01,1.967658478578677091e+40,2.115039309513599058e+38,nan,nan,7.902319730079442961e+05
6.650000000000000000e+01,2.038766956678784048e+00,1.572401850088422113e+21,2.386471031770638351e+00,1.309640494099775018e-10,0.000000000000000000e+00,2.028643863543310761e+08,7.145230600045025349e+05,2.028643863543310761e+08,0.000000000000000000e+00,0.000000000000000000e+00,1.295161527991815567e+09,-4.002080549066484690e+33,-1.512390587044729792e+32,4.069012755739032397e+33,0.000000000000000000e+00,0.000000000000000000e+00,2.401738144174737499e+01,1.950335431874198631e+40,2.073523308473122616e+38,nan,nan,7.917701747374742990e+05
6.700000000000000000e+01,2.042288469650557214e+00,1.576139158508732940e+21,2.349219492700992173e+00,1.297500856234151716e-10,0.000000000000000000e+00,2.032606566157898605e+08,7.145230600045025349e+05,2.032606566157898605e+08,0.000000000000000000e+00,0.000000000000000000e+00,1.297682584808581114e+09,-4.005579468140347590e+33,-1.514377663267950475e+32,4.050481334621016815e+33,0.000000000000000000e+00,0.000000000000000000e+00,2.146143995302803731e+01,1.933305846807213081e+40,2.033110180547467597e+38,nan,nan,7.933113706062464043e+05
6.750000000000000000e+01,2.045719515433303215e+00,1.579810789042879463e+21,2.303158679600333159e+00,1.285273226263730447e-10,0.000000000000000000e+00,2.036576982249318063e+08,7.145230600045025349e+05,2.036576982249318063e+08,0.000000000000000000e+00,0.000000000000000000e+00,1.300208548910913706e+09,-4.009270605424463994e+33,-1.515926138312319723e+32,4.031024852090368078e+33,0.000000000000000000e+00,0.000000000000000000e+00,1.891254388789661434e+01,1.916559192669271757e+40,1.993754565336725229e+38,nan,nan,7.948555664424102288e+05
6.800000000000000000e+01,2.049041896834817855e+00,1.583402547716679795e+21,2.247921867153520381e+00,1.273017363594438741e-10,0.000000000000000000e+00,2.040555126832000017e+08,7.145230600045025349e+05,2.040555126832000017e+08,0.000000000000000000e+00,0.000000000000000000e+00,1.302739429850939035e+09,-4.013189194293712042e+33,-1.517015037442754680e+32,4.010761802253077493e+33,0.000000000000000000e+00,0.000000000000000000e+00,1.637063542047280507e+01,1.900086647181902154e+40,1.955419471641889941e+38,nan,nan,7.964027680854598293e+05
6.850000000000000000e+01,2.052236751744278553e+00,1.586899689760059556e+21,2.183177498080016044e+00,1.260792083542544187e-10,0.000000000000000000e+00,2.044541014949601889e+08,7.145230600045025349e+05,2.044541014949601889e+08,0.000000000000000000e+00,0.000000000000000000e+00,1.305275237199376345e+09,-4.017371745866996339e+33,-1.517625000804959711e+32,3.989810672732228190e+33,0.000000000000000000e+00,0.000000000000000000e+00,1.383554031664843720e+01,1.883891119496311012e+40,1.918089725172880214e+38,nan,nan,7.979529813862562878e+05
6.900000000000000000e+01,2.055284626154231464e+00,1.590286974381953647e+21,2.108628252370969403e+00,1.248655062223750819e-10,0.000000000000000000e+00,2.048534661675061882e+08,7.145230600045025349e+05,2.048534661675061882e+08,0.000000000000000000e+00,0.000000000000000000e+00,1.307815980545573950e+09,-4.021855945773083851e+33,-1.517738253016557874e+32,3.968289517245539464e+33,0.000000000000000000e+00,0.000000000000000000e+00,1.130703368062798297e+01,1.867952909083384495e+40,1.881705549908895764e+38,nan,nan,7.995062122070490150e+05
6.950000000000000000e+01,2.058165544942161862e+00,1.593548718027044028e+21,2.024010063524650072e+00,1.236662702194145720e-10,0.000000000000000000e+00,2.052536082110660970e+08,7.145230600045025349e+05,2.052536082110660970e+08,0.000000000000000000e+00,0.000000000000000000e+00,1.310361669497547150e+09,-4.026680564541708215e+33,-1.517338569633085423e+32,3.946315626735874949e+33,0.000000000000000000e+00,0.000000000000000000e+00,8.785117851896233176e+00,1.852272908506215110e+40,1.846252579790617546e+38,nan,nan,8.010624664214992663e+05
7.000000000000000000e+01,2.060859080260216913e+00,1.596668845989637915e+21,1.929090994702628459e+00,1.224869899100615980e-10,0.000000000000000000e+00,2.056545291388074458e+08,7.145230600045025349e+05,2.056545291388074458e+08,0.000000000000000000e+00,0.000000000000000000e+00,1.312912313682012081e+09,-4.031885382200900783e+33,-1.516411236045391000e+32,3.924004791839915166e+33,0.000000000000000000e+00,0.000000000000000000e+00,6.269556030995588003e+00,1.836848198219585098e+40,1.811704954480375951e+38,nan,nan,8.026217499147005146e+05
7.050000000000000000e+01,2.063344417147952470e+00,1.599630942078177640e+21,1.823669931629877006e+00,1.213330055133950293e-10,0.000000000000000000e+00,2.060562304668432772e+08,7.145230600045025349e+05,2.060562304668432772e+08,0.000000000000000000e+00,0.000000000000000000e+00,1.315467922744424105e+09,-4.037511128055879619e+33,-1.514942996520613031e+32,3.901471259476693941e+33,0.000000000000000000e+00,0.000000000000000000e+00,3.760156631158408036e+00,1.821663523879324262e+40,1.778015315704845212e+38,nan,nan,8.041840685832020827e+05
7.100000000000000000e+01,2.065600416274823381e+00,1.602418296248714920e+21,1.707575301911586241e+00,1.202095049301339307e-10,0.000000000000000000e+00,2.064587137142377794e+08,7.145230600045025349e+05,2.064587137142377794e+08,0.000000000000000000e+00,0.000000000000000000e+00,1.318028506349013805e+09,-4.043599436004134540e+33,-1.512922003901058094e+32,3.878827470289889753e+33,0.000000000000000000e+00,0.000000000000000000e+00,1.256889962638846336e+00,1.806716696205637453e+40,1.745164917518572946e+38,nan,nan,8.057494283350312617e+05
7.150000000000000000e+01,2.067605676934756165e+00,1.605013952621448528e+21,1.580677691584428279e+00,1.191278794197556486e-10,0.000000000000000000e+00,2.068619804030120671e+08,7.145230600045025349e+05,2.068619804030120671e+08,0.000000000000000000e+00,0.000000000000000000e+00,1.320594074178822994e+09,-4.050192809408138626e+33,-1.510338475558132925e+32,3.856389567713205306e+33,0.000000000000000000e+00,0.000000000000000000e+00,0.000000000000000000e+00,1.792005866538507508e+40,1.713133748311478121e+38,nan,nan,8.073178350897149649e+05
7.200000000000000000e+01,2.069338839618191095e+00,1.607400943782500237e+21,1.443157415005137834e+00,1.181277400196089862e-10,0.000000000000000000e+00,2.072660320581497550e+08,7.145230600045025349e+05,2.072660320581497550e+08,0.000000000000000000e+00,0.000000000000000000e+00,1.323164635935742140e+09,-4.057334126360763199e+33,-1.507198351190726426e+32,3.835395878855622851e+33,0.000000000000000000e+00,0.000000000000000000e+00,0.000000000000000000e+00,1.777525744167785295e+40,1.681896238438599032e+38,nan,nan,8.088892947783031268e+05
7.250000000000000000e+01,2.070779338159619343e+00,1.609562875442032280e+21,1.295492980192309407e+00,1.172192078899649632e-10,0.000000000000000000e+00,2.076708702076030076e+08,7.145230600045025349e+05,2.076708702076030076e+08,0.000000000000000000e+00,0.000000000000000000e+00,1.325740201340545893e+09,-4.065065269156316344e+33,-1.503522857140394930e+32,3.816142111830667601e+33,0.000000000000000000e+00,0.000000000000000000e+00,0.000000000000000000e+00,1.763266996597108532e+40,1.651420025595372511e+38,nan,nan,8.104638133433898911e+05
7.300000000000000000e+01,2.071907671224010095e+00,1.611484139519348572e+21,1.138190910518434018e+00,1.164055968506436738e-10,0.000000000000000000e+00,2.080764963822981417e+08,7.145230600045025349e+05,2.080764963822981417e+08,0.000000000000000000e+00,0.000000000000000000e+00,1.328320780132931709e+09,-4.073426694454549827e+33,-1.499334831003515582e+32,3.798706998840269948e+33,0.000000000000000000e+00,0.000000000000000000e+00,0.000000000000000000e+00,1.749224581007567906e+40,1.621681428361295352e+38,nan,nan,8.120413967391375918e+05
7.350000000000000000e+01,2.072705426252288596e+00,1.613149935396557423e+21,9.717679251685734654e-01,1.156900179560350539e-10,0.000000000000000000e+00,2.084829121161414981e+08,7.145230600045025349e+05,2.084829121161414981e+08,0.000000000000000000e+00,0.000000000000000000e+00,1.330906382071554422e+09,-4.082457487466931618e+33,-1.494657822941349383e+32,3.783164473164519840e+33,0.000000000000000000e+00,0.000000000000000000e+00,0.000000000000000000e+00,1.735393701950196163e+40,1.592657827951276628e+38,nan,nan,8.136220509312977083e+05
7.400000000000000000e+01,2.073155295286999156e+00,1.614546284926274372e+21,7.967496024031015533e-01,1.150754257149167783e-10,0.000000000000000000e+00,2.088901189460249841e+08,7.145230600045025349e+05,2.088901189460249841e+08,0.000000000000000000e+00,0.000000000000000000e+00,1.333497016934065104e+09,-4.092195430633190960e+33,-1.489516033048818406e+32,3.769584244087377884e+33,0.000000000000000000e+00,0.000000000000000000e+00,0.000000000000000000e+00,1.721769795998058587e+40,1.564327703114186672e+38,nan,nan,8.152057818972348468e+05
7.436566695297084095e+01,2.073254680582286014e+00,1.615389290452391035e+21,6.636182673004653587e-01,1.146915297209505409e-10,0.000000000000000000e+00,2.091884248311679661e+08,7.145230600045025349e+05,2.091884248311679661e+08,0.000000000000000000e+00,0.000000000000000000e+00,1.335394827994759798e+09,-4.099785922831073710e+33,-1.485475690005812523e+32,3.760933097507100876e+33,0.000000000000000000e+00,0.000000000000000000e+00,0.000000000000000000e+00,1.711934199374124124e+40,1.544034541126232877e+38,nan,nan,8.163659693817063235e+05
7.450000000000000000e+01,2.073241088255304287e+00,1.615660045511053279e+21,6.136692700062735817e-01,1.145646643129337289e-10,0.000000000000000000e+00,2.092981184118324518e+08,7.145230600045025349e+05,2.092981184118324518e+08,0.000000000000000000e+00,0.000000000000000000e+00,1.336092694517146826e+09,-4.102677074909111337e+33,-1.483934259646959179e+32,3.758032411329475022e+33,0.000000000000000000e+00,0.000000000000000000e+00,0.000000000000000000e+00,1.708348519915514884e+40,1.536670636254719164e+38,nan,nan,8.167925956259482773e+05
7.500000000000000000e+01,2.072947744142945581e+00,1.616478921583817654e+21,4.230671112906535525e-01,1.141605120346284637e-10,0.000000000000000000e+00,2.097069120564448237e+08,7.145230600045025349e+05,2.097069120564448237e+08,0.000000000000000000e+00,0.000000000000000000e+00,1.338693424636551857e+09,-4.113937811948731690e+33,-1.477937858053337472e+32,3.748572060126345046e+33,0.000000000000000000e+00,0.000000000000000000e+00,0.000000000000000000e+00,1.695127910726122475e+40,1.509670886052224485e+38,nan,nan,8.183824981180946343e+05
7.550000000000000000e+01,2.072261340544978125e+00,1.616991474861001671e+21,2.254894726879816402e-01,1.138657237799160258e-10,0.000000000000000000e+00,2.101165014257464409e+08,7.145230600045025349e+05,2.101165014257464409e+08,0.000000000000000000e+00,0.000000000000000000e+00,1.341299217127139330e+09,-4.126011945439299633e+33,-1.471552709255737430e+32,3.741263832046338652e+33,0.000000000000000000e+00,0.000000000000000000e+00,0.000000000000000000e+00,1.682101492543623257e+40,1.483305265815951889e+38,nan,nan,8.199754953860115493e+05
7.600000000000000000e+01,2.071169101973310500e+00,1.617187133659469316e+21,2.148836201859954942e-02,1.136830716734839899e-10,0.000000000000000000e+00,2.105268880686307251e+08,7.145230600045025349e+05,2.105268880686307251e+08,0.000000000000000000e+00,0.000000000000000000e+00,1.343910081842912674e+09,-4.138932760117516203e+33,-1.464805198062810171e+32,3.736166468764644513e+33,0.000000000000000000e+00,0.000000000000000000e+00,0.000000000000000000e+00,1.669265234915990183e+40,1.457555567169643715e+38,nan,nan,8.215715934537397698e+05
7.605182151493059450e+01,2.071032211887889662e+00,1.617188891575425434e+21,-7.292596907987715846e-17,1.136706671030073515e-10,0.000000000000000000e+00,2.105694674439571798e+08,7.145230600045025349e+05,2.105694674439571798e+08,0.000000000000000000e+00,0.000000000000000000e+00,1.344180970261400461e+09,-4.140321641115586706e+33,-1.464086214633179799e+32,3.735766917275438595e+33,0.000000000000000000e+00,0.000000000000000000e+00,0.000000000000000000e+00,1.667949451253338845e+40,1.454929112952143423e+38,nan,nan,8.217371954777382780e+05
7.650000000000000000e+01,2.069659407260201256e+00,1.617056201537869054e+21,-1.883788716294869936e-01,1.136153837982553164e-10,0.000000000000000000e+00,2.109380735370060205e+08,7.145230600045025349e+05,2.109380735370060205e+08,0.000000000000000000e+00,0.000000000000000000e+00,1.346526028657054901e+09,-4.152732587123074096e+33,-1.457722200393064117e+32,3.733337326348266322e+33,0.000000000000000000e+00,0.000000000000000000e+00,0.000000000000000000e+00,1.656615337708024123e+40,1.432404361249133282e+38,nan,nan,8.231707983570455108e+05
7.700000000000000000e+01,2.067721796476037266e+00,1.616589865586334106e+21,-4.035496929446011349e-01,1.136655810709584564e-10,0.000000000000000000e+00,2.113500593858015537e+08,7.145230600045025349e+05,2.113500593858015537e+08,0.000000000000000000e+00,0.000000000000000000e+00,1.349147067461968660e+09,-4.167442864214960396e+33,-1.450331078969404475e+32,3.732832857132870922e+33,0.000000000000000000e+00,0.000000000000000000e+00,0.000000000000000000e+00,1.644147609088908954e+40,1.407833615146661720e+38,nan,nan,8.247731161434438545e+05
7.750000000000000000e+01,2.065346977651708826e+00,1.615780204589986349e+21,-6.234563807375349542e-01,1.138367123357456506e-10,0.000000000000000000e+00,2.117628471729731560e+08,7.145230600045025349e+05,2.117628471729731560e+08,0.000000000000000000e+00,0.000000000000000000e+00,1.351773208169312000e+09,-4.183094189638731279e+33,-1.442659686994440552e+32,3.734709057627830105e+33,0.000000000000000000e+00,0.000000000000000000e+00,0.000000000000000000e+00,1.631856036369661491e+40,1.383821635530327310e+38,nan,nan,8.263785528722220333e+05
7.800000000000000000e+01,2.062526833611848076e+00,1.614620197305366348e+21,-8.475258865516033246e-01,1.141319877367676529e-10,0.000000000000000000e+00,2.121764384595092833e+08,7.145230600045025349e+05,2.121764384595092833e+08,0.000000000000000000e+00,0.000000000000000000e+00,1.354404460710035563e+09,-4.199716368392110020e+33,-1.434736379239548331e+32,3.739021880591290148e+33,0.000000000000000000e+00,0.000000000000000000e+00,0.000000000000000000e+00,1.619736888874510123e+40,1.360352356537478222e+38,nan,nan,8.279871146144607337e+05
7.850000000000000000e+01,2.059254429191204050e+00,1.613103731063517086e+21,-1.075179564106445884e+00,1.145548104271931806e-10,0.000000000000000000e+00,2.125908348094369173e+08,7.145230600045025349e+05,2.125908348094369173e+08,0.000000000000000000e+00,0.000000000000000000e+00,1.357040835034422159e+09,-4.217338449675954770e+33,-1.426590029991465131e+32,3.745827609532358474e+33,0.000000000000000000e+00,0.000000000000000000e+00,0.000000000000000000e+00,1.607790274255726007e+40,1.337418521472893895e+38,nan,nan,8.295988074530594749e+05
7.900000000000000000e+01,2.055524019079674414e+00,1.611225610893597606e+21,-1.305832782177070106e+00,1.151088066554544530e-10,0.000000000000000000e+00,2.130060377898274362e+08,7.145230600045025349e+05,2.130060377898274362e+08,0.000000000000000000e+00,0.000000000000000000e+00,1.359682341112121344e+09,-4.235988754325102526e+33,-1.418250057289096268e+32,3.755183193805327051e+33,0.000000000000000000e+00,0.000000000000000000e+00,0.000000000000000000e+00,1.596012809175983137e+40,1.315004314722234904e+38,nan,nan,8.312136374827568652e+05
7.950000000000000000e+01,2.051331056514828166e+00,1.608981569340957000e+21,-1.538894433595942690e+00,1.157978542429039962e-10,0.000000000000000000e+00,2.134220489708025455e+08,7.145230600045025349e+05,2.134220489708025455e+08,0.000000000000000000e+00,0.000000000000000000e+00,1.362328988932189941e+09,-4.255694891003350859e+33,-1.409746452869135764e+32,3.767146542245327908e+33,0.000000000000000000e+00,0.000000000000000000e+00,0.000000000000000000e+00,1.584395232809625848e+40,1.293082953418077239e+38,nan,nan,8.328316108101559803e+05
8.000000000000000000e+01,2.046672203013918612e+00,1.606368277133452640e+21,-1.773766353244235816e+00,1.166261094305563864e-10,0.000000000000000000e+00,2.138388699255402386e+08,7.145230600045025349e+05,2.138388699255402386e+08,0.000000000000000000e+00,0.000000000000000000e+00,1.364980788503128529e+09,-4.276483759919817378e+33,-1.401109817219990597e+32,3.781776772960713879e+33,0.000000000000000000e+00,0.000000000000000000e+00,0.000000000000000000e+00,1.572941438582370755e+40,1.271656207595924218e+38,nan,nan,8.344527335537463659e+05
8.050000000000000000e+01,2.041545339310276486e+00,1.603383354829282214e+21,-2.009842658204002319e+00,1.175980320259014429e-10,0.000000000000000000e+00,2.142565022302806377e+08,7.145230600045025349e+05,2.142565022302806377e+08,0.000000000000000000e+00,0.000000000000000000e+00,1.367637749852918625e+09,-4.298381542781175780e+33,-1.392371399117470035e+32,3.799134416448650151e+33,0.000000000000000000e+00,0.000000000000000000e+00,0.000000000000000000e+00,1.561641666965693026e+40,1.250696841024955514e+38,nan,nan,8.360770118439268554e+05
8.100000000000000000e+01,2.035949577631196661e+00,1.600025385558451421e+21,-2.246509023709862163e+00,1.187184087234256585e-10,0.000000000000000000e+00,2.146749474643322229e+08,7.145230600045025349e+05,2.146749474643322229e+08,0.000000000000000000e+00,0.000000000000000000e+00,1.370299883029062986e+09,-4.321413677637520563e+33,-1.383563138980776762e+32,3.819281568639943417e+33,0.000000000000000000e+00,0.000000000000000000e+00,0.000000000000000000e+00,1.550495680941007813e+40,1.230198170692606917e+38,nan,nan,8.377044518230300164e+05
8.150000000000000000e+01,2.029885275425733937e+00,1.596293928948010320e+21,-2.483141909199147346e+00,1.199923744037620866e-10,0.000000000000000000e+00,2.150942072100774944e+08,7.145230600045025349e+05,2.150942072100774944e+08,0.000000000000000000e+00,0.000000000000000000e+00,1.372967198098619938e+09,-4.345604817210336872e+33,-1.374717715341616469e+32,3.842281989810489936e+33,0.000000000000000000e+00,0.000000000000000000e+00,0.000000000000000000e+00,1.539499325005419576e+40,1.210145408993800299e+38,nan,nan,8.393350596453435719e+05
8.200000000000000000e+01,2.023354050620714162e+00,1.592189536297942254e+21,-2.719107749644821048e+00,1.214254311354030493e-10,0.000000000000000000e+00,2.155142830529791117e+08,7.145230600045025349e+05,2.155142830529791117e+08,0.000000000000000000e+00,0.000000000000000000e+00,1.375639705148245573e+09,-4.370978769212091240e+33,-1.365868593660984566e+32,3.868201144522460376e+33,0.000000000000000000e+00,0.000000000000000000e+00,0.000000000000000000e+00,1.528648278950404119e+40,1.190523712767147009e+38,nan,nan,8.409688414771357784e+05
8.250000000000000000e+01,2.016358798451314271e+00,1.587713767049776857e+21,-2.953762128496254302e+00,1.230234645085900496e-10,0.000000000000000000e+00,2.159351765815858543e+08,7.145230600045025349e+05,2.159351765815858543e+08,0.000000000000000000e+00,0.000000000000000000e+00,1.378317414284228563e+09,-4.397558417080651854e+33,-1.357050076655328550e+32,3.897106176882694828e+33,0.000000000000000000e+00,0.000000000000000000e+00,0.000000000000000000e+00,1.517945194919975347e+40,1.171330446698479357e+38,nan,nan,8.426058034966768464e+05
8.300000000000000000e+01,2.008903709878256727e+00,1.582869206563148005e+21,-3.186448949978257783e+00,1.247927568221592167e-10,0.000000000000000000e+00,2.163568893875387609e+08,7.145230600045025349e+05,2.163568893875387609e+08,0.000000000000000000e+00,0.000000000000000000e+00,1.381000335632529736e+09,-4.425365619462110218e+33,-1.348297355204728028e+32,3.929065814433732522e+33,0.000000000000000000e+00,0.000000000000000000e+00,0.000000000000000000e+00,1.507384779759151923e+40,1.152550193776389592e+38,nan,nan,8.442459518942631548e+05
8.350000000000000000e+01,2.000994291566353667e+00,1.577659485186188640e+21,-3.416499630236452312e+00,1.267399965195334190e-10,0.000000000000000000e+00,2.167794230655767918e+08,7.145230600045025349e+05,2.167794230655767918e+08,0.000000000000000000e+00,0.000000000000000000e+00,1.383688479338821173e+09,-4.454421086686576880e+33,-1.339646558808514668e+32,3.964150192932059658e+33,0.000000000000000000e+00,0.000000000000000000e+00,0.000000000000000000e+00,1.496960024721147210e+40,1.134164652391156946e+38,nan,nan,8.458892928722413490e+05
8.400000000000000000e+01,1.992637387358265899e+00,1.572089298573306626e+21,-3.643232328892434424e+00,1.288722831285307837e-10,0.000000000000000000e+00,2.172027792135433257e+08,7.145230600045025349e+05,2.172027792135433257e+08,0.000000000000000000e+00,0.000000000000000000e+00,1.386381855568522453e+09,-4.484744232398861160e+33,-1.331134804426767473e+32,4.002430593129668924e+33,0.000000000000000000e+00,0.000000000000000000e+00,0.000000000000000000e+00,1.486672989596160038e+40,1.116172786226730330e+38,nan,nan,8.475358326450301101e+05
8.450000000000000000e+01,1.983841201132190424e+00,1.566164429167987786e+21,-3.865951245007438697e+00,1.311971268001819334e-10,0.000000000000000000e+00,2.176269594323919415e+08,7.145230600045025349e+05,2.176269594323919415e+08,0.000000000000000000e+00,0.000000000000000000e+00,1.389080474506841421e+09,-4.516352998435842548e+33,-1.322800242397818960e+32,4.043979079474690077e+33,0.000000000000000000e+00,0.000000000000000000e+00,0.000000000000000000e+00,1.476515922031476280e+40,1.098552314185148047e+38,nan,nan,8.491855774391451851e+05
8.500000000000000000e+01,1.974615320882080471e+00,1.559891768728247599e+21,-4.083946004265444962e+00,1.337224413636397755e-10,0.000000000000000000e+00,2.180519653261923790e+08,7.145230600045025349e+05,2.180519653261923790e+08,0.000000000000000000e+00,0.000000000000000000e+00,1.391784346358811378e+09,-4.549263650992849446e+33,-1.314682097950915930e+32,4.088868029407630343e+33,0.000000000000000000e+00,0.000000000000000000e+00,0.000000000000000000e+00,1.466494683212908833e+40,1.081309424883433922e+38,nan,nan,8.508385334932224359e+05
8.550000000000000000e+01,1.964970743803161612e+00,1.553279341727562334e+21,-4.296491167386162324e+00,1.364565296174079899e-10,0.000000000000000000e+00,2.184777985021368563e+08,7.145230600045025349e+05,2.184777985021368563e+08,0.000000000000000000e+00,0.000000000000000000e+00,1.394493481349329233e+09,-4.583490546102128420e+33,-1.306820706638597767e+32,4.137169540682583685e+33,0.000000000000000000e+00,0.000000000000000000e+00,0.000000000000000000e+00,1.456600552341672127e+40,1.064424608382292432e+38,nan,nan,8.524947070580407744e+05
8.600000000000000000e+01,1.954919902103246843e+00,1.546336329413984780e+21,-4.502845893365438279e+00,1.394080593622341621e-10,0.000000000000000000e+00,2.189044605705459416e+08,7.145230600045025349e+05,2.189044605705459416e+08,0.000000000000000000e+00,0.000000000000000000e+00,1.397207889723195791e+09,-4.619045862468520657e+33,-1.299257541794692100e+32,4.188954702930143565e+33,0.000000000000000000e+00,0.000000000000000000e+00,0.000000000000000000e+00,1.446826454064931505e+40,1.047879218894354861e+38,nan,nan,8.541541043965469580e+05
8.650000000000000000e+01,1.944476689190931751e+00,1.539073094254059323e+21,-4.702253795102490308e+00,1.425860284500398682e-10,0.000000000000000000e+00,2.193319531448748112e+08,7.145230600045025349e+05,2.193319531448748112e+08,0.000000000000000000e+00,0.000000000000000000e+00,1.399927581745153189e+09,-4.655939299784698227e+33,-1.292035231881358933e+32,4.244292718556466622e+33,0.000000000000000000e+00,0.000000000000000000e+00,0.000000000000000000e+00,1.437183014377167993e+40,1.031685530486909974e+38,nan,nan,8.558167317838784074e+05
8.700000000000000000e+01,1.933656485814478909e+00,1.531501204425528574e+21,-4.893943029279443913e+00,1.459997168797712606e-10,0.000000000000000000e+00,2.197602778417191505e+08,7.145230600045025349e+05,2.197602778417191505e+08,0.000000000000000000e+00,0.000000000000000000e+00,1.402652567699923277e+09,-4.694177740796045825e+33,-1.285197565323539297e+32,4.303249857113494709e+33,0.000000000000000000e+00,0.000000000000000000e+00,0.000000000000000000e+00,1.427659105565309604e+40,1.015822083605898862e+38,nan,nan,8.574825955073869554e+05
8.750000000000000000e+01,1.922476185639516277e+00,1.523633457953177862e+21,-5.077126666955722456e+00,1.496586237208096222e-10,0.000000000000000000e+00,2.201894362808214426e+08,7.145230600045025349e+05,2.201894362808214426e+08,0.000000000000000000e+00,0.000000000000000000e+00,1.405382857892248869e+09,-4.733764875621973633e+33,-1.278789480144001403e+32,4.365888226570886986e+33,0.000000000000000000e+00,0.000000000000000000e+00,0.000000000000000000e+00,1.418251644295636841e+40,1.000277769163982312e+38,nan,nan,8.591517018666636432e+05
8.800000000000000000e+01,1.910954219659152686e+00,1.515483906005071299e+21,-5.251003396145108582e+00,1.535723863961654755e-10,0.000000000000000000e+00,2.206194300850769877e+08,7.145230600045025349e+05,2.206194300850769877e+08,0.000000000000000000e+00,0.000000000000000000e+00,1.408118462646929979e+09,-4.774700787186653710e+33,-1.272857035411027559e+32,4.432264344585744851e+33,0.000000000000000000e+00,0.000000000000000000e+00,0.000000000000000000e+00,1.408963616586705646e+40,9.850516286469525451e+37,nan,nan,8.608240571735611884e+05
8.850000000000000000e+01,1.899110578726430854e+00,1.507067874781689545e+21,-5.414758612538247640e+00,1.577506796232183033e-10,0.000000000000000000e+00,2.210502608805401921e+08,7.145230600045025349e+05,2.210502608805401921e+08,0.000000000000000000e+00,0.000000000000000000e+00,1.410859392308864832e+09,-4.816981497090902226e+33,-1.267447361199857618e+32,4.502427493042839512e+33,0.000000000000000000e+00,0.000000000000000000e+00,0.000000000000000000e+00,1.399785290685694402e+40,9.701256172882587135e+37,nan,nan,8.624996677522186656e+05
8.900000000000000000e+01,1.886966833386344078e+00,1.498401985338029638e+21,-5.567565959354606520e+00,1.622030911057391183e-10,0.000000000000000000e+00,2.214819302964304984e+08,7.145230600045025349e+05,2.214819302964304984e+08,0.000000000000000000e+00,0.000000000000000000e+00,1.413605657243087292e+09,-4.860598471893643988e+33,-1.262608583457030509e+32,4.576417839994937860e+33,0.000000000000000000e+00,0.000000000000000000e+00,0.000000000000000000e+00,1.390724398409796045e+40,9.555061641498341132e+37,nan,nan,8.641785399390849052e+05
8.950000000000000000e+01,1.874546150063238104e+00,1.489504170578870272e+21,-5.708589381839345833e+00,1.669389709190045953e-10,0.000000000000000000e+00,2.219144399651386738e+08,7.145230600045025349e+05,2.219144399651386738e+08,0.000000000000000000e+00,0.000000000000000000e+00,1.416357267834807634e+09,-4.905538090592813123e+33,-1.258389719855600145e+32,4.654264314869137053e+33,0.000000000000000000e+00,0.000000000000000000e+00,0.000000000000000000e+00,1.381772870065355161e+40,9.411769655995535892e+37,nan,nan,8.658606800829432905e+05
9.000000000000000000e+01,1.861873302530298258e+00,1.480393688560813736e+21,-5.836985765884014299e+00,1.719672514576496661e-10,0.000000000000000000e+00,2.223477915222330391e+08,7.145230600045025349e+05,2.223477915222330391e+08,0.000000000000000000e+00,0.000000000000000000e+00,1.419114234489450693e+09,-4.951781075129437627e+33,-1.254840542454226771e+32,4.735982225649896715e+33,0.000000000000000000e+00,0.000000000000000000e+00,0.000000000000000000e+00,1.372928869076539163e+40,9.271309367565642620e+37,nan,nan,8.675460945449344581e+05
9.050000000000000000e+01,1.848974677452417836e+00,1.471091131122530910e+21,-5.951908233296537176e+00,1.772962348578543389e-10,0.000000000000000000e+00,2.227819866064654589e+08,7.145230600045025349e+05,2.227819866064654589e+08,0.000000000000000000e+00,0.000000000000000000e+00,1.421876567632696390e+09,-4.999301887012334603e+33,-1.252011402744195911e+32,4.821570610958197600e+33,0.000000000000000000e+00,0.000000000000000000e+00,0.000000000000000000e+00,1.364194428985709746e+40,9.133664363573143106e+37,nan,nan,8.692347896985822590e+05
9.100000000000000000e+01,1.835878272654383414e+00,1.461618426748645671e+21,-6.052510167949063380e+00,1.829333450029635496e-10,0.000000000000000000e+00,2.232170268597778082e+08,7.145230600045025349e+05,2.232170268597778082e+08,0.000000000000000000e+00,0.000000000000000000e+00,1.424644277710517645e+09,-5.048068094698942880e+33,-1.249953014509599738e+32,4.911009325795591859e+33,0.000000000000000000e+00,0.000000000000000000e+00,0.000000000000000000e+00,1.355557879171260820e+40,8.998623658678807629e+37,nan,nan,8.709267719298156444e+05
9.150000000000000000e+01,1.822613686626151530e+00,1.451998836455420723e+21,-6.137950046882187927e+00,1.888848416231799026e-10,0.000000000000000000e+00,2.236529139273078740e+08,7.145230600045025349e+05,2.236529139273078740e+08,0.000000000000000000e+00,0.000000000000000000e+00,1.427417375189221382e+09,-5.098039718190598439e+33,-1.248716189866916962e+32,5.004255867497969016e+33,0.000000000000000000e+00,0.000000000000000000e+00,0.000000000000000000e+00,1.347029824094793736e+40,8.866298732035485305e+37,nan,nan,8.726220476369945100e+05
9.200000000000000000e+01,1.809212097640266359e+00,1.442256941371188314e+21,-6.207397147847741437e+00,1.951554946602899167e-10,0.000000000000000000e+00,2.240896494573958516e+08,7.145230600045025349e+05,2.240896494573958516e+08,0.000000000000000000e+00,0.000000000000000000e+00,1.430195870555486679e+09,-5.149168559419989183e+33,-1.248351523925467141e+32,5.101241958424968374e+33,0.000000000000000000e+00,0.000000000000000000e+00,0.000000000000000000e+00,1.338596584575205014e+40,8.736463433739923208e+37,nan,nan,8.743206232309332117e+05
9.250000000000000000e+01,1.795706230728691066e+00,1.432418620575739544e+21,-6.260038199058407749e+00,2.017482180466665769e-10,0.000000000000000000e+00,2.245272351015903950e+08,7.145230600045025349e+05,2.245272351015903950e+08,0.000000000000000000e+00,0.000000000000000000e+00,1.432979774316405535e+09,-5.201397529424563758e+33,-1.248909023759517489e+32,5.201869914343627917e+33,0.000000000000000000e+00,0.000000000000000000e+00,0.000000000000000000e+00,1.330269101294197611e+40,8.609226501205460644e+37,nan,nan,8.760225051349245477e+05
9.300000000000000000e+01,1.782130310654271632e+00,1.422511017666102428e+21,-6.295085027345166395e+00,2.086636634044563530e-10,0.000000000000000000e+00,2.249656725146550238e+08,7.145230600045025349e+05,2.249656725146550238e+08,0.000000000000000000e+00,0.000000000000000000e+00,1.435769096999521732e+09,-5.254659985995759265e+33,-1.250437677850167794e+32,5.306008842529498207e+33,0.000000000000000000e+00,0.000000000000000000e+00,0.000000000000000000e+00,1.322032980535371850e+40,8.484357713978204624e+37,nan,nan,8.777276997847644379e+05
9.350000000000000000e+01,1.768519998924038550e+00,1.412562494437997937e+21,-6.311783246728366770e+00,2.158997759625796146e-10,0.000000000000000000e+00,2.254049633545741737e+08,7.145230600045025349e+05,2.254049633545741737e+08,0.000000000000000000e+00,0.000000000000000000e+00,1.438563849152872324e+09,-5.308879098431236271e+33,-1.252984962887674590e+32,5.413490731376733025e+33,0.000000000000000000e+00,0.000000000000000000e+00,0.000000000000000000e+00,1.313898041987336643e+40,8.361951627361640356e+37,nan,nan,8.794362136287768371e+05
9.400000000000000000e+01,1.754912312837299870e+00,1.402602570020677747e+21,-6.309422009810949916e+00,2.234513172618121690e-10,0.000000000000000000e+00,2.258451092825596035e+08,7.145230600045025349e+05,2.258451092825596035e+08,0.000000000000000000e+00,0.000000000000000000e+00,1.441364041345025063e+09,-5.363967259129070544e+33,-1.256596285870667201e+32,5.524106513691156204e+33,0.000000000000000000e+00,0.000000000000000000e+00,0.000000000000000000e+00,1.305853082089768693e+40,8.241824494945492169e+37,nan,nan,8.811480531278367853e+05
9.450000000000000000e+01,1.741345524552184942e+00,1.392661843786947625e+21,-6.287344818685670411e+00,2.313093619974185831e-10,0.000000000000000000e+00,2.262861119630566835e+08,7.145230600045025349e+05,2.262861119630566835e+08,0.000000000000000000e+00,0.000000000000000000e+00,1.444169684165120125e+09,-5.419825564948271619e+33,-1.261314360843626747e+32,5.637602208525723771e+33,0.000000000000000000e+00,0.000000000000000000e+00,0.000000000000000000e+00,1.297903189798845789e+40,8.124008036996685563e+37,nan,nan,8.828632247553959023e+05
9.500000000000000000e+01,1.727859038202279596e+00,1.382771900390048530e+21,-6.244961359626633346e+00,2.394607796283008380e-10,0.000000000000000000e+00,2.267279730637506545e+08,7.145230600045025349e+05,2.267279730637506545e+08,0.000000000000000000e+00,0.000000000000000000e+00,1.446980788222909451e+09,-5.476343394379330066e+33,-1.267178521417439150e+32,5.753675270806523891e+33,0.000000000000000000e+00,0.000000000000000000e+00,0.000000000000000000e+00,1.290042191708599870e+40,8.008382517361448528e+37,nan,nan,8.845817349975061370e+05
9.550000000000000000e+01,1.714493243213599749e+00,1.372965195365666783e+21,-6.181760286350334255e+00,2.478877151095801981e-10,0.000000000000000000e+00,2.271706942555729449e+08,7.145230600045025349e+05,2.271706942555729449e+08,0.000000000000000000e+00,0.000000000000000000e+00,1.449797364148797274e+09,-5.533398109438388427e+33,-1.274223972447454981e+32,5.871971303138616241e+33,0.000000000000000000e+00,0.000000000000000000e+00,0.000000000000000000e+00,1.282267381108226521e+40,7.894883521301534028e+37,nan,nan,8.863035903528450290e+05
9.600000000000000000e+01,1.701289342174773900e+00,1.363274919891851018e+21,-6.097322830062664956e+00,2.565670871699045047e-10,0.000000000000000000e+00,2.276142772127075195e+08,7.145230600045025349e+05,2.276142772127075195e+08,0.000000000000000000e+00,0.000000000000000000e+00,1.452619422593880415e+09,-5.590854913591111261e+33,-1.282480986908243423e+32,5.992081308714545681e+33,0.000000000000000000e+00,0.000000000000000000e+00,0.000000000000000000e+00,1.274585232848342548e+40,7.783566081835244251e+37,nan,nan,8.880287973327399231e+05
9.650000000000000000e+01,1.688289151913135555e+00,1.353734843532917604e+21,-5.991337061300751721e+00,2.654701267692562016e-10,0.000000000000000000e+00,2.280587236125970483e+08,7.145230600045025349e+05,2.280587236125970483e+08,0.000000000000000000e+00,0.000000000000000000e+00,1.455446974229987621e+09,-5.648566898657220154e+33,-1.291974057087440089e+32,6.113539686371979870e+33,0.000000000000000000e+00,0.000000000000000000e+00,0.000000000000000000e+00,1.266984562040525526e+40,7.674257398864681637e+37,nan,nan,8.897573624611923005e+05
9.700000000000000000e+01,1.675534876837839304e+00,1.344379134115316761e+21,-5.863612569771429861e+00,2.745619824659633502e-10,0.000000000000000000e+00,2.285040351359495223e+08,7.145230600045025349e+05,2.285040351359495223e+08,0.000000000000000000e+00,0.000000000000000000e+00,1.458280029749720812e+09,-5.706375314237802719e+33,-1.302721012671923149e+32,6.235823186318359860e+33,0.000000000000000000e+00,0.000000000000000000e+00,0.000000000000000000e+00,1.259473588699909530e+40,7.567032418058127189e+37,nan,nan,8.914892922749030404e+05
9.750000000000000000e+01,1.663068854136924735e+00,1.335242154301387964e+21,-5.714095265737279661e+00,2.838014230310356024e-10,0.000000000000000000e+00,2.289502134667443335e+08,7.145230600045025349e+05,2.289502134667443335e+08,0.000000000000000000e+00,0.000000000000000000e+00,1.461118599866495132e+09,-5.764110092418475151e+33,-1.314732122025937390e+32,6.358351055228076383e+33,0.000000000000000000e+00,0.000000000000000000e+00,0.000000000000000000e+00,1.252045920120573808e+40,7.461780840497726002e+37,nan,nan,8.932245933232964016e+05
9.800000000000000000e+01,1.650933271062745789e+00,1.326358234945179615e+21,-5.542881942571785459e+00,2.931406703266758746e-10,0.000000000000000000e+00,2.293972602922389209e+08,7.145230600045025349e+05,2.293972602922389209e+08,0.000000000000000000e+00,0.000000000000000000e+00,1.463962695314580202e+09,-5.821590658004842498e+33,-1.328009196822790594e+32,6.480486599428105805e+33,0.000000000000000000e+00,0.000000000000000000e+00,0.000000000000000000e+00,1.244696328415109037e+40,7.358407410933617084e+37,nan,nan,8.949632721685458673e+05
9.850000000000000000e+01,1.639169855307965884e+00,1.317761425932425626e+21,-5.350234178317072598e+00,3.025253967003238249e-10,0.000000000000000000e+00,2.298451773029747903e+08,7.145230600045025349e+05,2.298451773029747903e+08,0.000000000000000000e+00,0.000000000000000000e+00,1.466812326849138975e+09,-5.878627050045060001e+33,-1.342544723998174609e+32,6.601540381766107432e+33,0.000000000000000000e+00,0.000000000000000000e+00,0.000000000000000000e+00,1.237431766058350492e+40,7.256962330940022831e+37,nan,nan,8.967053353855976602e+05
9.900000000000000000e+01,1.627819540353256045e+00,1.309485225917760930e+21,-5.136591098672129263e+00,3.118949203921751608e-10,0.000000000000000000e+00,2.302939661927843988e+08,7.145230600045025349e+05,2.302939661927843988e+08,0.000000000000000000e+00,0.000000000000000000e+00,1.469667505246270895e+09,-5.935021373656074503e+33,-1.358321052502224553e+32,6.720775238779857445e+33,0.000000000000000000e+00,0.000000000000000000e+00,0.000000000000000000e+00,1.230242954035194190e+40,7.157310995166926591e+37,nan,nan,8.984507895621967036e+05
9.950000000000000000e+01,1.616922108640062916e+00,1.301562293162429121e+21,-4.902580479748165132e+00,3.211826291940990245e-10,0.000000000000000000e+00,2.307436286587969661e+08,7.145230600045025349e+05,2.307436286587969661e+08,0.000000000000000000e+00,0.000000000000000000e+00,1.472528241303050518e+09,-5.990569592071698415e+33,-1.375309665252917478e+32,6.837413257844020484e+33,0.000000000000000000e+00,0.000000000000000000e+00,0.000000000000000000e+00,1.223130626214539363e+40,7.059444406253722848e+37,nan,nan,9.001996412989111850e+05
1.000000000000000000e+02,1.606515816459195056e+00,1.294024140523037262e+21,-4.649027641517666787e+00,3.303166564106118728e-10,0.000000000000000000e+00,2.311941664014454484e+08,7.145230600045025349e+05,2.311941664014454484e+08,0.000000000000000000e+00,0.000000000000000000e+00,1.475394545837568760e+09,-6.045063657401465057e+33,-1.393470568718422795e+32,6.950644787982584291e+33,0.000000000000000000e+00,0.000000000000000000e+00,0.000000000000000000e+00,1.216102300060437795e+40,6.963426385560870407e+37,nan,nan,9.019518972091566538e+05
1.005000000000000000e+02,1.596637005510228136e+00,1.286900818515723289e+21,-4.376961577574722817e+00,3.392208238214636663e-10,0.000000000000000000e+00,2.316455811244726479e+08,7.145230600045025349e+05,2.316455811244726479e+08,0.000000000000000000e+00,0.000000000000000000e+00,1.478266429688975096e+09,-6.098293965051186727e+33,-1.412751833353939660e+32,7.059639473408223797e+33,0.000000000000000000e+00,0.000000000000000000e+00,0.000000000000000000e+00,1.209145888777363003e+40,6.869075013838586724e+37,nan,nan,9.037075639192229137e+05
1.010000000000000000e+02,1.587319707129319468e+00,1.280220591241536209e+21,-4.087617788580069522e+00,3.478158538668481083e-10,0.000000000000000000e+00,2.320978745349377394e+08,7.145230600045025349e+05,2.320978745349377394e+08,0.000000000000000000e+00,0.000000000000000000e+00,1.481143903717516899e+09,-6.150052101556099295e+33,-1.433089317381921671e+32,7.163559197864499156e+33,0.000000000000000000e+00,0.000000000000000000e+00,0.000000000000000000e+00,1.202259543188196486e+40,6.776346884434613486e+37,nan,nan,9.054666480682970723e+05
1.015000000000000000e+02,1.578595246147188824e+00,1.274009610761915335e+21,-3.782437339492609407e+00,3.560208380572800936e-10,0.000000000000000000e+00,2.325510483432227671e+08,7.145230600045025349e+05,2.325510483432227671e+08,0.000000000000000000e+00,0.000000000000000000e+00,1.484026978804581404e+09,-6.200133839399334398e+33,-1.454406603880171016e+32,7.261572714923233661e+33,0.000000000000000000e+00,0.000000000000000000e+00,0.000000000000000000e+00,1.195450515655618124e+40,6.685319243445096652e+37,nan,nan,9.072291563084899681e+05
1.020000000000000000e+02,1.570491852162214652e+00,1.268291596207022670e+21,-3.463061746599968238e+00,3.637549314368929089e-10,0.000000000000000000e+00,2.330051042630388737e+08,7.145230600045025349e+05,2.330051042630388737e+08,0.000000000000000000e+00,0.000000000000000000e+00,1.486915665852736950e+09,-6.248342316142412783e+33,-1.476615176668700184e+32,7.352871621135322929e+33,0.000000000000000000e+00,0.000000000000000000e+00,0.000000000000000000e+00,1.188716967675974034e+40,6.595938121085471660e+37,nan,nan,9.089950953048607334e+05
1.025000000000000000e+02,1.563034286631600711e+00,1.263087524431691252e+21,-3.131323419364656413e+00,3.709392249875639332e-10,0.000000000000000000e+00,2.334600440114331841e+08,7.145230600045025349e+05,2.334600440114331841e+08,0.000000000000000000e+00,0.000000000000000000e+00,1.489809975785773516e+09,-6.294491319975785895e+33,-1.499614854031320257e+32,7.436687213900638066e+33,0.000000000000000000e+00,0.000000000000000000e+00,0.000000000000000000e+00,1.182047587572857149e+40,6.508034503407387079e+37,nan,nan,9.107644717354424065e+05
1.030000000000000000e+02,1.556243494535421323e+00,1.258415339353564512e+21,-2.789231531343032255e+00,3.774987306773529929e-10,0.000000000000000000e+00,2.339158693087950945e+08,7.145230600045025349e+05,2.339158693087950945e+08,0.000000000000000000e+00,0.000000000000000000e+00,1.492709919548744440e+09,-6.338408590811345031e+33,-1.523294490997925914e+32,7.512307674035347085e+33,0.000000000000000000e+00,0.000000000000000000e+00,0.000000000000000000e+00,1.175450213462484662e+40,6.421704309282902093e+37,nan,nan,9.125372922912663780e+05
1.035000000000000000e+02,1.550136289402063161e+00,1.254289687172137878e+21,-2.438953368053570880e+00,3.833643991654651461e-10,0.000000000000000000e+00,2.343725818788626194e+08,7.145230600045025349e+05,2.343725818788626194e+08,0.000000000000000000e+00,0.000000000000000000e+00,1.495615508108008146e+09,-6.379939036498695152e+33,-1.547532951051048869e+32,7.579094934663582793e+33,0.000000000000000000e+00,0.000000000000000000e+00,0.000000000000000000e+00,1.168921714483287892e+40,6.336875847502243526e+37,nan,nan,9.143135636763889343e+05
1.040000000000000000e+02,1.544725080161712283e+00,1.250721684443935801e+21,-2.082791388893578066e+00,3.884750797305418724e-10,0.000000000000000000e+00,2.348301834487291574e+08,7.145230600045025349e+05,2.348301834487291574e+08,0.000000000000000000e+00,0.000000000000000000e+00,1.498526752451269627e+09,-6.418947758748175291e+33,-1.572200337183050418e+32,7.636500552944890587e+33,0.000000000000000000e+00,0.000000000000000000e+00,0.000000000000000000e+00,1.162461268885395669e+40,6.253512683056581982e+37,nan,nan,9.160932926079158206e+05
1.045000000000000000e+02,1.540017647599718709e+00,1.247718725461979431e+21,-1.723156433793648912e+00,3.927793273271798583e-10,0.000000000000000000e+00,2.352886757488498986e+08,7.145230600045025349e+05,2.352886757488498986e+08,0.000000000000000000e+00,0.000000000000000000e+00,1.501443663587620735e+09,-6.455322783731605931e+33,-1.597159460849031462e+32,7.684079896995808074e+33,0.000000000000000000e+00,0.000000000000000000e+00,0.000000000000000000e+00,1.156070387115093894e+40,6.171633539525944672e+37,nan,nan,9.178764858160273870e+05
1.050000000000000000e+02,1.536016977120056248e+00,1.245284334560091308e+21,-1.362537690388152534e+00,3.962369638782578308e-10,0.000000000000000000e+00,2.357480605130484104e+08,7.145230600045025349e+05,2.357480605130484104e+08,0.000000000000000000e+00,0.000000000000000000e+00,1.504366252547582865e+09,-6.488977398581750813e+33,-1.622267516273974203e+32,7.721504001710506691e+33,0.000000000000000000e+00,0.000000000000000000e+00,0.000000000000000000e+00,1.149739550893196236e+40,6.091086049545834670e+37,nan,nan,9.196631500440044329e+05
1.055000000000000000e+02,1.532721153132707181e+00,1.243418067858454741e+21,-1.003470200705659732e+00,3.988203103966816588e-10,0.000000000000000000e+00,2.362083394785231948e+08,7.145230600045025349e+05,2.362083394785231948e+08,0.000000000000000000e+00,0.000000000000000000e+00,1.507294530383149624e+09,-6.519852007134651997e+33,-1.647377917564334822e+32,7.748568534443909156e+33,0.000000000000000000e+00,0.000000000000000000e+00,0.000000000000000000e+00,1.143474705574624182e+40,6.011937977643684424e+37,nan,nan,9.214532920482542831e+05
1.060000000000000000e+02,1.530123318704710078e+00,1.242115467630745747e+21,-6.485008152173790119e-01,4.005150229282883584e-10,0.000000000000000000e+00,2.366695143858542442e+08,7.145230600045025349e+05,2.366695143858542442e+08,0.000000000000000000e+00,0.000000000000000000e+00,1.510228508167826176e+09,-6.547915435760216336e+33,-1.672342247895894389e+32,7.765199440511780759e+33,0.000000000000000000e+00,0.000000000000000000e+00,0.000000000000000000e+00,1.137273421473968159e+40,5.934134779948774193e+37,nan,nan,9.232469185983350035e+05
1.065000000000000000e+02,1.528211702241955017e+00,1.241368070967931175e+21,-3.001535861752393508e-01,4.013204874398969698e-10,0.000000000000000000e+00,2.371315869790095687e+08,7.145230600045025349e+05,2.371315869790095687e+08,0.000000000000000000e+00,0.000000000000000000e+00,1.513168196996673346e+09,-6.573165642017688824e+33,-1.697012264341696163e+32,7.771455000556597426e+33,0.000000000000000000e+00,0.000000000000000000e+00,0.000000000000000000e+00,1.131136661849872664e+40,5.857665738382651149e+37,nan,nan,9.250440364769821754e+05
1.070000000000000000e+02,1.526969710993189899e+00,1.241163472816033759e+21,3.910437547180807549e-02,4.012497547660525185e-10,0.000000000000000000e+00,2.375945590053519309e+08,7.145230600045025349e+05,2.375945590053519309e+08,0.000000000000000000e+00,0.000000000000000000e+00,1.516113607986347914e+09,-6.595629803749711761e+33,-1.721241899124275384e+32,7.767524214719093048e+33,0.000000000000000000e+00,0.000000000000000000e+00,0.000000000000000000e+00,1.125063969285784818e+40,5.782521226810346129e+37,nan,nan,9.268446524801336927e+05
1.075000000000000000e+02,1.526376089193634877e+00,1.241485441859318710e+21,3.668955774952821214e-01,4.003290242212372687e-10,0.000000000000000000e+00,2.380584322156452835e+08,7.145230600045025349e+05,2.380584322156452835e+08,0.000000000000000000e+00,0.000000000000000000e+00,1.519064752275146723e+09,-6.615363792402305339e+33,-1.744889198448247553e+32,7.753721617590158982e+33,0.000000000000000000e+00,0.000000000000000000e+00,0.000000000000000000e+00,1.119046747580919582e+40,5.708569495599513252e+37,nan,nan,9.286487734169567702e+05
1.080000000000000000e+02,1.526405136797944539e+00,1.242314086191741272e+21,6.809624311098818605e-01,3.985967109522851398e-10,0.000000000000000000e+00,2.385232083640615046e+08,7.145230600045025349e+05,2.385232083640615046e+08,0.000000000000000000e+00,0.000000000000000000e+00,1.522021641023046255e+09,-6.632451060023121409e+33,-1.767818143554665216e+32,7.730478807783107597e+33,0.000000000000000000e+00,0.000000000000000000e+00,0.000000000000000000e+00,1.113093791234313322e+40,5.635915582372117523e+37,nan,nan,9.304564061098716920e+05
1.085000000000000000e+02,1.527026983087637957e+00,1.243626064347313471e+21,9.791943378655190156e-01,3.961021551738028905e-10,0.000000000000000000e+00,2.389888892081870139e+08,7.145230600045025349e+05,2.389888892081870139e+08,0.000000000000000000e+00,0.000000000000000000e+00,1.524984285411746740e+09,-6.647000992809524454e+33,-1.789900304944117712e+32,7.698333132477686440e+33,0.000000000000000000e+00,0.000000000000000000e+00,0.000000000000000000e+00,1.107193950819144808e+40,5.564394718177118247e+37,nan,nan,9.322675573945794022e+05
1.090000000000000000e+02,1.528207908057047204e+00,1.245394836111025766e+21,1.259650932643608501e+00,3.929040491773209627e-10,0.000000000000000000e+00,2.394554765090294778e+08,7.145230600045025349e+05,2.394554765090294778e+08,0.000000000000000000e+00,0.000000000000000000e+00,1.527952696644713640e+09,-6.659146803754359847e+33,-1.811016289327123990e+32,7.657914088990614017e+33,0.000000000000000000e+00,0.000000000000000000e+00,0.000000000000000000e+00,1.101356724029652730e+40,5.494120129286599979e+37,nan,nan,9.340822341200864175e+05
1.095000000000000000e+02,1.529910703442985520e+00,1.247590946655315689e+21,1.520581020751737622e+00,3.890686691871045397e-10,0.000000000000000000e+00,2.399229720310241878e+08,7.145230600045025349e+05,2.399229720310241878e+08,0.000000000000000000e+00,0.000000000000000000e+00,1.530926885947220325e+09,-6.669043051753068272e+33,-1.831056949103076403e+32,7.609928084771614830e+33,0.000000000000000000e+00,0.000000000000000000e+00,0.000000000000000000e+00,1.095572304212035129e+40,5.424947495860614749e+37,nan,nan,9.359004431487312540e+05
1.100000000000000000e+02,1.532095064599943379e+00,1.250182336971832295e+21,1.760436942757346079e+00,3.846680032889409012e-10,0.000000000000000000e+00,2.403913775420412421e+08,7.145230600045025349e+05,2.403913775420412421e+08,0.000000000000000000e+00,0.000000000000000000e+00,1.533906864566390038e+09,-6.676862883837467506e+33,-1.849924335281124653e+32,7.555142231152686436e+33,0.000000000000000000e+00,0.000000000000000000e+00,0.000000000000000000e+00,1.089848983342617744e+40,5.356968113908620832e+37,nan,nan,9.377221913562095724e+05
1.105000000000000000e+02,1.534718004141764958e+00,1.253134673302030385e+21,1.977884294685200661e+00,3.797778640884474379e-10,0.000000000000000000e+00,2.408606948133916855e+08,7.145230600045025349e+05,2.408606948133916855e+08,0.000000000000000000e+00,0.000000000000000000e+00,1.536892643771239042e+09,-6.682795100827329460e+33,-1.867532385968784876e+32,7.494367836082905565e+33,0.000000000000000000e+00,0.000000000000000000e+00,0.000000000000000000e+00,1.084181040311706895e+40,5.290096920544663724e+37,nan,nan,9.395474856316010701e+05
1.110000000000000000e+02,1.537734278354930595e+00,1.256411688300776260e+21,2.171807111646260946e+00,3.744760664165294077e-10,0.000000000000000000e+00,2.413309256198345125e+08,7.145230600045025349e+05,2.413309256198345125e+08,0.000000000000000000e+00,0.000000000000000000e+00,1.539884234852718830e+09,-6.687041144939077261e+33,-1.883807353162155203e+32,7.428444212200361786e+33,0.000000000000000000e+00,0.000000000000000000e+00,0.000000000000000000e+00,1.078566655746955769e+40,5.224300956216595546e+37,nan,nan,9.413763328773952089e+05
1.115000000000000000e+02,1.541096817799681551e+00,1.259975526965333983e+21,2.341308780294280023e+00,3.688407376989157072e-10,0.000000000000000000e+00,2.418020717395833731e+08,7.145230600045025349e+05,2.418020717395833731e+08,0.000000000000000000e+00,0.000000000000000000e+00,1.542881649123759270e+09,-6.689812101440347476e+33,-1.898687979992728732e+32,7.358223336992704986e+33,0.000000000000000000e+00,0.000000000000000000e+00,0.000000000000000000e+00,1.073009212576674863e+40,5.159612042117506095e+37,nan,nan,9.432087400095171761e+05
1.120000000000000000e+02,1.544757154199561722e+00,1.263787090885704942e+21,2.485709073025839100e+00,3.629488131768136081e-10,0.000000000000000000e+00,2.422741349543132484e+08,7.145230600045025349e+05,2.422741349543132484e+08,0.000000000000000000e+00,0.000000000000000000e+00,1.545884897919310570e+09,-6.691325796240677201e+33,-1.912125448396433066e+32,7.284555801150955321e+33,0.000000000000000000e+00,0.000000000000000000e+00,0.000000000000000000e+00,1.067500058933269853e+40,5.095906878420263802e+37,nan,nan,9.450447139573541936e+05
1.125000000000000000e+02,1.548665836614349089e+00,1.267806375071000560e+21,2.604537790918821649e+00,3.568747516433876853e-10,0.000000000000000000e+00,2.427471170491671264e+08,7.145230600045025349e+05,2.427471170491671264e+08,0.000000000000000000e+00,0.000000000000000000e+00,1.548893992596386909e+09,-6.691804058459886998e+33,-1.924083123121038112e+32,7.208278369574258831e+33,0.000000000000000000e+00,0.000000000000000000e+00,0.000000000000000000e+00,1.062047940110776795e+40,5.033285271418280556e+37,nan,nan,9.468842616637815954e+05
1.130000000000000000e+02,1.552772830928848435e+00,1.271992792426646077e+21,2.697525562321843928e+00,3.506894912048713408e-10,0.000000000000000000e+00,2.432210198127627969e+08,7.145230600045025349e+05,2.432210198127627969e+08,0.000000000000000000e+00,0.000000000000000000e+00,1.551908944534109116e+09,-6.691470202643716708e+33,-1.934536121997823106e+32,7.130203366192067452e+33,0.000000000000000000e+00,0.000000000000000000e+00,0.000000000000000000e+00,1.056644562299215029e+40,4.971630326699792850e+37,nan,nan,9.487273900851892540e+05
1.135000000000000000e+02,1.557027897805276062e+00,1.276305481845946450e+21,2.764592371528114434e+00,3.444596499425578999e-10,0.000000000000000000e+00,2.436958450371997356e+08,7.145230600045025349e+05,2.436958450371997356e+08,0.000000000000000000e+00,0.000000000000000000e+00,1.554929765133747816e+09,-6.690546770455173813e+33,-1.943470744539329382e+32,7.051109986708968553e+33,0.000000000000000000e+00,0.000000000000000000e+00,0.000000000000000000e+00,1.051291666912648714e+40,4.910953323424296629e+37,nan,nan,9.505741061915076571e+05
1.140000000000000000e+02,1.561380945380431040e+00,1.280703596788455834e+21,2.805834390756603458e+00,3.382469640368696891e-10,0.000000000000000000e+00,2.441715945180656314e+08,7.145230600045025349e+05,2.441715945180656314e+08,0.000000000000000000e+00,0.000000000000000000e+00,1.557956465818765879e+09,-6.689253557265434290e+33,-1.950883791369982108e+32,6.971737548471411158e+33,0.000000000000000000e+00,0.000000000000000000e+00,0.000000000000000000e+00,1.045993555262429816e+40,4.851297270800956293e+37,nan,nan,9.524244169662343338e+05
1.145000000000000000e+02,1.565782354089654937e+00,1.285146572105092170e+21,2.821509663632131293e+00,3.321079463450906470e-10,0.000000000000000000e+00,2.446482700544434786e+08,7.145230600045025349e+05,2.446482700544434786e+08,0.000000000000000000e+00,0.000000000000000000e+00,1.560989058034862757e+09,-6.687805935811982781e+33,-1.956781806012298170e+32,6.892780607725868817e+33,0.000000000000000000e+00,0.000000000000000000e+00,0.000000000000000000e+00,1.040739263690694173e+40,4.792515854900329388e+37,nan,nan,9.542783294064606307e+05
1.150000000000000000e+02,1.570183272027510846e+00,1.289594367702771696e+21,2.812023145027208848e+00,3.260937417023009128e-10,0.000000000000000000e+00,2.451258734489180744e+08,7.145230600045025349e+05,2.451258734489180744e+08,0.000000000000000000e+00,0.000000000000000000e+00,1.564027553250017166e+09,-6.686413477483471467e+33,-1.961180268443277148e+32,6.814885813407111004e+33,0.000000000000000000e+00,0.000000000000000000e+00,0.000000000000000000e+00,1.035535636464444037e+40,4.734683794605791061e+37,nan,nan,9.561358505228977883e+05
1.155000000000000000e+02,1.574535880180764291e+00,1.294007688395055432e+21,2.777911546087102224e+00,3.202501511845282741e-10,0.000000000000000000e+00,2.456044065075830519e+08,7.145230600045025349e+05,2.456044065075830519e+08,0.000000000000000000e+00,0.000000000000000000e+00,1.567071962954530001e+09,-6.685278862123606288e+33,-1.964102766918774249e+32,6.738650323374133481e+33,0.000000000000000000e+00,0.000000000000000000e+00,0.000000000000000000e+00,1.030383884165823868e+40,4.677805438853267759e+37,nan,nan,9.579969873399032513e+05
1.160000000000000000e+02,1.578793627674070388e+00,1.298348179944021950e+21,2.719828369722368855e+00,3.146177958989505718e-10,0.000000000000000000e+00,2.460838710400476456e+08,7.145230600045025349e+05,2.460838710400476456e+08,0.000000000000000000e+00,0.000000000000000000e+00,1.570122298661068678e+09,-6.684597059630037098e+33,-1.965580171138361386e+32,6.664621582491970576e+33,0.000000000000000000e+00,0.000000000000000000e+00,0.000000000000000000e+00,1.025275060086866395e+40,4.621761960000447971e+37,nan,nan,9.598617468955077929e+05
1.165000000000000000e+02,1.582911437843551150e+00,1.302578601854187602e+21,2.638529455373130439e+00,3.092323911109007431e-10,0.000000000000000000e+00,2.465642688594435453e+08,7.145230600045025349e+05,2.465642688594435453e+08,0.000000000000000000e+00,0.000000000000000000e+00,1.573178571904709816e+09,-6.684554761018066863e+33,-1.965649826155889877e+32,6.593298250033929756e+33,0.000000000000000000e+00,0.000000000000000000e+00,0.000000000000000000e+00,1.020213439190212831e+40,4.566595577271796957e+37,nan,nan,9.617301362414415926e+05
1.170000000000000000e+02,1.586845886497162406e+00,1.306662977930187244e+21,2.534859286148712254e+00,3.041251032086856078e-10,0.000000000000000000e+00,2.470456017824316621e+08,7.145230600045025349e+05,2.470456017824316621e+08,0.000000000000000000e+00,0.000000000000000000e+00,1.576240794242983818e+09,-6.685330032870813716e+33,-1.964354782753633075e+32,6.525132063943907088e+33,0.000000000000000000e+00,0.000000000000000000e+00,0.000000000000000000e+00,1.015200986637003599e+40,4.512320474064327244e+37,nan,nan,9.636021624431613600e+05
1.175000000000000000e+02,1.590555354138508681e+00,1.310566725959685505e+21,2.409738249359619999e+00,2.993229646875417058e-10,0.000000000000000000e+00,2.475278716292091310e+08,7.145230600045025349e+05,2.475278716292091310e+08,0.000000000000000000e+00,0.000000000000000000e+00,1.579308977255917788e+09,-6.687092166980467553e+33,-1.961743076463111690e+32,6.460530438779589372e+33,0.000000000000000000e+00,0.000000000000000000e+00,0.000000000000000000e+00,1.010233686121351347e+40,4.458879692850047050e+37,nan,nan,9.654778325798771111e+05
1.180000000000000000e+02,1.594000154232376953e+00,1.314256768138986127e+21,2.264150984961625035e+00,2.948493255961448407e-10,0.000000000000000000e+00,2.480110802235161364e+08,7.145230600045025349e+05,2.480110802235161364e+08,0.000000000000000000e+00,0.000000000000000000e+00,1.582383132546079636e+09,-6.690001696231751796e+33,-1.957867064157606769e+32,6.399859609973580216e+33,0.000000000000000000e+00,0.000000000000000000e+00,0.000000000000000000e+00,1.005308136520750777e+40,4.406224552695938051e+37,nan,nan,9.673571537445781287e+05
1.185000000000000000e+02,1.597142639788385221e+00,1.317701624030911791e+21,2.099135906727046752e+00,2.907243233948669178e-10,0.000000000000000000e+00,2.484952293926427662e+08,7.145230600045025349e+05,2.484952293926427662e+08,0.000000000000000000e+00,0.000000000000000000e+00,1.585463271738621473e+09,-6.694210548108525277e+33,-1.952782824239356655e+32,6.343448156985300978e+33,0.000000000000000000e+00,0.000000000000000000e+00,0.000000000000000000e+00,1.000428444599284664e+40,4.354395044685917588e+37,nan,nan,9.692401330440605525e+05
1.190000000000000000e+02,1.599947290648047415e+00,1.320871487943943389e+21,1.915775938598120343e+00,2.869653566623397239e-10,0.000000000000000000e+00,2.489803209674360454e+08,7.145230600045025349e+05,2.489803209674360454e+08,0.000000000000000000e+00,0.000000000000000000e+00,1.588549406481324673e+09,-6.699862308345152801e+33,-1.946549623939796597e+32,6.291590759923987027e+33,0.000000000000000000e+00,0.000000000000000000e+00,0.000000000000000000e+00,9.955944606526064350e+39,4.303380718954451749e+37,nan,nan,9.711267775989541551e+05
1.195000000000000000e+02,1.602380783894981953e+00,1.323738292660060291e+21,1.715190473696280637e+00,2.835875513673523461e-10,0.000000000000000000e+00,2.494663567823066413e+08,7.145230600045025349e+05,2.494663567823066413e+08,0.000000000000000000e+00,0.000000000000000000e+00,1.591641548444642544e+09,-6.707092568946431301e+33,-1.939229455154330526e+32,6.244552066661132397e+33,0.000000000000000000e+00,0.000000000000000000e+00,0.000000000000000000e+00,9.908032376127788030e+39,4.253138961434778428e+37,nan,nan,9.730170945437490009e+05
1.200000000000000000e+02,1.604412049782181215e+00,1.326275761427560792e+21,1.498528535509474180e+00,2.806042113736266519e-10,0.000000000000000000e+00,2.499533386752360761e+08,7.145230600045025349e+05,2.499533386752360761e+08,0.000000000000000000e+00,0.000000000000000000e+00,1.594739709321745634e+09,-6.716029336846022042e+33,-1.930886638530868721e+32,6.202570569079240174e+33,0.000000000000000000e+00,0.000000000000000000e+00,0.000000000000000000e+00,9.860512254156008718e+39,4.203620862545420904e+37,nan,nan,9.749110910268225707e+05
1.205000000000000000e+02,1.606012315497479692e+00,1.328459450085052252e+21,1.266963099243213042e+00,2.780272473966537726e-10,0.000000000000000000e+00,2.504412684877834320e+08,7.145230600045025349e+05,2.504412684877834320e+08,0.000000000000000000e+00,0.000000000000000000e+00,1.597843900828565598e+09,-6.726793481680473831e+33,-1.921587494193966752e+32,6.165862407048772922e+33,0.000000000000000000e+00,0.000000000000000000e+00,0.000000000000000000e+00,9.813432792257465387e+39,4.154871036696454367e+37,nan,nan,9.768087742104671197e+05
1.210000000000000000e+02,1.607155138980422837e+00,1.330266781103273542e+21,1.021686515424042208e+00,2.758675807575336320e-10,0.000000000000000000e+00,2.509301480650925934e+08,7.145230600045025349e+05,2.509301480650925934e+08,0.000000000000000000e+00,0.000000000000000000e+00,1.600954134703839064e+09,-6.739499203378779068e+33,-1.911400076473454707e+32,6.134625036425143634e+33,0.000000000000000000e+00,0.000000000000000000e+00,0.000000000000000000e+00,9.766795584631283339e+39,4.106883251571816600e+37,nan,nan,9.787101512709161034e+05
1.215000000000000000e+02,1.607816434870812383e+00,1.331677071230701928e+21,7.639069667308108214e-01,2.741355199817876494e-10,0.000000000000000000e+00,2.514199792558988333e+08,7.145230600045025349e+05,2.514199792558988333e+08,0.000000000000000000e+00,0.000000000000000000e+00,1.604070422709152222e+09,-6.754254502392743768e+33,-1.900393969271576447e+32,6.109040712503194604e+33,0.000000000000000000e+00,0.000000000000000000e+00,0.000000000000000000e+00,9.720578185286735478e+39,4.059627278746642433e+37,nan,nan,9.806152293983716518e+05
1.220000000000000000e+02,1.607974494519704090e+00,1.332671554313838395e+21,4.948458818260704772e-01,2.728411095944196899e-10,0.000000000000000000e+00,2.519107639125361145e+08,7.145230600045025349e+05,2.519107639125361145e+08,0.000000000000000000e+00,0.000000000000000000e+00,1.607192776628985643e+09,-6.771161637340307091e+33,-1.888640138197365888e+32,6.089279752841523251e+33,0.000000000000000000e+00,0.000000000000000000e+00,0.000000000000000000e+00,9.674761573165785349e+39,4.013074439050250792e+37,nan,nan,9.825240157970318105e+05
1.225000000000000000e+02,1.607610001834335556e+00,1.333233400739175596e+21,2.157362258192190019e-01,2.719944514003431379e-10,0.000000000000000000e+00,2.524025038909440041e+08,7.145230600045025349e+05,2.524025038909440041e+08,0.000000000000000000e+00,0.000000000000000000e+00,1.610321208270758867e+09,-6.790317556545877514e+33,-1.876210835273353983e+32,6.075503553194846243e+33,0.000000000000000000e+00,0.000000000000000000e+00,0.000000000000000000e+00,9.629311328107153877e+39,3.967179525036705924e+37,nan,nan,9.844365176851181313e+05
1.230000000000000000e+02,1.606706046564456480e+00,1.333347734815312708e+21,-7.217841487954300417e-02,2.716059991505423513e-10,0.000000000000000000e+00,2.528952010506747365e+08,7.145230600045025349e+05,2.528952010506747365e+08,0.000000000000000000e+00,0.000000000000000000e+00,1.613455729464874029e+09,-6.811814291404974199e+33,-1.863179551831852045e+32,6.067867337582231160e+33,0.000000000000000000e+00,0.000000000000000000e+00,0.000000000000000000e+00,9.584251106445588325e+39,3.921962129449480435e+37,nan,nan,9.863527422949017491e+05
1.235000000000000000e+02,1.605248136472469112e+00,1.333001651283495223e+21,-3.676440358851936763e-01,2.716868278175163300e-10,0.000000000000000000e+00,2.533888572549001575e+08,7.145230600045025349e+05,2.533888572549001575e+08,0.000000000000000000e+00,0.000000000000000000e+00,1.616596352064762115e+09,-6.835739300658114029e+33,-1.849621015123662689e+32,6.066522628438644758e+33,0.000000000000000000e+00,0.000000000000000000e+00,0.000000000000000000e+00,9.539581402137527950e+39,3.877415947661807552e+37,nan,nan,9.882726968727322528e+05
1.240000000000000000e+02,1.603224209665993882e+00,1.332184232014942831e+21,-6.693957883526795438e-01,2.722488787734020356e-10,0.000000000000000000e+00,2.538834743704187870e+08,7.145230600045025349e+05,2.538834743704187870e+08,0.000000000000000000e+00,0.000000000000000000e+00,1.619743087946926594e+09,-6.862175755527814045e+33,-1.835611224122235856e+32,6.071619425536983104e+33,0.000000000000000000e+00,0.000000000000000000e+00,0.000000000000000000e+00,9.495295711906028922e+39,3.833527234485817379e+37,nan,nan,9.901963886790639954e+05
1.245000000000000000e+02,1.600624648210053902e+00,1.330886563824604807e+21,-9.761570038135534144e-01,2.733051820094889846e-10,0.000000000000000000e+00,2.543790542676630020e+08,7.145230600045025349e+05,2.543790542676630020e+08,0.000000000000000000e+00,0.000000000000000000e+00,1.622895949010989428e+09,-6.891202756260540176e+33,-1.821227519986044267e+32,6.083308083121230320e+33,0.000000000000000000e+00,0.000000000000000000e+00,0.000000000000000000e+00,9.451400801219384468e+39,3.790294090820281785e+37,nan,nan,9.921238249884846155e+05
1.250000000000000000e+02,1.597442293977117345e+00,1.329101758203563868e+21,-1.286637750788303336e+00,2.748700561781832697e-10,0.000000000000000000e+00,2.548755988207058907e+08,7.145230600045025349e+05,2.548755988207058907e+08,0.000000000000000000e+00,0.000000000000000000e+00,1.626054947179734468e+09,-6.922895470938406820e+33,-1.806548686609679131e+32,6.101740873641802897e+33,0.000000000000000000e+00,0.000000000000000000e+00,0.000000000000000000e+00,9.407914748535986940e+39,3.747724461883708992e+37,nan,nan,9.940550130897407653e+05
1.255000000000000000e+02,1.593672467535963033e+00,1.326824973645496975e+21,-1.599533003596857350e+00,2.769592866917605035e-10,0.000000000000000000e+00,2.553731099072684646e+08,7.145230600045025349e+05,2.553731099072684646e+08,0.000000000000000000e+00,0.000000000000000000e+00,1.629220094399154186e+09,-6.957325187506927234e+33,-1.791655076621321367e+32,6.127073223797559670e+33,0.000000000000000000e+00,0.000000000000000000e+00,0.000000000000000000e+00,9.364793467630201230e+39,3.705771634374714136e+37,nan,nan,9.959899602857677964e+05
1.260000000000000000e+02,1.589312990723036556e+00,1.324053441115061486e+21,-1.913520504807695755e+00,2.795902813827474956e-10,0.000000000000000000e+00,2.558715894087268710e+08,7.145230600045025349e+05,2.558715894087268710e+08,0.000000000000000000e+00,0.000000000000000000e+00,1.632391402638493776e+09,-6.994559269834324968e+33,-1.776628758044768951e+32,6.159464604412659647e+33,0.000000000000000000e+00,0.000000000000000000e+00,0.000000000000000000e+00,9.322012918130619665e+39,3.664404147761368700e+37,nan,nan,9.979286738937156042e+05
1.265000000000000000e+02,1.584364213380429875e+00,1.320786493075874906e+21,-2.227258405192727775e+00,2.827822023177236368e-10,0.000000000000000000e+00,2.563710392101193070e+08,7.145230600045025349e+05,2.563710392101193070e+08,0.000000000000000000e+00,0.000000000000000000e+00,1.635568883890297413e+09,-7.034661008311541539e+33,-1.761553676614199993e+32,6.199079050142637636e+33,0.000000000000000000e+00,0.000000000000000000e+00,0.000000000000000000e+00,9.279575654386704668e+39,3.623619105239161415e+37,nan,nan,9.998711612449779641e+05
1.270000000000000000e+02,1.578829044579759699e+00,1.317025596360372257e+21,-2.539382769215354330e+00,2.865560712529206607e-10,0.000000000000000000e+00,2.568714612001532912e+08,7.145230600045025349e+05,2.568714612001532912e+08,0.000000000000000000e+00,0.000000000000000000e+00,1.638752550170452118e+09,-7.077689355063782039e+33,-1.746515828387052264e+32,6.246085278237512516e+33,0.000000000000000000e+00,0.000000000000000000e+00,0.000000000000000000e+00,9.237484942602206664e+39,3.583414309967858341e+37,nan,nan,1.001817429685218260e+06
1.275000000000000000e+02,1.572712988477627860e+00,1.312774389020352840e+21,-2.848505040265957966e+00,2.909348449148271470e-10,0.000000000000000000e+00,2.573728572712126076e+08,7.145230600045025349e+05,2.573728572712126076e+08,0.000000000000000000e+00,0.000000000000000000e+00,1.641942413518234253e+09,-7.123698533326952720e+33,-1.731603436824132361e+32,6.300656367721989904e+33,0.000000000000000000e+00,0.000000000000000000e+00,0.000000000000000000e+00,9.195765244435214505e+39,3.543803318672694339e+37,nan,nan,1.003767486574398819e+06
1.280000000000000000e+02,1.566024184761924509e+00,1.308038721141980791e+21,-3.153209568333659618e+00,2.959434547682079128e-10,0.000000000000000000e+00,2.578752293193647563e+08,7.145230600045025349e+05,2.578752293193647563e+08,0.000000000000000000e+00,0.000000000000000000e+00,1.645138485996356010e+09,-7.172737510010643693e+33,-1.716907127877191168e+32,6.362968951537786036e+33,0.000000000000000000e+00,0.000000000000000000e+00,0.000000000000000000e+00,9.154414623599534228e+39,3.504778393410143072e+37,nan,nan,1.005721339286808972e+06
1.285000000000000000e+02,1.558773453444579404e+00,1.302826699438663664e+21,-3.452051313788379261e+00,3.016088041840524560e-10,0.000000000000000000e+00,2.583785792443679869e+08,7.145230600045025349e+05,2.583785792443679869e+08,0.000000000000000000e+00,0.000000000000000000e+00,1.648340779691008091e+09,-7.224849320001741447e+33,-1.702520095825735665e+32,6.433201864632554637e+33,0.000000000000000000e+00,0.000000000000000000e+00,0.000000000000000000e+00,9.113394853920094580e+39,3.466300467216224844e+37,nan,nan,1.007678995211091125e+06
1.290000000000000000e+02,1.550974343530639787e+00,1.297148735245439205e+21,-3.743553854615432108e+00,3.079597139318867092e-10,0.000000000000000000e+00,2.588829089496782720e+08,7.145230600045025349e+05,2.588829089496782720e+08,0.000000000000000000e+00,0.000000000000000000e+00,1.651549306711908579e+09,-7.280070230456898470e+33,-1.688538251622595487e+32,6.511534180950546724e+33,0.000000000000000000e+00,0.000000000000000000e+00,0.000000000000000000e+00,9.072699779210383544e+39,3.428358139717195396e+37,nan,nan,1.009640461750270333e+06
1.295000000000000000e+02,1.542643184840796433e+00,1.291017595324959556e+21,-4.026207840896010026e+00,3.150268046952278178e-10,0.000000000000000000e+00,2.593882203424568772e+08,7.145230600045025349e+05,2.593882203424568772e+08,0.000000000000000000e+00,0.000000000000000000e+00,1.654764079192346811e+09,-7.338428733306550055e+33,-1.675060344331871711e+32,6.598142562170067789e+33,0.000000000000000000e+00,0.000000000000000000e+00,0.000000000000000000e+00,9.032323372055306595e+39,3.390940305159797203e+37,nan,nan,1.011605746321782121e+06
1.300000000000000000e+02,1.533799141979543590e+00,1.284448454653470048e+21,-4.298470059557848444e+00,3.228423028632857450e-10,0.000000000000000000e+00,2.598945153335773349e+08,7.145230600045025349e+05,2.598945153335773349e+08,0.000000000000000000e+00,0.000000000000000000e+00,1.657985109289229631e+09,-7.399944354593062653e+33,-1.662188044870019082e+32,6.693197831384334540e+33,0.000000000000000000e+00,0.000000000000000000e+00,0.000000000000000000e+00,8.992319840942154803e+39,3.354086036965934908e+37,nan,nan,1.013574856357499259e+06
1.305000000000000000e+02,1.524464269119192528e+00,1.277458950081014137e+21,-4.558763294281436451e+00,3.314397532301094981e-10,0.000000000000000000e+00,2.604017958376327157e+08,7.145230600045025349e+05,2.604017958376327157e+08,0.000000000000000000e+00,0.000000000000000000e+00,1.661212409183128119e+09,-7.464626270266707552e+33,-1.650025979696889322e+32,6.796860676479664444e+33,0.000000000000000000e+00,0.000000000000000000e+00,0.000000000000000000e+00,8.952643194445226613e+39,3.317750576813810412e+37,nan,nan,1.015547799303762033e+06
1.310000000000000000e+02,1.514663563906518240e+00,1.270069233449604219e+21,-4.805477189585151798e+00,3.408536195163334986e-10,0.000000000000000000e+00,2.609100637729429007e+08,7.145230600045025349e+05,2.609100637729429007e+08,0.000000000000000000e+00,0.000000000000000000e+00,1.664445991078322411e+09,-7.532471719873361479e+33,-1.638681700367617144e+32,6.909276381731120468e+33,0.000000000000000000e+00,0.000000000000000000e+00,0.000000000000000000e+00,8.913270140751626972e+39,3.281908861985116458e+37,nan,nan,1.017524582621403970e+06
1.315000000000000000e+02,1.504425018390461055e+00,1.262302022403093955e+21,-5.036970353899768327e+00,3.511187509536153635e-10,0.000000000000000000e+00,2.614193210615618229e+08,7.145230600045025349e+05,2.614193210615618229e+08,0.000000000000000000e+00,0.000000000000000000e+00,1.667685867202848911e+09,-7.603464212431676591e+33,-1.628265572985736537e+32,7.030568483427471244e+33,0.000000000000000000e+00,0.000000000000000000e+00,0.000000000000000000e+00,8.874195127855643577e+39,3.246550910168480380e+37,nan,nan,1.019505213785781991e+06
1.320000000000000000e+02,1.493779664414079056e+00,1.254182646731127914e+21,-5.251573962889037439e+00,3.622696907435016213e-10,0.000000000000000000e+00,2.619295696292847097e+08,7.145230600045025349e+05,2.619295696292847097e+08,0.000000000000000000e+00,0.000000000000000000e+00,1.670932049808546066e+09,-7.677571522992186215e+33,-1.618890569653994288e+32,7.160831247841800974e+33,0.000000000000000000e+00,0.000000000000000000e+00,0.000000000000000000e+00,8.835467479211085479e+39,3.211711727510898603e+37,nan,nan,1.021489700286803884e+06
1.325000000000000000e+02,1.482761610412208997e+00,1.245739087656847671e+21,-5.447597149926678206e+00,3.743398003167537817e-10,0.000000000000000000e+00,2.624408114056554139e+08,7.145230600045025349e+05,2.624408114056554139e+08,0.000000000000000000e+00,0.000000000000000000e+00,1.674184551171100855e+09,-7.754743484203481797e+33,-1.610671942094684843e+32,7.300120879680419460e+33,0.000000000000000000e+00,0.000000000000000000e+00,0.000000000000000000e+00,8.797061342879325876e+39,3.177364657957042479e+37,nan,nan,1.023478049628956476e+06
1.330000000000000000e+02,1.471408066011668625e+00,1.237002007006782685e+21,-5.623334493476948914e+00,3.873601723825231244e-10,0.000000000000000000e+00,2.629530483239736557e+08,7.145230600045025349e+05,2.629530483239736557e+08,0.000000000000000000e+00,0.000000000000000000e+00,1.677443383590094566e+09,-7.834909585005111396e+33,-1.603726755837324924e+32,7.448445388801416723e+33,0.000000000000000000e+00,0.000000000000000000e+00,0.000000000000000000e+00,8.758939401741858171e+39,3.143474373330128091e+37,nan,nan,1.025470269331334159e+06
1.335000000000000000e+02,1.459759350251262910e+00,1.228004762698005348e+21,-5.777075928439387553e+00,4.013583063040140414e-10,0.000000000000000000e+00,2.634662823213023543e+08,7.145230600045025349e+05,2.634662823213023543e+08,0.000000000000000000e+00,0.000000000000000000e+00,1.680708559389050722e+09,-7.917976398645484682e+33,-1.598173261926643788e+32,7.605753075430049413e+33,0.000000000000000000e+00,0.000000000000000000e+00,0.000000000000000000e+00,8.721096533613325625e+39,3.110031887591081668e+37,nan,nan,1.027466366927667637e+06
1.340000000000000000e+02,1.447858878638144997e+00,1.218783406453581939e+21,-5.907119416819746505e+00,4.163565220428296990e-10,0.000000000000000000e+00,2.639805153384749889e+08,7.145230600045025349e+05,2.639805153384749889e+08,0.000000000000000000e+00,0.000000000000000000e+00,1.683980090915480375e+09,-8.003824874873883332e+33,-1.594130082221166540e+32,7.771919642556405571e+33,0.000000000000000000e+00,0.000000000000000000e+00,0.000000000000000000e+00,8.683612941513128363e+39,3.077096030364110307e+37,nan,nan,1.029466349966352107e+06
1.345000000000000000e+02,1.435753123656096086e+00,1.209376659130079773e+21,-6.011786708046058969e+00,4.323700945893868577e-10,0.000000000000000000e+00,2.644957493201028705e+08,7.145230600045025349e+05,2.644957493201028705e+08,0.000000000000000000e+00,0.000000000000000000e+00,1.687257990540928841e+09,-8.092307546589615719e+33,-1.591715184324801971e+32,7.946734012038784360e+33,0.000000000000000000e+00,0.000000000000000000e+00,0.000000000000000000e+00,8.646411073893442981e+39,3.044599585986526794e+37,nan,nan,1.031470226010475657e+06
1.350000000000000000e+02,1.423491542769830476e+00,1.199825858535481934e+21,-6.089442495683695888e+00,4.494051003640783162e-10,0.000000000000000000e+00,2.650119862145825922e+08,7.145230600045025349e+05,2.650119862145825922e+08,0.000000000000000000e+00,0.000000000000000000e+00,1.690542270661023617e+09,-8.183245719520044845e+33,-1.591044623374846753e+32,8.129883011292099219e+33,0.000000000000000000e+00,0.000000000000000000e+00,0.000000000000000000e+00,8.609475635654078540e+39,3.012525817608400613e+37,nan,nan,1.033478002637848374e+06
1.355000000000000000e+02,1.411126467467333168e+00,1.190174874166076375e+21,-6.138517229300473943e+00,4.674559815059337325e-10,0.000000000000000000e+00,2.655292279741033018e+08,7.145230600045025349e+05,2.655292279741033018e+08,0.000000000000000000e+00,0.000000000000000000e+00,1.693832943695520401e+09,-8.276426734498218311e+33,-1.592231030709028565e+32,8.320935212723482313e+33,0.000000000000000000e+00,0.000000000000000000e+00,0.000000000000000000e+00,8.572843616799519749e+39,2.980898469039597947e+37,nan,nan,1.035489687441030634e+06
1.360000000000000000e+02,1.398712946500731968e+00,1.180469982940329017e+21,-6.157533761394995864e+00,4.865028541759791402e-10,0.000000000000000000e+00,2.660474765546540618e+08,7.145230600045025349e+05,2.660474765546540618e+08,0.000000000000000000e+00,0.000000000000000000e+00,1.697130022088349581e+09,-8.371601415166861880e+33,-1.595381834301249739e+32,8.519324349262790449e+33,0.000000000000000000e+00,0.000000000000000000e+00,0.000000000000000000e+00,8.536526076855007129e+39,2.949721895080341806e+37,nan,nan,1.037505288027361501e+06
1.365000000000000000e+02,1.386308536288133109e+00,1.170759699810148549e+21,-6.145137893214219105e+00,5.065086136754480663e-10,0.000000000000000000e+00,2.665667339160314500e+08,7.145230600045025349e+05,2.665667339160314500e+08,0.000000000000000000e+00,0.000000000000000000e+00,1.700433518307664633e+09,-8.468481838581950856e+33,-1.600597203250354489e+32,8.724332895048831765e+33,0.000000000000000000e+00,0.000000000000000000e+00,0.000000000000000000e+00,8.500448408183233363e+39,2.918931609724983581e+37,nan,nan,1.039524812018988421e+06
1.370000000000000000e+02,1.373973031498134656e+00,1.161094557148757754e+21,-6.100132724238156889e+00,5.274159225298737389e-10,0.000000000000000000e+00,2.670870020218467116e+08,7.145230600045025349e+05,2.670870020218467116e+08,0.000000000000000000e+00,0.000000000000000000e+00,1.703743444845887899e+09,-8.566739590844275622e+33,-1.607967718951734750e+32,8.935076585761434860e+33,0.000000000000000000e+00,0.000000000000000000e+00,0.000000000000000000e+00,8.464631823110833918e+39,2.888540287217194192e+37,nan,nan,1.041548267052895040e+06
1.375000000000000000e+02,1.361768129237915348e+00,1.151526827120826122e+21,-6.021516504102835121e+00,5.491442071605436935e-10,0.000000000000000000e+00,2.676082828395332992e+08,7.145230600045025349e+05,2.676082828395332992e+08,0.000000000000000000e+00,0.000000000000000000e+00,1.707059814219758749e+09,-8.666004692567613484e+33,-1.617571789196988061e+32,9.150490848820538168e+33,0.000000000000000000e+00,0.000000000000000000e+00,0.000000000000000000e+00,8.429142529462050430e+39,2.858596273668668993e+37,nan,nan,1.043575660780930659e+06
1.380000000000000000e+02,1.349757021091784415e+00,1.142110181909978022e+21,-5.908523431782982449e+00,5.715868326737883632e-10,0.000000000000000000e+00,2.681305783403543830e+08,7.145230600045025349e+05,2.681305783403543830e+08,0.000000000000000000e+00,0.000000000000000000e+00,1.710382638970381260e+09,-8.765865397068843201e+33,-1.629472838458816179e+32,9.369320304627660300e+33,0.000000000000000000e+00,0.000000000000000000e+00,0.000000000000000000e+00,8.393893834506391223e+39,2.829028729652563839e+37,nan,nan,1.045607000869839685e+06
1.385000000000000000e+02,1.338003908593920821e+00,1.132899287784791081e+21,-5.760666548523594166e+00,5.946086704991347890e-10,0.000000000000000000e+00,2.686538904994101524e+08,7.145230600045025349e+05,2.686538904994101524e+08,0.000000000000000000e+00,0.000000000000000000e+00,1.713711931663269758e+09,-8.865869074397015461e+33,-1.643716327855687478e+32,9.590112664778882936e+33,0.000000000000000000e+00,0.000000000000000000e+00,0.000000000000000000e+00,8.358906348238301622e+39,2.799849467899878198e+37,nan,nan,1.047642295001288876e+06
1.390000000000000000e+02,1.326573439638115248e+00,1.123949330590238245e+21,-5.577781538011326923e+00,6.180443152328089062e-10,0.000000000000000000e+00,2.691782212956454754e+08,7.145230600045025349e+05,2.691782212956454754e+08,0.000000000000000000e+00,0.000000000000000000e+00,1.717047704888398647e+09,-8.965524392994030457e+33,-1.660326681170806557e+32,9.811218464046326576e+33,0.000000000000000000e+00,0.000000000000000000e+00,0.000000000000000000e+00,8.324243060515096085e+39,2.771101612268083263e+37,nan,nan,1.049681550871898420e+06
1.395000000000000000e+02,1.315530065874503940e+00,1.115315472399297020e+21,-5.360069896932444955e+00,6.416972384607026752e-10,0.000000000000000000e+00,2.697035727118571401e+08,7.145230600045025349e+05,2.697035727118571401e+08,0.000000000000000000e+00,0.000000000000000000e+00,1.720389971260248423e+09,-9.064304994006933915e+33,-1.679304217722741791e+32,1.003079808723670686e+34,0.000000000000000000e+00,0.000000000000000000e+00,0.000000000000000000e+00,8.289810007994023978e+39,2.742710065451049214e+37,nan,nan,1.051724776193269528e+06
1.400000000000000000e+02,1.304937324324059400e+00,1.107052241757303603e+21,-5.108139597208159799e+00,6.653401804478519984e-10,0.000000000000000000e+00,2.702299467347015142e+08,7.145230600045025349e+05,2.702299467347015142e+08,0.000000000000000000e+00,0.000000000000000000e+00,1.723738743417853832e+09,-9.161654817439032223e+33,-1.700622217161697863e+32,1.024683745502947695e+34,0.000000000000000000e+00,0.000000000000000000e+00,0.000000000000000000e+00,8.255640152948755914e+39,2.714695243575268483e+37,nan,nan,1.053771978692014702e+06
1.405000000000000000e+02,1.294857050205388882e+00,1.099212863160159961e+21,-4.823041062109411747e+00,6.887170666115770977e-10,0.000000000000000000e+00,2.707573453547022343e+08,7.145230600045025349e+05,2.707573453547022343e+08,0.000000000000000000e+00,0.000000000000000000e+00,1.727094034024851799e+09,-9.256995181723591671e+33,-1.724224263108345630e+32,1.045717348247355144e+34,0.000000000000000000e+00,0.000000000000000000e+00,0.000000000000000000e+00,8.221756570786248167e+39,2.687068595616028080e+37,nan,nan,1.055823166109785438e+06
1.410000000000000000e+02,1.285348532194559912e+00,1.091848535027483804e+21,-4.506296063326652224e+00,7.115466865241684836e-10,0.000000000000000000e+00,2.712857705662572384e+08,7.145230600045025349e+05,2.712857705662572384e+08,0.000000000000000000e+00,0.000000000000000000e+00,1.730455855769530058e+09,-9.349733637872643565e+33,-1.750022029164132596e+32,1.065952999707348716e+34,0.000000000000000000e+00,0.000000000000000000e+00,0.000000000000000000e+00,8.188058532510752353e+39,2.659749650102791057e+37,nan,nan,1.057878346203304362e+06
1.415000000000000000e+02,1.276467625826926522e+00,1.085007669295586345e+21,-4.159917059654386406e+00,7.335282832141305617e-10,0.000000000000000000e+00,2.718152243676467538e+08,7.145230600045025349e+05,2.718152243676467538e+08,0.000000000000000000e+00,0.000000000000000000e+00,1.733824221364872932e+09,-9.439274517463211066e+33,-1.777893679109022097e+32,1.085156419428874974e+34,0.000000000000000000e+00,0.000000000000000000e+00,0.000000000000000000e+00,8.154651190590105626e+39,2.632817466728981943e+37,nan,nan,1.059937526744390605e+06
1.420000000000000000e+02,1.268265845219072485e+00,1.078735109625123832e+21,-3.786414583220148344e+00,7.543490688065291080e-10,0.000000000000000000e+00,2.723457087610406280e+08,7.145230600045025349e+05,2.723457087610406280e+08,0.000000000000000000e+00,0.000000000000000000e+00,1.737199143548612118e+09,-9.525030974825377381e+33,-1.807683050024308556e+32,1.103092293520571180e+34,0.000000000000000000e+00,0.000000000000000000e+00,0.000000000000000000e+00,8.121506221720731406e+39,2.606247304648786969e+37,nan,nan,1.062000715519992867e+06
1.425000000000000000e+02,1.260789457387164525e+00,1.073071348794853032e+21,-3.388790570338949149e+00,7.736935147731860283e-10,0.000000000000000000e+00,2.728772257525060773e+08,7.145230600045025349e+05,2.728772257525060773e+08,0.000000000000000000e+00,0.000000000000000000e+00,1.740580635083272457e+09,-9.606438195765465743e+33,-1.839199770119214024e+32,1.119530730252986310e+34,0.000000000000000000e+00,0.000000000000000000e+00,0.000000000000000000e+00,8.088569979484885402e+39,2.579996770173154488e+37,nan,nan,1.064067920332216192e+06
1.430000000000000000e+02,1.254078606766581450e+00,1.068051768794710934e+21,-2.970516048668927489e+00,7.912540748613317406e-10,0.000000000000000000e+00,2.734097773520150781e+08,7.145230600045025349e+05,2.734097773520150781e+08,0.000000000000000000e+00,0.000000000000000000e+00,1.743968708756222486e+09,-9.682967319128167576e+33,-1.872220430751305291e+32,1.134254290665989611e+34,0.000000000000000000e+00,0.000000000000000000e+00,0.000000000000000000e+00,8.055962389274997721e+39,2.554148228600653050e+37,nan,nan,1.066139148998353630e+06
1.435000000000000000e+02,1.248166499689688624e+00,1.063705929087363449e+21,-2.535492323975861773e+00,8.067428074735091203e-10,0.000000000000000000e+00,2.739433655734520555e+08,7.145230600045025349e+05,2.739433655734520555e+08,0.000000000000000000e+00,0.000000000000000000e+00,1.747363377379720449e+09,-9.754139507044363558e+33,-1.906490884647994793e+32,1.147065257976238154e+34,0.000000000000000000e+00,0.000000000000000000e+00,0.000000000000000000e+00,8.023525424008652164e+39,2.528579678573441997e+37,nan,nan,1.068214409350913949e+06
1.440000000000000000e+02,1.243078679188055258e+00,1.060056929158913982e+21,-2.087995723057364916e+00,8.199031988793561977e-10,0.000000000000000000e+00,2.744779924346215725e+08,7.145230600045025349e+05,2.744779924346215725e+08,0.000000000000000000e+00,0.000000000000000000e+00,1.750764653790964603e+09,-9.819539519322024586e+33,-1.941729681758681479e+32,1.157792743330705797e+34,0.000000000000000000e+00,0.000000000000000000e+00,0.000000000000000000e+00,7.991318645716454039e+39,2.503332088314111117e+37,nan,nan,1.070293709237652365e+06
1.445000000000000000e+02,1.238832419282487107e+00,1.057120870587897872e+21,-1.632606978788979202e+00,8.305213777589103513e-10,0.000000000000000000e+00,2.750136599572558403e+08,7.145230600045025349e+05,2.750136599572558403e+08,0.000000000000000000e+00,0.000000000000000000e+00,1.754172550852140665e+09,-9.878828110449248758e+33,-1.977632584669436702e+32,1.166299190030368775e+34,0.000000000000000000e+00,0.000000000000000000e+00,0.000000000000000000e+00,7.959383945538958550e+39,2.478435730449995534e+37,nan,nan,1.072377056521599647e+06
1.450000000000000000e+02,1.235436264786871963e+00,1.054906441312755384e+21,-1.174127397721019817e+00,8.384358799262004984e-10,0.000000000000000000e+00,2.755503701670223475e+08,7.145230600045025349e+05,2.755503701670223475e+08,0.000000000000000000e+00,0.000000000000000000e+00,1.757587081450471401e+09,-9.931752583929113899e+33,-2.013878033099962243e+32,1.172485842816696252e+34,0.000000000000000000e+00,0.000000000000000000e+00,0.000000000000000000e+00,7.927642164685846731e+39,2.453831446040760716e+37,nan,nan,1.074464459081092384e+06
1.455000000000000000e+02,1.232889737643505956e+00,1.053414640615192527e+21,-7.174849233554523309e-01,8.435451846872421866e-10,0.000000000000000000e+00,2.760881250935317278e+08,7.145230600045025349e+05,2.760881250935317278e+08,0.000000000000000000e+00,0.000000000000000000e+00,1.761008258498264074e+09,-9.978154912356850127e+33,-2.050133358876762875e+32,1.176296797495122698e+34,0.000000000000000000e+00,0.000000000000000000e+00,0.000000000000000000e+00,7.896223231036835552e+39,2.429606630236455029e+37,nan,nan,1.076555924809802556e+06
1.460000000000000000e+02,1.231183224192180958e+00,1.052638657775411397e+21,-2.676339911316049092e-01,8.458124019067590916e-10,0.000000000000000000e+00,2.766269267703451514e+08,7.145230600045025349e+05,2.766269267703451514e+08,0.000000000000000000e+00,0.000000000000000000e+00,1.764436094932960272e+09,-1.001797695992552878e+34,-2.086061496375496363e+32,1.177721337164154675e+34,0.000000000000000000e+00,0.000000000000000000e+00,0.000000000000000000e+00,7.864934361613438828e+39,2.405616020265594026e+37,nan,nan,1.078651461616766639e+06
1.465000000000000000e+02,1.230298050002437860e+00,1.052563910770768871e+21,1.705464284017230991e-01,8.452667261127143730e-10,0.000000000000000000e+00,2.771667772349821925e+08,7.145230600045025349e+05,2.771667772349821925e+08,0.000000000000000000e+00,0.000000000000000000e+00,1.767870603717185020e+09,-1.005126251670580262e+34,-2.121327895298055350e+32,1.176794386146376035e+34,0.000000000000000000e+00,0.000000000000000000e+00,0.000000000000000000e+00,7.833904059450676841e+39,2.381952780976503621e+37,nan,nan,1.080751077426417498e+06
1.470000000000000000e+02,1.230206740559055767e+00,1.053168244281432867e+21,5.923520456308025706e-01,8.420015610499221627e-10,0.000000000000000000e+00,2.777076785289285779e+08,7.145230600045025349e+05,2.777076785289285779e+08,0.000000000000000000e+00,0.000000000000000000e+00,1.771311797838794708e+09,-1.007815605459441867e+34,-2.155607327383290856e+32,1.173595057317736720e+34,0.000000000000000000e+00,0.000000000000000000e+00,0.000000000000000000e+00,7.803109711585630563e+39,2.358599920654745960e+37,nan,nan,1.082854780178611632e+06
1.475000000000000000e+02,1.230873457848666641e+00,1.054422279200270975e+21,9.933453830684212393e-01,8.361695159535732196e-10,0.000000000000000000e+00,2.782496326976436973e+08,7.145230600045025349e+05,2.782496326976436973e+08,0.000000000000000000e+00,0.000000000000000000e+00,1.774759690310927391e+09,-1.009889832275603377e+34,-2.188590288084535767e+32,1.168243415497558274e+34,0.000000000000000000e+00,0.000000000000000000e+00,0.000000000000000000e+00,7.772537255922492286e+39,2.335544197784031084e+37,nan,nan,1.084962577828661771e+06
1.480000000000000000e+02,1.232254595405008590e+00,1.056289899381103264e+21,1.369437025868544877e+00,8.279747426402348946e-10,0.000000000000000000e+00,2.787926417905685902e+08,7.145230600045025349e+05,2.787926417905685902e+08,0.000000000000000000e+00,0.000000000000000000e+00,1.778214294172050476e+09,-1.011381909424900228e+34,-2.219988727157945454e+32,1.160895711143163975e+34,0.000000000000000000e+00,0.000000000000000000e+00,0.000000000000000000e+00,7.742184067498728980e+39,2.312773741899889112e+37,nan,nan,1.087074478347364813e+06
1.485000000000000000e+02,1.234299508196963657e+00,1.058728855988412482e+21,1.716953017942072446e+00,8.176632856137975862e-10,0.000000000000000000e+00,2.793367078611334562e+08,7.145230600045025349e+05,2.793367078611334562e+08,0.000000000000000000e+00,0.000000000000000000e+00,1.781675622486012459e+09,-1.012332753619807551e+34,-2.249540894428164189e+32,1.151738439766737878e+34,0.000000000000000000e+00,0.000000000000000000e+00,0.000000000000000000e+00,7.711987904002495238e+39,2.290247422874853183e+37,nan,nan,1.089190489721034188e+06
1.490000000000000000e+02,1.236951349297859215e+00,1.061691465892362846e+21,2.032686430406475342e+00,8.055122334295960270e-10,0.000000000000000000e+00,2.798818329667656422e+08,7.145230600045025349e+05,2.798818329667656422e+08,0.000000000000000000e+00,0.000000000000000000e+00,1.785143688342089415e+09,-1.012790078927826734e+34,-2.277015152536925486e+32,1.140981643387911054e+34,0.000000000000000000e+00,0.000000000000000000e+00,0.000000000000000000e+00,7.682102809628394125e+39,2.268070792530989504e+37,nan,nan,1.091310619951527333e+06
1.495000000000000000e+02,1.240147982773394331e+00,1.065125378281274474e+21,2.313932198455573630e+00,7.918184817398312262e-10,0.000000000000000000e+00,2.804280191688973308e+08,7.145230600045025349e+05,2.804280191688973308e+08,0.000000000000000000e+00,0.000000000000000000e+00,1.788618504855037689e+09,-1.012807140108494583e+34,-2.302212679943040963e+32,1.128851887496481056e+34,0.000000000000000000e+00,0.000000000000000000e+00,0.000000000000000000e+00,7.652377127130902423e+39,2.246137100000604550e+37,nan,nan,1.093434877056278987e+06
1.500000000000000000e+02,1.243822941683399463e+00,1.068974383062675227e+21,2.558505354231147333e+00,7.768878550152001170e-10,0.000000000000000000e+00,2.809752685329731107e+08,7.145230600045025349e+05,2.809752685329731107e+08,0.000000000000000000e+00,0.000000000000000000e+00,1.792100085165139198e+09,-1.012441426202605595e+34,-2.324969057563296208e+32,1.115585323293415362e+34,0.000000000000000000e+00,0.000000000000000000e+00,0.000000000000000000e+00,7.622876055468706488e+39,2.224478776138791084e+37,nan,nan,1.095563269068328431e+06
1.505000000000000000e+02,1.247906401341441596e+00,1.073179235560129036e+21,2.764743687174493036e+00,7.610252047298928037e-10,0.000000000000000000e+00,2.815235831284582019e+08,7.145230600045025349e+05,2.815235831284582019e+08,0.000000000000000000e+00,0.000000000000000000e+00,1.795588442438256264e+09,-1.011753364785808260e+34,-2.345154794977783438e+32,1.101421188334702376e+34,0.000000000000000000e+00,0.000000000000000000e+00,0.000000000000000000e+00,7.593543973143245084e+39,2.203065309984370826e+37,nan,nan,1.097695804036353016e+06
1.510000000000000000e+02,1.252326140708193813e+00,1.077678474231221977e+21,2.931496576523163089e+00,7.445259329368089956e-10,0.000000000000000000e+00,2.820729650288460851e+08,7.145230600045025349e+05,2.820729650288460851e+08,0.000000000000000000e+00,0.000000000000000000e+00,1.799083589865877151e+09,-1.010805089066620845e+34,-2.362674902536862838e+32,1.086596020115288576e+34,0.000000000000000000e+00,0.000000000000000000e+00,0.000000000000000000e+00,7.564495544602438793e+39,2.181971702833460923e+37,nan,nan,1.099832490024695639e+06
1.515000000000000000e+02,1.257008468615789631e+00,1.082409211301707907e+21,3.058102230531793531e+00,7.276692085389490510e-10,0.000000000000000000e+00,2.826234163116662502e+08,7.145230600045025349e+05,2.826234163116662502e+08,0.000000000000000000e+00,0.000000000000000000e+00,1.802585540665168524e+09,-1.009659309314669777e+34,-2.377467651492745613e+32,1.071338768461017276e+34,0.000000000000000000e+00,0.000000000000000000e+00,0.000000000000000000e+00,7.535584267405205278e+39,2.161090842405277850e+37,nan,nan,1.101973335113397567e+06
1.520000000000000000e+02,1.261879096007902046e+00,1.087307879973316723e+21,3.144355830193218626e+00,7.107129723146293167e-10,0.000000000000000000e+00,2.831749390584920645e+08,7.145230600045025349e+05,2.831749390584920645e+08,0.000000000000000000e+00,0.000000000000000000e+00,1.806094308079023600e+09,-1.008378318294094397e+34,-2.389502684903651546e+32,1.055866904663772603e+34,0.000000000000000000e+00,0.000000000000000000e+00,0.000000000000000000e+00,7.506891169644375600e+39,2.140475522022666196e+37,nan,nan,1.104118347398227314e+06
1.525000000000000000e+02,1.266863940130197541e+00,1.092310925873739071e+21,3.190471131984686792e+00,6.938906824682839928e-10,0.000000000000000000e+00,2.837275353549489975e+08,7.145230600045025349e+05,2.837275353549489975e+08,0.000000000000000000e+00,0.000000000000000000e+00,1.809609905376114607e+09,-1.007023148647899887e+34,-2.398778648634462330e+32,1.040383546557355472e+34,0.000000000000000000e+00,0.000000000000000000e+00,0.000000000000000000e+00,7.478403326617807619e+39,2.120120568587505983e+37,nan,nan,1.106267534990712535e+06
1.530000000000000000e+02,1.271889851270189054e+00,1.097355434378161553e+21,3.197037970863125356e+00,6.774096442881388195e-10,0.000000000000000000e+00,2.842812072907218933e+08,7.145230600045025349e+05,2.842812072907218933e+08,0.000000000000000000e+00,0.000000000000000000e+00,1.813132345850939512e+09,-1.005652889468830254e+34,-2.405320506569827499e+32,1.025075554668988800e+34,0.000000000000000000e+00,0.000000000000000000e+00,0.000000000000000000e+00,7.450136555571746528e+39,2.100029197238894490e+37,nan,nan,1.108420906018169597e+06
1.535000000000000000e+02,1.276885256954114478e+00,1.102379689108747715e+21,3.164977865932654844e+00,6.614506976969160120e-10,0.000000000000000000e+00,2.848359569595633745e+08,7.145230600045025349e+05,2.848359569595633745e+08,0.000000000000000000e+00,0.000000000000000000e+00,1.816661642823876381e+09,-1.004324160227711933e+34,-2.409176690051070527e+32,1.010112507707059730e+34,0.000000000000000000e+00,0.000000000000000000e+00,0.000000000000000000e+00,7.422000929358921052e+39,2.080136031478277435e+37,nan,nan,1.110578468623735476e+06
1.540000000000000000e+02,1.281780722276259610e+00,1.107323660149841723e+21,3.095499612586008364e+00,6.461690021353426024e-10,0.000000000000000000e+00,2.853917864593017101e+08,7.145230600045025349e+05,2.853917864593017101e+08,0.000000000000000000e+00,0.000000000000000000e+00,1.820197809641229630e+09,-1.003090733132570340e+34,-2.410416211577314704e+32,9.956464359662291985e+33,0.000000000000000000e+00,0.000000000000000000e+00,0.000000000000000000e+00,7.394121606207282721e+39,2.060529244356658436e+37,nan,nan,1.112740230966396863e+06
1.545000000000000000e+02,1.286509428159714252e+00,1.112129423210107109e+21,2.990056388024491696e+00,6.316956530792642638e-10,0.000000000000000000e+00,2.859486978918483853e+08,7.145230600045025349e+05,2.859486978918483853e+08,0.000000000000000000e+00,0.000000000000000000e+00,1.823740859675284147e+09,-1.002003289921549299e+34,-2.409125849781089766e+32,9.818121769444165158e+33,0.000000000000000000e+00,0.000000000000000000e+00,0.000000000000000000e+00,7.366411424441654609e+39,2.041145800002957773e+37,nan,nan,1.114906201221023453e+06
1.550000000000000000e+02,1.291007571793628905e+00,1.116741513085915759e+21,2.850305536049460020e+00,6.181398808676736684e-10,0.000000000000000000e+00,2.865066933632064462e+08,7.145230600045025349e+05,2.865066933632064462e+08,0.000000000000000000e+00,0.000000000000000000e+00,1.827290806324353695e+09,-1.001109295913583194e+34,-2.405407488947526075e+32,9.687282157050113168e+33,0.000000000000000000e+00,0.000000000000000000e+00,0.000000000000000000e+00,7.338876490042636781e+39,2.021982256703777812e+37,nan,nan,1.117076387578396592e+06
1.555000000000000000e+02,1.295214695281918349e+00,1.121107216347810890e+21,2.678071857271292711e+00,6.055916127201240020e-10,0.000000000000000000e+00,2.870657749834782481e+08,7.145230600045025349e+05,2.870657749834782481e+08,0.000000000000000000e+00,0.000000000000000000e+00,1.830847663012831450e+09,-1.000452972589905511e+34,-2.399375673674278083e+32,9.564978800059818669e+33,0.000000000000000000e+00,0.000000000000000000e+00,0.000000000000000000e+00,7.311537054424875305e+39,2.003059259894707202e+37,nan,nan,1.119250798245241400e+06
1.560000000000000000e+02,1.299073949731451849e+00,1.125176809231560081e+21,2.475314929051462887e+00,5.941242161115505950e-10,0.000000000000000000e+00,2.876259448668736219e+08,7.145230600045025349e+05,2.876259448668736219e+08,0.000000000000000000e+00,0.000000000000000000e+00,1.834411443191242456e+09,-1.000075349730081161e+34,-2.391155418867998860e+32,9.452107737663227336e+33,0.000000000000000000e+00,0.000000000000000000e+00,0.000000000000000000e+00,7.284415360172928848e+39,1.984382436481007714e+37,nan,nan,1.121429441444257274e+06
1.565000000000000000e+02,1.302532302686130850e+00,1.128903747334992691e+21,2.244100724521855383e+00,5.837972807514280032e-10,0.000000000000000000e+00,2.881872051317175627e+08,7.145230600045025349e+05,2.881872051317175627e+08,0.000000000000000000e+00,0.000000000000000000e+00,1.837982160336292744e+09,-1.000014378838240867e+34,-2.380880297823829233e+32,9.349443492656840461e+33,0.000000000000000000e+00,0.000000000000000000e+00,0.000000000000000000e+00,7.257399114807900553e+39,1.965876958144949258e+37,nan,nan,1.123612325414149556e+06
1.570000000000000000e+02,1.305540697068753753e+00,1.132244813978298089e+21,1.986577594669972857e+00,5.746593335330769647e-10,0.000000000000000000e+00,2.887495579004586339e+08,7.145230600045025349e+05,2.887495579004586339e+08,0.000000000000000000e+00,0.000000000000000000e+00,1.841559827950921297e+09,-1.000305090950760259e+34,-2.368690816893490982e+32,9.257655363541339385e+33,0.000000000000000000e+00,0.000000000000000000e+00,0.000000000000000000e+00,7.230671174969816305e+39,1.947663809509837441e+37,nan,nan,1.125799458409660263e+06
1.575000000000000000e+02,1.308054169717129067e+00,1.135160234056138359e+21,1.704956519973678031e+00,5.667504136456009556e-10,0.000000000000000000e+00,2.893130052996765375e+08,7.145230600045025349e+05,2.893130052996765375e+08,0.000000000000000000e+00,0.000000000000000000e+00,1.845144459564350605e+09,-1.000979783641178342e+34,-2.354733074155167239e+32,9.177323642623677043e+33,0.000000000000000000e+00,0.000000000000000000e+00,0.000000000000000000e+00,7.204011428576496072e+39,1.929593541931636230e+37,nan,nan,1.127990848701599520e+06
1.580000000000000000e+02,1.310031937279623415e+00,1.137613759966843503e+21,1.401495423683280839e+00,5.601044623974224026e-10,0.000000000000000000e+00,2.898775494600906968e+08,7.145230600045025349e+05,2.898775494600906968e+08,0.000000000000000000e+00,0.000000000000000000e+00,1.848736068732138872e+09,-1.002068223910491238e+34,-2.339157691281263025e+32,9.108955272748433791e+33,0.000000000000000000e+00,0.000000000000000000e+00,0.000000000000000000e+00,7.177620655685119150e+39,1.911794273754846596e+37,nan,nan,1.130186504576876992e+06
1.585000000000000000e+02,1.311437456742492680e+00,1.139572735810280882e+21,1.078487261189315483e+00,5.547515038584503844e-10,0.000000000000000000e+00,2.904431925165677667e+08,7.145230600045025349e+05,2.904431925165677667e+08,0.000000000000000000e+00,0.000000000000000000e+00,1.852334669036228895e+09,-1.003597855503636910e+34,-2.322119002060021157e+32,9.052998589442249147e+33,0.000000000000000000e+00,0.000000000000000000e+00,0.000000000000000000e+00,7.151379580777332313e+39,1.894193758625436190e+37,nan,nan,1.132386434338531923e+06
1.590000000000000000e+02,1.312238467258340258e+00,1.141008145554115920e+21,7.382515519291629191e-01,5.507196084201845569e-10,0.000000000000000000e+00,2.910099366081300378e+08,7.145230600045025349e+05,2.910099366081300378e+08,0.000000000000000000e+00,0.000000000000000000e+00,1.855940274085002899e+09,-1.005594000908639716e+34,-2.303774477309421317e+32,9.009856904204352141e+33,0.000000000000000000e+00,0.000000000000000000e+00,0.000000000000000000e+00,7.125293613697285787e+39,1.876780795554332560e+37,nan,nan,1.134590646305766888e+06
1.595000000000000000e+02,1.312407019280008580e+00,1.141894650319368487e+21,3.831289949631652147e-01,5.480366423510209321e-10,0.000000000000000000e+00,2.915777838779636025e+08,7.145230600045025349e+05,2.915777838779636025e+08,0.000000000000000000e+00,0.000000000000000000e+00,1.859552897513329983e+09,-1.008080049798105059e+34,-2.284284363764714980e+32,8.979900768229162992e+33,0.000000000000000000e+00,0.000000000000000000e+00,0.000000000000000000e+00,7.099396590026065808e+39,1.859588089410174169e+37,nan,nan,1.136799148813977139e+06
1.600000000000000000e+02,1.311919496312609290e+00,1.142210619360950354e+21,1.547880015947328790e-02,5.467318130734867918e-10,0.000000000000000000e+00,2.921467364734259844e+08,7.145230600045025349e+05,2.921467364734259844e+08,0.000000000000000000e+00,0.000000000000000000e+00,1.863172552982621908e+09,-1.011077626922482271e+34,-2.263811513486852553e+32,8.963478815375897477e+33,0.000000000000000000e+00,0.000000000000000000e+00,0.000000000000000000e+00,7.073669818187411563e+39,1.842594450626582541e+37,nan,nan,1.139011950214783428e+06
1.605000000000000000e+02,1.310756633902260493e+00,1.141938158737986945e+21,-3.623216319545826125e-01,5.468370229024211633e-10,0.000000000000000000e+00,2.927167965460550189e+08,7.145230600045025349e+05,2.927167965460550189e+08,0.000000000000000000e+00,0.000000000000000000e+00,1.866799254180881023e+09,-1.014606733445427517e+34,-2.242521380031275853e+32,8.960927120923035192e+33,0.000000000000000000e+00,0.000000000000000000e+00,0.000000000000000000e+00,7.048103985068126138e+39,1.825793235358695866e+37,nan,nan,1.141229058876062511e+06
1.610000000000000000e+02,1.308903539797412252e+00,1.141063141094386696e+21,-7.478750422199362813e-01,5.483880439737312651e-10,0.000000000000000000e+00,2.932879662515761256e+08,7.145230600045025349e+05,2.932879662515761256e+08,0.000000000000000000e+00,0.000000000000000000e+00,1.870433014822754860e+09,-1.018685856427639009e+34,-2.220582157687109307e+32,8.972577031109736438e+33,0.000000000000000000e+00,0.000000000000000000e+00,0.000000000000000000e+00,7.022728124681814948e+39,1.809206414525674874e+37,nan,nan,1.143450483181980439e+06
1.615000000000000000e+02,1.306349718552958672e+00,1.139575239407191327e+21,-1.138761009885975506e+00,5.514255245574596624e-10,0.000000000000000000e+00,2.938602477499110699e+08,7.145230600045025349e+05,2.938602477499110699e+08,0.000000000000000000e+00,0.000000000000000000e+00,1.874073848649585247e+09,-1.023332041634339445e+34,-2.198165040245082098e+32,8.998761420207961389e+33,0.000000000000000000e+00,0.000000000000000000e+00,0.000000000000000000e+00,6.997491074800585124e+39,1.792788113987956332e+37,nan,nan,1.145676231533021433e+06
1.620000000000000000e+02,1.303089103197044851e+00,1.137467967007404196e+21,-1.532531362947467946e+00,5.559958322437924254e-10,0.000000000000000000e+00,2.944336432051860094e+08,7.145230600045025349e+05,2.944336432051860094e+08,0.000000000000000000e+00,0.000000000000000000e+00,1.877721769429463148e+09,-1.028560925090813215e+34,-2.175444575721586724e+32,9.039819319224552695e+33,0.000000000000000000e+00,0.000000000000000000e+00,0.000000000000000000e+00,6.972421268233170433e+39,1.776568355989416625e+37,nan,nan,1.147906312346023042e+06
1.625000000000000000e+02,1.299120095938074204e+00,1.134738725628799877e+21,-1.926704650765594273e+00,5.621517328371195077e-10,0.000000000000000000e+00,2.950081547857395411e+08,7.145230600045025349e+05,2.950081547857395411e+08,0.000000000000000000e+00,0.000000000000000000e+00,1.881376790957279205e+09,-1.034386718875667210e+34,-2.152599093035521301e+32,9.096098835372961172e+33,0.000000000000000000e+00,0.000000000000000000e+00,0.000000000000000000e+00,6.947538269523118447e+39,1.760545824972696133e+37,nan,nan,1.150140734054205939e+06
1.630000000000000000e+02,1.294445619242550416e+00,1.131388862683846541e+21,-2.318760036726728480e+00,5.699528952907357398e-10,0.000000000000000000e+00,2.955837846641309857e+08,7.145230600045025349e+05,2.955837846641309857e+08,0.000000000000000000e+00,0.000000000000000000e+00,1.885038927054775238e+09,-1.040822146565738463e+34,-2.129811175614269204e+32,9.167958246020048437e+33,0.000000000000000000e+00,0.000000000000000000e+00,0.000000000000000000e+00,6.922795966122215209e+39,1.744697962905798653e+37,nan,nan,1.152379505107205594e+06
1.635000000000000000e+02,1.289073177946524762e+00,1.127423738387901317e+21,-2.706130987626783391e+00,5.794662026673880154e-10,0.000000000000000000e+00,2.961605350171484947e+08,7.145230600045025349e+05,2.961605350171484947e+08,0.000000000000000000e+00,0.000000000000000000e+00,1.888708191570598602e+09,-1.047878323580902380e+34,-2.107268155130456681e+32,9.255765106637128422e+33,0.000000000000000000e+00,0.000000000000000000e+00,0.000000000000000000e+00,6.898226618266805766e+39,1.729040591987361256e+37,nan,nan,1.154622633971105563e+06
1.640000000000000000e+02,1.283014932354829885e+00,1.122852802735808053e+21,-3.086199167309053415e+00,5.907658368650225935e-10,0.000000000000000000e+00,2.967384080258175135e+08,7.145230600045025349e+05,2.967384080258175135e+08,0.000000000000000000e+00,0.000000000000000000e+00,1.892384598380352020e+09,-1.055564577482753804e+34,-2.085162595901006792e+32,9.359893161189685265e+33,0.000000000000000000e+00,0.000000000000000000e+00,0.000000000000000000e+00,6.873809293417925551e+39,1.713556522627112633e+37,nan,nan,1.156870129128468689e+06
1.645000000000000000e+02,1.276287781510448749e+00,1.117689681659016511e+21,-3.456288986179512523e+00,6.039330906428244030e-10,0.000000000000000000e+00,2.973174058754089475e+08,7.145230600045025349e+05,2.973174058754089475e+08,0.000000000000000000e+00,0.000000000000000000e+00,1.896068161386648417e+09,-1.063888203132767345e+34,-2.063692736798621633e+32,9.480716787580599601e+33,0.000000000000000000e+00,0.000000000000000000e+00,0.000000000000000000e+00,6.849543498529705487e+39,1.698251347780180865e+37,nan,nan,1.159121999078369001e+06
1.650000000000000000e+02,1.268913454957021791e+00,1.111952270934693773e+21,-3.813663316441794127e+00,6.190558443241168525e-10,0.000000000000000000e+00,2.978975307554472089e+08,7.145230600045025349e+05,2.978975307554472089e+08,0.000000000000000000e+00,0.000000000000000000e+00,1.899758894519161224e+09,-1.072854147604850772e+34,-2.043062852750557887e+32,9.618602653142165318e+33,0.000000000000000000e+00,0.000000000000000000e+00,0.000000000000000000e+00,6.825443111815473820e+39,1.683120024591121137e+37,nan,nan,1.161378252336424077e+06
1.655000000000000000e+02,1.260918610345489466e+00,1.105662835558462652e+21,-4.155520955428154473e+00,6.362276266042908990e-10,0.000000000000000000e+00,2.984787848597186804e+08,7.145230600045025349e+05,2.984787848597186804e+08,0.000000000000000000e+00,0.000000000000000000e+00,1.903456811734679937e+09,-1.082464619987491482e+34,-2.023483491995497709e+32,9.773898199854279886e+33,0.000000000000000000e+00,0.000000000000000000e+00,0.000000000000000000e+00,6.801518824976810335e+39,1.668180496010119822e+37,nan,nan,1.163638897434827872e+06
1.660000000000000000e+02,1.252334933126764582e+00,1.098848111307259511e+21,-4.478996505470314027e+00,6.555461596081376933e-10,0.000000000000000000e+00,2.990611703862801194e+08,7.145230600045025349e+05,2.990611703862801194e+08,0.000000000000000000e+00,0.000000000000000000e+00,1.907161927017159700e+09,-1.092718621841312603e+34,-2.005171538272804815e+32,9.946916531762674950e+33,0.000000000000000000e+00,0.000000000000000000e+00,0.000000000000000000e+00,6.777679881353723574e+39,1.653365367245846727e+37,nan,nan,1.165903942922381917e+06
1.665000000000000000e+02,1.243199233304365769e+00,1.091539404088492032e+21,-4.781163436162790603e+00,6.771112686373448690e-10,0.000000000000000000e+00,2.996446895374667048e+08,7.145230600045025349e+05,2.996446895374667048e+08,0.000000000000000000e+00,0.000000000000000000e+00,1.910874254377776623e+09,-1.103611395267620368e+34,-1.988350039170505951e+32,1.013791724610563105e+34,0.000000000000000000e+00,0.000000000000000000e+00,0.000000000000000000e+00,6.754082582803607120e+39,1.638775530708864182e+37,nan,nan,1.168173397364528617e+06
1.670000000000000000e+02,1.233553532778314699e+00,1.083772681381333828e+21,-5.059041199437724678e+00,7.010220185184976311e-10,0.000000000000000000e+00,3.002293445199006796e+08,7.145230600045025349e+05,3.002293445199006796e+08,0.000000000000000000e+00,0.000000000000000000e+00,1.914593807854978800e+09,-1.115133787492234061e+34,-1.973247733250140986e+32,1.034708274599449585e+34,0.000000000000000000e+00,0.000000000000000000e+00,0.000000000000000000e+00,6.730531712056705817e+39,1.624286764174910100e+37,nan,nan,1.170447269343382213e+06
1.675000000000000000e+02,1.223445135188225175e+00,1.075588648619311235e+21,-5.309607372693548655e+00,7.273729236333358559e-10,0.000000000000000000e+00,3.008151375444992781e+08,7.145230600045025349e+05,3.008151375444992781e+08,0.000000000000000000e+00,0.000000000000000000e+00,1.918320601514541864e+09,-1.127271533804624606e+34,-1.960098199796562849e+32,1.057448961069816129e+34,0.000000000000000000e+00,0.000000000000000000e+00,0.000000000000000000e+00,6.707229089089436603e+39,1.610022070140684907e+37,nan,nan,1.172725567457763245e+06
1.680000000000000000e+02,1.212926668369015415e+00,1.067032801747671450e+21,-5.529815899837139170e+00,7.562490713318220416e-10,0.000000000000000000e+00,3.014020708264834881e+08,7.145230600045025349e+05,3.014020708264834881e+08,0.000000000000000000e+00,0.000000000000000000e+00,1.922054649449619532e+09,-1.140004464862670029e+34,-1.949138546881693645e+32,1.082007469806928062e+34,0.000000000000000000e+00,0.000000000000000000e+00,0.000000000000000000e+00,6.684010906676752464e+39,1.595878335822288148e+37,nan,nan,1.175008300323229516e+06
1.685000000000000000e+02,1.202056087599052248e+00,1.058155445441598456e+21,-5.716622569588531988e+00,7.877200037180083621e-10,0.000000000000000000e+00,3.019901465853862762e+08,7.145230600045025349e+05,3.019901465853862762e+08,0.000000000000000000e+00,0.000000000000000000e+00,1.925795965780798912e+09,-1.153305650025839916e+34,-1.940607547003460540e+32,1.108359583456022635e+34,0.000000000000000000e+00,0.000000000000000000e+00,0.000000000000000000e+00,6.660940763323567136e+39,1.581898190618056978e+37,nan,nan,1.177295476572109619e+06
1.690000000000000000e+02,1.190896625811040943e+00,1.049011664646987448e+21,-5.867018894572257892e+00,8.218322276183993149e-10,0.000000000000000000e+00,3.025793670450609922e+08,7.145230600045025349e+05,3.025793670450609922e+08,0.000000000000000000e+00,0.000000000000000000e+00,1.929544564656152010e+09,-1.167140495730241550e+34,-1.934743126399955727e+32,1.136458723653103188e+34,0.000000000000000000e+00,0.000000000000000000e+00,0.000000000000000000e+00,6.638049194521595108e+39,1.568089772306329944e+37,nan,nan,1.179587104853534140e+06
1.695000000000000000e+02,1.179516674954549371e+00,1.039661235295415566e+21,-5.978075507638846986e+00,8.586002753135189235e-10,0.000000000000000000e+00,3.031697344336894751e+08,7.145230600045025349e+05,3.031697344336894751e+08,0.000000000000000000e+00,0.000000000000000000e+00,1.933300460251291990e+09,-1.181465827101098173e+34,-1.931779116240756372e+32,1.166231022762249795e+34,0.000000000000000000e+00,0.000000000000000000e+00,0.000000000000000000e+00,6.615291867207788860e+39,1.554434007048973627e+37,nan,nan,1.181883193833470577e+06
1.700000000000000000e+02,1.167989580900508528e+00,1.030168458385775002e+21,-6.046996042007364736e+00,8.979963288189407571e-10,0.000000000000000000e+00,3.037612509837912321e+08,7.145230600045025349e+05,3.037612509837912321e+08,0.000000000000000000e+00,0.000000000000000000e+00,1.937063666769423723e+09,-1.196228991992616595e+34,-1.931941183716753413e+32,1.197570039281772612e+34,0.000000000000000000e+00,0.000000000000000000e+00,0.000000000000000000e+00,6.592631082164362384e+39,1.540901980846798518e+37,nan,nan,1.184183752194754314e+06
1.705000000000000000e+02,1.156393332876407110e+00,1.020601900306722849e+21,-6.071182173418572248e+00,9.399385575234191355e-10,0.000000000000000000e+00,3.043539189322310090e+08,7.145230600045025349e+05,3.043539189322310090e+08,0.000000000000000000e+00,0.000000000000000000e+00,1.940834198441399813e+09,-1.211367039187932868e+34,-1.935441881411237108e+32,1.230331305250291175e+34,0.000000000000000000e+00,0.000000000000000000e+00,0.000000000000000000e+00,6.570193039026572857e+39,1.527568659224391861e+37,nan,nan,1.186488788637121907e+06
1.710000000000000000e+02,1.144810127694468216e+00,1.011034021544606695e+21,-6.048310038528657451e+00,9.842785100231792731e-10,0.000000000000000000e+00,3.049477405202278495e+08,7.145230600045025349e+05,3.049477405202278495e+08,0.000000000000000000e+00,0.000000000000000000e+00,1.944612069525772333e+09,-1.226806035966589753e+34,-1.942474787213970066e+32,1.264326984250894531e+34,0.000000000000000000e+00,0.000000000000000000e+00,0.000000000000000000e+00,6.547812407344562531e+39,1.514334725327058342e+37,nan,nan,1.188798311877244152e+06
1.715000000000000000e+02,1.133325789323410993e+00,1.001540676084818510e+21,-5.976417571331653633e+00,1.030788147849748696e-09,0.000000000000000000e+00,3.055427179933633804e+08,7.145230600045025349e+05,3.055427179933633804e+08,0.000000000000000000e+00,0.000000000000000000e+00,1.948397294308849096e+09,-1.242460603574038835e+34,-1.953207757167116177e+32,1.299321021166963114e+34,0.000000000000000000e+00,0.000000000000000000e+00,0.000000000000000000e+00,6.525620381539019115e+39,1.501278473142277163e+37,nan,nan,1.191112330648759147e+06
1.720000000000000000e+02,1.122029026044108146e+00,9.922004652182296330e+20,-5.854001397669226670e+00,1.079147403652477764e-09,0.000000000000000000e+00,3.061388536015902758e+08,7.145230600045025349e+05,3.061388536015902758e+08,0.000000000000000000e+00,0.000000000000000000e+00,1.952189887104746342e+09,-1.258233760674467575e+34,-1.967775381882143664e+32,1.335025271714794223e+34,0.000000000000000000e+00,0.000000000000000000e+00,0.000000000000000000e+00,6.503545540456961691e+39,1.488350894756192126e+37,nan,nan,1.193430853702305816e+06
1.725000000000000000e+02,1.111010510922669781e+00,9.830939324724289208e+20,-5.680120798907719148e+00,1.128933466937335966e-09,0.000000000000000000e+00,3.067361495992406011e+08,7.145230600045025349e+05,3.067361495992406011e+08,0.000000000000000000e+00,0.000000000000000000e+00,1.955989862255441904e+09,-1.274017172419885646e+34,-1.986270823730761148e+32,1.371097197664125304e+34,0.000000000000000000e+00,0.000000000000000000e+00,0.000000000000000000e+00,6.481624957369712892e+39,1.475580580659543528e+37,nan,nan,1.195753889805554878e+06
1.730000000000000000e+02,1.100361776997437868e+00,9.743025913344983040e+20,-5.454504937088964667e+00,1.179613305485126087e-09,0.000000000000000000e+00,3.073346082450348139e+08,7.145230600045025349e+05,3.073346082450348139e+08,0.000000000000000000e+00,0.000000000000000000e+00,1.959797234130831957e+09,-1.289691903608097192e+34,-2.008737314408071517e+32,1.407139783479920612e+34,0.000000000000000000e+00,0.000000000000000000e+00,0.000000000000000000e+00,6.459783943951994737e+39,1.462915230040969541e+37,nan,nan,1.198081447743244935e+06
1.735000000000000000e+02,1.090173926664872450e+00,9.659077845571880878e+20,-5.177658110539247183e+00,1.230541158069665028e-09,0.000000000000000000e+00,3.079342318020898104e+08,7.145230600045025349e+05,3.079342318020898104e+08,0.000000000000000000e+00,0.000000000000000000e+00,1.963612017128782988e+09,-1.305129765556293741e+34,-2.035159704538104589e+32,1.442704347798202799e+34,0.000000000000000000e+00,0.000000000000000000e+00,0.000000000000000000e+00,6.438177581945193877e+39,1.450448616300119463e+37,nan,nan,1.200413536317213438e+06
1.740000000000000000e+02,1.080536165316165809e+00,9.579893832045006684e+20,-4.850956422763530007e+00,1.280962804294687984e-09,0.000000000000000000e+00,3.085350225379277468e+08,7.145230600045025349e+05,3.085350225379277468e+08,0.000000000000000000e+00,0.000000000000000000e+00,1.967434225675188065e+09,-1.320195325006765496e+34,-2.065456568172259700e+32,1.477296862243898293e+34,0.000000000000000000e+00,0.000000000000000000e+00,0.000000000000000000e+00,6.416587524359298596e+39,1.438049785373104798e+37,nan,nan,1.202750164346431149e+06
1.745000000000000000e+02,1.071534182070803087e+00,9.506243449876394803e+20,-4.476728096845505434e+00,1.330028243355830205e-09,0.000000000000000000e+00,3.091369827244846821e+08,7.145230600045025349e+05,3.091369827244846821e+08,0.000000000000000000e+00,0.000000000000000000e+00,1.971263874224019289e+09,-1.334748607685049337e+34,-2.099473460219908063e+32,1.510388226743445704e+34,0.000000000000000000e+00,0.000000000000000000e+00,0.000000000000000000e+00,6.395192949280837729e+39,1.425825428578221893e+37,nan,nan,1.205091340667034732e+06
1.750000000000000000e+02,1.063248414831754030e+00,9.438851643098778829e+20,-4.058308994112456602e+00,1.376813920931457909e-09,0.000000000000000000e+00,3.097401146381188035e+08,7.145230600045025349e+05,3.097401146381188035e+08,0.000000000000000000e+00,0.000000000000000000e+00,1.975100977257385015e+09,-1.348648478793999717e+34,-2.136977985337361762e+32,1.541428670504986127e+34,0.000000000000000000e+00,0.000000000000000000e+00,0.000000000000000000e+00,6.373919967302427370e+39,1.413725617639806042e+37,nan,nan,1.207437074132361216e+06
1.755000000000000000e+02,1.055752251764758842e+00,9.378382598248183890e+20,-3.600064953293044656e+00,1.420354797680077096e-09,0.000000000000000000e+00,3.103444205596194267e+08,7.145230600045025349e+05,3.103444205596194267e+08,0.000000000000000000e+00,0.000000000000000000e+00,1.978945549285582542e+09,-1.361756619963364751e+34,-2.177657342549814810e+32,1.569866054996767770e+34,0.000000000000000000e+00,0.000000000000000000e+00,0.000000000000000000e+00,6.352771548269057498e+39,1.401757373294021377e+37,nan,nan,1.209787373612980125e+06
1.760000000000000000e+02,1.049110235177746375e+00,9.325423578834399396e+20,-3.107373572027744224e+00,1.459685388549043615e-09,0.000000000000000000e+00,3.109499027742155194e+08,7.145230600045025349e+05,3.109499027742155194e+08,0.000000000000000000e+00,0.000000000000000000e+00,1.982797604847154140e+09,-1.373941952213510545e+34,-2.221118943224313970e+32,1.595167378445576629e+34,0.000000000000000000e+00,0.000000000000000000e+00,0.000000000000000000e+00,6.331722899931930473e+39,1.389903597227742599e+37,nan,nan,1.212142247996728169e+06
1.765000000000000000e+02,1.043376344844459735e+00,9.280469403934932337e+20,-2.586560126515585534e+00,1.493887543976774502e-09,0.000000000000000000e+00,3.115565635715841055e+08,7.145230600045025349e+05,3.115565635715841055e+08,0.000000000000000000e+00,0.000000000000000000e+00,1.986657158508940458e+09,-1.385085285582490931e+34,-2.266894550347529854e+32,1.616842277717716014e+34,0.000000000000000000e+00,0.000000000000000000e+00,0.000000000000000000e+00,6.310847894165327055e+39,1.378200899112439653e+37,nan,nan,1.214501706188741839e+06
1.770000000000000000e+02,1.038592444208176202e+00,9.243908316592549396e+20,-2.044785431082469795e+00,1.522141407195276167e-09,0.000000000000000000e+00,3.121644052458592653e+08,7.145230600045025349e+05,3.121644052458592653e+08,0.000000000000000000e+00,0.000000000000000000e+00,1.990524224866139174e+09,-1.395083918684221029e+34,-2.314448155563105308e+32,1.634466874168572349e+34,0.000000000000000000e+00,0.000000000000000000e+00,0.000000000000000000e+00,6.290103675407820837e+39,1.366630178458534603e+37,nan,nan,1.216865757111492800e+06
1.775000000000000000e+02,1.034786972993714471e+00,9.216009992378979451e+20,-1.489887345708143851e+00,1.543774941504700283e-09,0.000000000000000000e+00,3.127734300956405997e+08,7.145230600045025349e+05,3.127734300956405997e+08,0.000000000000000000e+00,0.000000000000000000e+00,1.994398818542355299e+09,-1.403855876657996814e+34,-2.363187513332226724e+32,1.647706007526387502e+34,0.000000000000000000e+00,0.000000000000000000e+00,0.000000000000000000e+00,6.269397659022124892e+39,1.355134862246658683e+37,nan,nan,1.219234409704819322e+06
1.780000000000000000e+02,1.031973962524517230e+00,9.196916377917098557e+20,-9.301819184902632154e-01,1.558306951786627021e-09,0.000000000000000000e+00,3.133836404240019917e+08,7.145230600045025349e+05,3.133836404240019917e+08,0.000000000000000000e+00,0.000000000000000000e+00,1.998280954189660549e+09,-1.411343473032858844e+34,-2.412478920571287147e+32,1.656331828960212877e+34,0.000000000000000000e+00,0.000000000000000000e+00,0.000000000000000000e+00,6.248923829131410039e+39,1.343823164727484105e+37,nan,nan,1.221607672925961670e+06
1.785000000000000000e+02,1.030152435365620178e+00,9.186635921830051840e+20,-3.742342294028125349e-01,1.565478819382784681e-09,0.000000000000000000e+00,3.139950385385001898e+08,7.145230600045025349e+05,3.139950385385001898e+08,0.000000000000000000e+00,0.000000000000000000e+00,2.002170646488646269e+09,-1.417515915052734499e+34,-2.461664508715789281e+32,1.660236930905373254e+34,0.000000000000000000e+00,0.000000000000000000e+00,0.000000000000000000e+00,6.228506037187563807e+39,1.332593958084399879e+37,nan,nan,1.223985555749595165e+06
1.790000000000000000e+02,1.029306229742187773e+00,9.185041574548867645e+20,1.693877357557415364e-01,1.565271270177637021e-09,0.000000000000000000e+00,3.146076267511839271e+08,7.145230600045025349e+05,3.146076267511839271e+08,0.000000000000000000e+00,0.000000000000000000e+00,2.006067910148480415e+09,-1.422370741997531202e+34,-2.510081051301796110e+32,1.659440674559756549e+34,0.000000000000000000e+00,0.000000000000000000e+00,0.000000000000000000e+00,6.208214252525377985e+39,1.321489449165835086e+37,nan,nan,1.226368067167865578e+06
1.795000000000000000e+02,1.029404263496837668e+00,9.191872705960363950e+20,6.923609409663847858e-01,1.557904256216117420e-09,0.000000000000000000e+00,3.152214073786019683e+08,7.145230600045025349e+05,3.152214073786019683e+08,0.000000000000000000e+00,0.000000000000000000e+00,2.009972759906962633e+09,-1.425933984328527962e+34,-2.557079126389265424e+32,1.654088074767264352e+34,0.000000000000000000e+00,0.000000000000000000e+00,0.000000000000000000e+00,6.188046951310288668e+39,1.310505411332396058e+37,nan,nan,1.228755216190421022e+06
1.800000000000000000e+02,1.030401224891281053e+00,9.206740845268052214e+20,1.186841413896280173e+00,1.543820139315276591e-09,0.000000000000000000e+00,3.158363827418127656e+08,7.145230600045025349e+05,3.158363827418127656e+08,0.000000000000000000e+00,0.000000000000000000e+00,2.013885210530579329e+09,-1.428259044822063547e+34,-2.602041437005116890e+32,1.644441405442863894e+34,0.000000000000000000e+00,0.000000000000000000e+00,0.000000000000000000e+00,6.168007644669157301e+39,1.299639728369888045e+37,nan,nan,1.231147011844447115e+06
1.805000000000000000e+02,1.032238651390329220e+00,9.229138912935998915e+20,1.645670640673280838e+00,1.523652419231909895e-09,0.000000000000000000e+00,3.164525551663924456e+08,7.145230600045025349e+05,3.164525551663924456e+08,0.000000000000000000e+00,0.000000000000000000e+00,2.017805276814561605e+09,-1.429424414956979406e+34,-2.644399190222431697e+32,1.630865461331036088e+34,0.000000000000000000e+00,0.000000000000000000e+00,0.000000000000000000e+00,6.148117420960833543e+39,1.288909191921959035e+37,nan,nan,1.233543463174702134e+06
1.810000000000000000e+02,1.034846335542023654e+00,9.258453415783392870e+20,2.062543230881922263e+00,1.498183865155052568e-09,0.000000000000000000e+00,3.170699269824438691e+08,7.145230600045025349e+05,3.170699269824438691e+08,0.000000000000000000e+00,0.000000000000000000e+00,2.021732973582937956e+09,-1.429530434815913084e+34,-2.683645649509879170e+32,1.613808026241434284e+34,0.000000000000000000e+00,0.000000000000000000e+00,0.000000000000000000e+00,6.128247556930077687e+39,1.278238416414918200e+37,nan,nan,1.235944579243548913e+06
1.815000000000000000e+02,1.038143981353905287e+00,9.293978932835684188e+20,2.432128794308892505e+00,1.468298821673190443e-09,0.000000000000000000e+00,3.176885005246056914e+08,7.145230600045025349e+05,3.176885005246056914e+08,0.000000000000000000e+00,0.000000000000000000e+00,2.025668315688593149e+09,-1.428695370452445988e+34,-2.719346269788658692e+32,1.593777464311464665e+34,0.000000000000000000e+00,0.000000000000000000e+00,0.000000000000000000e+00,6.108568767833020024e+39,1.267720234963305760e+37,nan,nan,1.238350369130990701e+06
1.820000000000000000e+02,1.042043026328312028e+00,9.334934142224754278e+20,2.750145298271377658e+00,1.434934579557896218e-09,0.000000000000000000e+00,3.183082781320607662e+08,7.145230600045025349e+05,3.183082781320607662e+08,0.000000000000000000e+00,0.000000000000000000e+00,2.029611318013322830e+09,-1.427051112756566086e+34,-2.751145154048832997e+32,1.571319435316386451e+34,0.000000000000000000e+00,0.000000000000000000e+00,0.000000000000000000e+00,6.089018709434732424e+39,1.257320066543438812e+37,nan,nan,1.240760841934705153e+06
1.825000000000000000e+02,1.046448543630941863e+00,9.380478629341708943e+20,3.013385274764619925e+00,1.399036115979502326e-09,0.000000000000000000e+00,3.189292621485455036e+08,7.145230600045025349e+05,3.189292621485455036e+08,0.000000000000000000e+00,0.000000000000000000e+00,2.033561995467891455e+09,-1.424738796522561981e+34,-2.778767887867714659e+32,1.546994560620570571e+34,0.000000000000000000e+00,0.000000000000000000e+00,0.000000000000000000e+00,6.069520165972208951e+39,1.246995328410892221e+37,nan,nan,1.243176006770079257e+06
1.830000000000000000e+02,1.051261144831162175e+00,9.429729765985378632e+20,3.219699638458020541e+00,1.361517434888865925e-09,0.000000000000000000e+00,3.195514549223582149e+08,7.145230600045025349e+05,3.195514549223582149e+08,0.000000000000000000e+00,0.000000000000000000e+00,2.037520362992086411e+09,-1.421904603461668550e+34,-2.802021075644965726e+32,1.521358499649139886e+34,0.000000000000000000e+00,0.000000000000000000e+00,0.000000000000000000e+00,6.050163455971598826e+39,1.236796576206927180e+37,nan,nan,1.245595872770242393e+06
1.835000000000000000e+02,1.056378814692649382e+00,9.481779045649400463e+20,3.367946266007024292e+00,1.323231446441219855e-09,0.000000000000000000e+00,3.201748588063682914e+08,7.145230600045025349e+05,3.201748588063682914e+08,0.000000000000000000e+00,0.000000000000000000e+00,2.041486435554776192e+09,-1.418695957641260676e+34,-2.820789095695216322e+32,1.494945426028505611e+34,0.000000000000000000e+00,0.000000000000000000e+00,0.000000000000000000e+00,6.030923430395806276e+39,1.226702980081977161e+37,nan,nan,1.248020449086102890e+06
1.840000000000000000e+02,1.061698623706662570e+00,9.535707384562048041e+20,3.457911783394148397e+00,1.284949065463761773e-09,0.000000000000000000e+00,3.207994761580249071e+08,7.145230600045025349e+05,3.207994761580249071e+08,0.000000000000000000e+00,0.000000000000000000e+00,2.045460228153966188e+09,-1.415258256788880830e+34,-2.835028701873559474e+32,1.468255405186949755e+34,0.000000000000000000e+00,0.000000000000000000e+00,0.000000000000000000e+00,6.011797170324501983e+39,1.216716410355078672e+37,nan,nan,1.250449744886379922e+06
1.845000000000000000e+02,1.067118279558286975e+00,9.590599034842513408e+20,3.490215293553921683e+00,1.247347165318082508e-09,0.000000000000000000e+00,3.214253093393663168e+08,7.145230600045025349e+05,3.214253093393663168e+08,0.000000000000000000e+00,0.000000000000000000e+00,2.049441755816856146e+09,-1.411732217682745980e+34,-2.844762132019767901e+32,1.441745740773917717e+34,0.000000000000000000e+00,0.000000000000000000e+00,0.000000000000000000e+00,5.992801088593840432e+39,1.206846254588797699e+37,nan,nan,1.252883769357641460e+06
1.850000000000000000e+02,1.072537493879150983e+00,9.645553890680935547e+20,3.466202251068346119e+00,1.211004289733594426e-09,0.000000000000000000e+00,3.220523607170283198e+08,7.145230600045025349e+05,3.220523607170283198e+08,0.000000000000000000e+00,0.000000000000000000e+00,2.053431033599895954e+09,-1.408251855781502465e+34,-2.850069352453486592e+32,1.415826018997353743e+34,0.000000000000000000e+00,0.000000000000000000e+00,0.000000000000000000e+00,5.973824517916759051e+39,1.197030025498610338e+37,nan,nan,1.255322531704335939e+06
1.855000000000000000e+02,1.077859154267438280e+00,9.699698089962270884e+20,3.387835608290603151e+00,1.176402615794470125e-09,0.000000000000000000e+00,3.226806326622535586e+08,7.145230600045025349e+05,3.226806326622535586e+08,0.000000000000000000e+00,0.000000000000000000e+00,2.057428076588844061e+09,-1.404943072791938346e+34,-2.851079991924293849e+32,1.390856354476106715e+34,0.000000000000000000e+00,0.000000000000000000e+00,0.000000000000000000e+00,5.955040828399266951e+39,1.187358180446964375e+37,nan,nan,1.257766041148829507e+06
1.860000000000000000e+02,1.082990302907152813e+00,9.752192915482624655e+20,3.257589972081001761e+00,1.143934533641113104e-09,0.000000000000000000e+00,3.233101275509001017e+08,7.145230600045025349e+05,3.233101275509001017e+08,0.000000000000000000e+00,0.000000000000000000e+00,2.061432899898822546e+09,-1.401922792774186601e+34,-2.847965417137579550e+32,1.367148223622644823e+34,0.000000000000000000e+00,0.000000000000000000e+00,0.000000000000000000e+00,5.936377561210193017e+39,1.177793488300480851e+37,nan,nan,1.260214306931438856e+06
1.865000000000000000e+02,1.087842931875276031e+00,9.802242078852425974e+20,3.078353039572613081e+00,1.113912290180785078e-09,0.000000000000000000e+00,3.239408477634509206e+08,7.145230600045025349e+05,3.239408477634509206e+08,0.000000000000000000e+00,0.000000000000000000e+00,2.065445518674376249e+09,-1.399298567221900097e+34,-2.840931292034255652e+32,1.344967243383945360e+34,0.000000000000000000e+00,0.000000000000000000e+00,0.000000000000000000e+00,5.917750336199665776e+39,1.168290073771175088e+37,nan,nan,1.262667338310467778e+06
1.870000000000000000e+02,1.092334611404400357e+00,9.849097526344792146e+20,2.853337186354494737e+00,1.086579356392799381e-09,0.000000000000000000e+00,3.245727956850225329e+08,7.145230600045025349e+05,3.245727956850225329e+08,0.000000000000000000e+00,0.000000000000000000e+00,2.069465948089528322e+09,-1.397168560500084452e+34,-2.830210857108728788e+32,1.324537289773516772e+34,0.000000000000000000e+00,0.000000000000000000e+00,0.000000000000000000e+00,5.899251180555987011e+39,1.158897694634535064e+37,nan,nan,1.265125144562241156e+06
1.875000000000000000e+02,1.096388971216227581e+00,9.892063941405541663e+20,2.586002863314472933e+00,1.062122451179622837e-09,0.000000000000000000e+00,3.252059737053742409e+08,7.145230600045025349e+05,3.252059737053742409e+08,0.000000000000000000e+00,0.000000000000000000e+00,2.073494203347839117e+09,-1.395621826551141529e+34,-2.816059071461784289e+32,1.306045427275572645e+34,0.000000000000000000e+00,0.000000000000000000e+00,0.000000000000000000e+00,5.880882368173813409e+39,1.149613710000296179e+37,nan,nan,1.267587734981140587e+06
1.880000000000000000e+02,1.099936056934312401e+00,9.930502136555396137e+20,2.279994468991151546e+00,1.040683436667633408e-09,0.000000000000000000e+00,3.258403842189168334e+08,7.145230600045025349e+05,3.258403842189168334e+08,0.000000000000000000e+00,0.000000000000000000e+00,2.077530299682463169e+09,-1.394738793238241531e+34,-2.798747683251699328e+32,1.289647215697304293e+34,0.000000000000000000e+00,0.000000000000000000e+00,0.000000000000000000e+00,5.862594161576241323e+39,1.140410740268778190e+37,nan,nan,1.270055118879639776e+06
1.885000000000000000e+02,1.102912583946183078e+00,9.963831531698383749e+20,1.939088612263683231e+00,1.022370556334348980e-09,0.000000000000000000e+00,3.264760296247221231e+08,7.145230600045025349e+05,3.264760296247221231e+08,0.000000000000000000e+00,0.000000000000000000e+00,2.081574252356205940e+09,-1.394591879681821656e+34,-2.778561234837623644e+32,1.275472059400228180e+34,0.000000000000000000e+00,0.000000000000000000e+00,0.000000000000000000e+00,5.844432084551881776e+39,1.131315245236141859e+37,nan,nan,1.272527305588338524e+06
1.890000000000000000e+02,1.105262110327553726e+00,9.991531910038401843e+20,1.567154148038793382e+00,1.007268700292252812e-09,0.000000000000000000e+00,3.271129123265315294e+08,7.145230600045025349e+05,3.271129123265315294e+08,0.000000000000000000e+00,0.000000000000000000e+00,2.085626076661582947e+09,-1.395246182503852512e+34,-2.755793966153678486e+32,1.263628354433811106e+34,0.000000000000000000e+00,0.000000000000000000e+00,0.000000000000000000e+00,5.826354953105068023e+39,1.122304310732556703e+37,nan,nan,1.275004304455999751e+06
1.895000000000000000e+02,1.106935148928118728e+00,1.001314463012026319e+21,1.168123023292860552e+00,9.954485454103179197e-10,0.000000000000000000e+00,3.277510347327656150e+08,7.145230600045025349e+05,3.277510347327656150e+08,0.000000000000000000e+00,0.000000000000000000e+00,2.089685787920875549e+09,-1.396760177576719972e+34,-2.730747551388814387e+32,1.254208265928153459e+34,0.000000000000000000e+00,0.000000000000000000e+00,0.000000000000000000e+00,5.808323693532185028e+39,1.113356370782928114e+37,nan,nan,1.277486124849582324e+06
1.900000000000000000e+02,1.107889236746193884e+00,1.002827345559412539e+21,7.459707729751453575e-01,9.869745333422862045e-10,0.000000000000000000e+00,3.283903992565329075e+08,7.145230600045025349e+05,3.283903992565329075e+08,0.000000000000000000e+00,0.000000000000000000e+00,2.093753401486192226e+09,-1.399186393707267496e+34,-2.703729586982873961e+32,1.247292028694627020e+34,0.000000000000000000e+00,0.000000000000000000e+00,0.000000000000000000e+00,5.790485295939624103e+39,1.104543784378617732e+37,nan,nan,1.279972776154280175e+06
1.905000000000000000e+02,1.108088977513213891e+00,1.003658514516353090e+21,3.047054151942028555e-01,9.819117227342115838e-10,0.000000000000000000e+00,3.290310083156388998e+08,7.145230600045025349e+05,3.290310083156388998e+08,0.000000000000000000e+00,0.000000000000000000e+00,2.097828932739523172e+09,-1.402572023100415643e+34,-2.675052740303375372e+32,1.242951708220198469e+34,0.000000000000000000e+00,0.000000000000000000e+00,0.000000000000000000e+00,5.772739085830279985e+39,1.095817242993879556e+37,nan,nan,1.282464267773554195e+06
1.910000000000000000e+02,1.107506071125714531e+00,1.003780992522565583e+21,-1.516365235097774100e-01,9.803315901908695638e-10,0.000000000000000000e+00,3.296728643325957060e+08,7.145230600045025349e+05,3.296728643325957060e+08,0.000000000000000000e+00,0.000000000000000000e+00,2.101912397092800856e+09,-1.406959440177701427e+34,-2.645034465368094730e+32,1.241254388400093051e+34,0.000000000000000000e+00,0.000000000000000000e+00,0.000000000000000000e+00,5.755030906797644622e+39,1.087147662639336957e+37,nan,nan,1.284960609129170422e+06
1.915000000000000000e+02,1.106119341298901215e+00,1.003174194782192009e+21,-6.189881003797753634e-01,9.823168650906579289e-10,0.000000000000000000e+00,3.303159697346307039e+08,7.145230600045025349e+05,3.303159697346307039e+08,0.000000000000000000e+00,0.000000000000000000e+00,2.106003809987955570e+09,-1.412386605332293174e+34,-2.613997192203800809e+32,1.242264768365999636e+34,0.000000000000000000e+00,0.000000000000000000e+00,0.000000000000000000e+00,5.737439874549614041e+39,1.078575966084568333e+37,nan,nan,1.287461809661232866e+06
1.920000000000000000e+02,1.103914770618869223e+00,1.001823981711240462e+21,-1.093245377607275248e+00,9.879654720214792164e-10,0.000000000000000000e+00,3.309603269536959529e+08,7.145230600045025349e+05,3.309603269536959529e+08,0.000000000000000000e+00,0.000000000000000000e+00,2.110103186896978855e+09,-1.418887333591820325e+34,-2.582268897851454853e+32,1.246047155726803950e+34,0.000000000000000000e+00,0.000000000000000000e+00,0.000000000000000000e+00,5.719962438187276411e+39,1.070099137938331254e+37,nan,nan,1.289967878828222863e+06
1.925000000000000000e+02,1.100885550046197592e+00,9.997227248727932273e+20,-1.570257354010482276e+00,9.973936259140289143e-10,0.000000000000000000e+00,3.316059384264774323e+08,7.145230600045025349e+05,3.316059384264774323e+08,0.000000000000000000e+00,0.000000000000000000e+00,2.114210543321974993e+09,-1.426491410141131266e+34,-2.550183967980323036e+32,1.252666839421469721e+34,0.000000000000000000e+00,0.000000000000000000e+00,0.000000000000000000e+00,5.702568422862371011e+39,1.061697081909332710e+37,nan,nan,1.292478826107031200e+06
1.930000000000000000e+02,1.097032147845906414e+00,9.968693907806525850e+20,-2.045813581479456467e+00,1.010738081773472022e-09,0.000000000000000000e+00,3.322528065944041014e+08,7.145230600045025349e+05,3.322528065944041014e+08,0.000000000000000000e+00,0.000000000000000000e+00,2.118325894795225859e+09,-1.435224535504889557e+34,-2.518084257211795634e+32,1.262190813934302156e+34,0.000000000000000000e+00,0.000000000000000000e+00,0.000000000000000000e+00,5.685283512538066932e+39,1.053386675169478633e+37,nan,nan,1.294994660992996534e+06
1.935000000000000000e+02,1.092362400836647041e+00,9.932696452824443126e+20,-2.515630668592936825e+00,1.028157484817219925e-09,0.000000000000000000e+00,3.329009339036571383e+08,7.145230600045025349e+05,3.329009339036571383e+08,0.000000000000000000e+00,0.000000000000000000e+00,2.122449256879247189e+09,-1.445108083237385009e+34,-2.486320252490517466e+32,1.274687809373386098e+34,0.000000000000000000e+00,0.000000000000000000e+00,0.000000000000000000e+00,5.668112444159536169e+39,1.045169648680991041e+37,nan,nan,1.297515392999940552e+06
1.940000000000000000e+02,1.086891628694937495e+00,9.889359792844177408e+20,-2.975338947370487208e+00,1.049832698419730909e-09,0.000000000000000000e+00,3.335503228051794171e+08,7.145230600045025349e+05,3.335503228051794171e+08,0.000000000000000000e+00,0.000000000000000000e+00,2.126580645166846275e+09,-1.456158652607658231e+34,-2.455252236304539660e+32,1.290227560299876017e+34,0.000000000000000000e+00,0.000000000000000000e+00,0.000000000000000000e+00,5.650980638339581050e+39,1.037007241942310901e+37,nan,nan,1.300041031660202891e+06
1.945000000000000000e+02,1.080642769733527686e+00,9.838878544745716777e+20,-3.420470705351307927e+00,1.075965906732284756e-09,0.000000000000000000e+00,3.342009757546845675e+08,7.145230600045025349e+05,3.342009757546845675e+08,0.000000000000000000e+00,0.000000000000000000e+00,2.130720075281182289e+09,-1.468387398473708884e+34,-2.425251334578740520e+32,1.308879221763240098e+34,0.000000000000000000e+00,0.000000000000000000e+00,0.000000000000000000e+00,5.633929523368576070e+39,1.028920094270570648e+37,nan,nan,1.302571586524678627e+06
1.950000000000000000e+02,1.073646534002130837e+00,9.781518653513541878e+20,-3.846451568362278195e+00,1.106778196694543076e-09,0.000000000000000000e+00,3.348528952126663923e+08,7.145230600045025349e+05,3.348528952126663923e+08,0.000000000000000000e+00,0.000000000000000000e+00,2.134867562875827074e+09,-1.481799120887364775e+34,-2.396700317209891263e+32,1.330708815679661560e+34,0.000000000000000000e+00,0.000000000000000000e+00,0.000000000000000000e+00,5.617037753514035060e+39,1.020944122768647703e+37,nan,nan,1.305107067162854364e+06
1.955000000000000000e+02,1.065941566636074533e+00,9.717619111813232722e+20,-4.248596859762989730e+00,1.142505222224327362e-09,0.000000000000000000e+00,3.355060836444076896e+08,7.145230600045025349e+05,3.355060836444076896e+08,0.000000000000000000e+00,0.000000000000000000e+00,2.139023123634819508e+09,-1.496391098676919997e+34,-2.369993997359001584e+32,1.355775567172026889e+34,0.000000000000000000e+00,0.000000000000000000e+00,0.000000000000000000e+00,5.600242887603892120e+39,1.013049416162168353e+37,nan,nan,1.307647483162842691e+06
1.960000000000000000e+02,1.057574611010870580e+00,9.647593684038856212e+20,-4.622115054170320647e+00,1.183390446210092033e-09,0.000000000000000000e+00,3.361605435199905038e+08,7.145230600045025349e+05,3.361605435199905038e+08,0.000000000000000000e+00,0.000000000000000000e+00,2.143186773272729874e+09,-1.512151655204096858e+34,-2.345539049123488293e+32,1.384126972636949271e+34,0.000000000000000000e+00,0.000000000000000000e+00,0.000000000000000000e+00,5.583483180295906499e+39,1.005205160584320325e+37,nan,nan,1.310192844131420366e+06
1.965000000000000000e+02,1.048600657372336542e+00,9.571932504025185649e+20,-4.962120773650735117e+00,1.229675352623434542e-09,0.000000000000000000e+00,3.368162773143046498e+08,7.145230600045025349e+05,3.368162773143046498e+08,0.000000000000000000e+00,0.000000000000000000e+00,2.147358527534716368e+09,-1.529058451763799909e+34,-2.323753033151119908e+32,1.415792434645323460e+34,0.000000000000000000e+00,0.000000000000000000e+00,0.000000000000000000e+00,5.566828237740790911e+39,9.974456943234456283e+36,nan,nan,1.312743159694063943e+06
1.970000000000000000e+02,1.039083058161628825e+00,9.491203374290441339e+20,-5.263660115740692369e+00,1.281585937539636080e-09,0.000000000000000000e+00,3.374732875070574880e+08,7.145230600045025349e+05,3.374732875070574880e+08,0.000000000000000000e+00,0.000000000000000000e+00,2.151538402196585178e+09,-1.547076515956014421e+34,-2.305062388251182559e+32,1.450775310973226545e+34,0.000000000000000000e+00,0.000000000000000000e+00,0.000000000000000000e+00,5.550279679283552567e+39,9.897711033493566961e+36,nan,nan,1.315298439494985854e+06
1.975000000000000000e+02,1.029093586261094817e+00,9.406052548143081062e+20,-5.521751411929415987e+00,1.339314749480360450e-09,0.000000000000000000e+00,3.381315765827830434e+08,7.145230600045025349e+05,3.381315765827830434e+08,0.000000000000000000e+00,0.000000000000000000e+00,2.155726413064852238e+09,-1.566156030210048134e+34,-2.289899117693538834e+32,1.489043266206783980e+34,0.000000000000000000e+00,0.000000000000000000e+00,0.000000000000000000e+00,5.533781616457278159e+39,9.821530946813299519e+36,nan,nan,1.317858693197172135e+06
1.980000000000000000e+02,1.018712406962417383e+00,9.317204725243150336e+20,-5.731444726612713758e+00,1.402997793583132063e-09,0.000000000000000000e+00,3.387911470308517218e+08,7.145230600045025349e+05,3.387911470308517218e+08,0.000000000000000000e+00,0.000000000000000000e+00,2.159922575976797581e+09,-1.586229930884710804e+34,-2.278695877184622654e+32,1.530516896990932712e+34,0.000000000000000000e+00,0.000000000000000000e+00,0.000000000000000000e+00,5.517400868949302243e+39,9.746206397674780658e+36,nan,nan,1.320423930482415948e+06
1.985000000000000000e+02,1.008027928850606880e+00,9.225461938493701489e+20,-5.887903427191047534e+00,1.472685791259739898e-09,0.000000000000000000e+00,3.394520013454793096e+08,7.145230600045025349e+05,3.394520013454793096e+08,0.000000000000000000e+00,0.000000000000000000e+00,2.164126906800533295e+09,-1.607211402156590347e+34,-2.271879165361669063e+32,1.575056740297795418e+34,0.000000000000000000e+00,0.000000000000000000e+00,0.000000000000000000e+00,5.501124316041891236e+39,9.671701078016672634e+36,nan,nan,1.322994161051358795e+06
1.988691999479593164e+02,1.000000000000000222e+00,9.156371945043637043e+20,-5.966548878791809507e+00,1.527962709432719991e-09,0.000000000000000000e+00,3.399408015740911365e+08,7.145230600045025349e+05,3.399408015740911365e+08,0.000000000000000000e+00,0.000000000000000000e+00,2.167236635862314701e+09,-1.623223644046748851e+34,-2.269902937978560362e+32,1.609790912144468453e+34,0.000000000000000000e+00,0.000000000000000000e+00,0.000000000000000000e+00,5.489130152289128018e+39,9.617015163793718148e+36,nan,nan,1.324895229504535208e+06
