time_myr,r_over_R0,radius_cm,velocity_km_s,pressure_erg_cm3,sfr_msun_yr,gas_msun,formed_msun,incident_shell_msun,central_gas_msun,other_shell_msun,halo_msun,gravity_dyne,accretion_dyne,pressure_dyne,uv_dyne,lya_dyne,sn_per_myr,uv_erg_s,lya_erg_s,shell_temperature_K,force_multiplier,shell_loading_msun_myr
0.000000000000000000e+00,1.000000000000000000e+00,3.284137371462504940e+20,1.349156865721391763e-01,0.000000000000000000e+00,4.335262237771667256e-03,1.571841851494696364e+07,0.000000000000000000e+00,1.571841851494696364e+07,0.000000000000000000e+00,0.000000000000000000e+00,1.000000000000000000e+08,-2.692041823144736050e+32,-4.632926617389898747e+30,0.000000000000000000e+00,0.000000000000000000e+00,0.000000000000000000e+00,0.000000000000000000e+00,0.000000000000000000e+00,0.000000000000000000e+00,1.000000000000000000e+04,2.187490501937836314e+02,6.113292879886081209e+04
1.000000000000000000e+00,1.000000000000000000e+00,3.288397747750929695e+20,1.350907071413160465e-01,9.303055267412632358e-12,4.350958144207346841e-03,1.577532737369555607e+07,4.343105076398700476e+03,1.577532737369555607e+07,0.000000000000000000e+00,0.000000000000000000e+00,1.003896827391810715e+08,-2.705293335093123936e+32,-4.657013858161065148e+30,1.264166126584831822e+31,6.732728825961742506e+24,1.837380681354710358e+31,3.949658129853300004e+00,1.409460742439762361e+40,2.517379495442679054e+39,1.000000000000000000e+04,2.188120113563489042e+02,6.137115327034582151e+04
2.000000000000000000e+00,1.000000000000000000e+00,3.292663650850222899e+20,1.352659547574762422e-01,3.271077858779958325e-11,4.366715545215331395e-03,1.583245919414078444e+07,8.701936786597594619e+03,1.583245919414078444e+07,0.000000000000000000e+00,0.000000000000000000e+00,1.007808840047343075e+08,-2.718612982993676154e+32,-4.681226331903932274e+30,4.456516143577356386e+31,8.539972634339364053e+24,2.218963467424573043e+31,6.483320729526439230e+00,1.785970993794395672e+40,3.039307231995319649e+39,1.000000000000000000e+04,2.188750466252436127e+02,6.161030606147672370e+04
3.000000000000000000e+00,1.000000000000000000e+00,3.296935087930089800e+20,1.354414297151584345e-01,6.571833237779045956e-11,4.382534680338259249e-03,1.588981484479560889e+07,1.307655674485862255e+04,1.588981484479560889e+07,0.000000000000000000e+00,0.000000000000000000e+00,1.011736097140948623e+08,-2.732001120318239798e+32,-4.705564689722433943e+30,8.976709928667084711e+31,9.685645174009066257e+24,2.422886654616662914e+31,8.481553384506595350e+00,2.023494719889930665e+40,3.317663579755430999e+39,1.000000000000000000e+04,2.189381557778295928e+02,6.185039078975493612e+04
4.000000000000000000e+00,1.000000000000000000e+00,3.301212066169534546e+20,1.356171323092834335e-01,1.064691444971253945e-10,4.398415790052250321e-03,1.594739519755752385e+07,1.746702680545859039e+04,1.594739519755752385e+07,0.000000000000000000e+00,0.000000000000000000e+00,1.015678658077571243e+08,-2.745458102375622243e+32,-4.730029586105683612e+30,1.458077056137406489e+32,1.054520171462333190e+25,2.557261339369126025e+31,1.019989225565095836e+01,2.200815062087858949e+40,3.500652861789398525e+39,1.000000000000000000e+04,2.190013385920138944e+02,6.209141108677865850e+04
5.000000000000000000e+00,1.000000000000000000e+00,3.305494592756875919e+20,1.357930628351546043e-01,1.538514004240627207e-10,4.414359115770541235e-03,1.600520112772174552e+07,2.187340906362049282e+04,1.600520112772174552e+07,0.000000000000000000e+00,0.000000000000000000e+00,1.019636582493645549e+08,-2.758984286321135174e+32,-4.754621678945577254e+30,2.112439209283536181e+32,1.124281287283917186e+25,2.655519607714678910e+31,1.173871387526381938e+01,2.344003839351341817e+40,3.634109615123942012e+39,1.000000000000000000e+04,2.190645948462476440e+02,6.233337059829779901e+04
5.598303202918716082e+00,1.000000000000000000e+00,3.308059497970032968e+20,1.358984317368432115e-01,1.850420571178352968e-10,0.000000000000000000e+00,1.603989482107113302e+07,2.451739566447772086e+04,1.603989482107113302e+07,0.000000000000000000e+00,0.000000000000000000e+00,1.022011991948148906e+08,-2.767110281935098212e+32,-4.769396297646626121e+30,2.544643435293435883e+32,1.160774225365819172e+25,2.703387521612446861e+31,1.259607178540408157e+01,2.418602160001702834e+40,3.698977774051591797e+39,1.000000000000000000e+04,2.191024762884719337e+02,6.247858633534809633e+04
6.000000000000000000e+00,1.000030281727103842e+00,3.309882900825491374e+20,1.617248006416331096e-01,2.056010391947348388e-10,0.000000000000000000e+00,1.606501188418642804e+07,2.451739566447772086e+04,1.606501188418642804e+07,0.000000000000000000e+00,0.000000000000000000e+00,1.023609930257999003e+08,-2.772803019895749574e+32,-4.789496700337420054e+30,2.830482199760409166e+32,7.113897921218177910e+24,1.401730955222754393e+31,1.132519962477071473e+01,1.481574212224686739e+40,1.917703719229889628e+39,1.000000000000000000e+04,2.191310181583589554e+02,6.257627298426913330e+04
7.000000000000000000e+00,1.001783920865299216e+00,3.319988369671201096e+20,5.607929534162258145e-01,2.461096611653674878e-10,0.000000000000000000e+00,1.612771000260549225e+07,2.451739566447772086e+04,1.612771000260549225e+07,0.000000000000000000e+00,0.000000000000000000e+00,1.027598761472757906e+08,-2.782356624758086406e+32,-4.972275169395428861e+30,3.408879511562813237e+32,4.549956013123037783e+24,7.215223122808406398e+30,9.296925723686575438e+00,9.496841372747711230e+39,9.877246734097180102e+38,1.000000000000000000e+04,2.189951849170730895e+02,6.282012191891166003e+04
8.000000000000000000e+00,1.009519696097174624e+00,3.349965461255384596e+20,1.403508445979822383e+00,2.713242559038787962e-10,0.000000000000000000e+00,1.619065244476982206e+07,2.451739566447772086e+04,1.619065244476982206e+07,0.000000000000000000e+00,0.000000000000000000e+00,1.031603136474255919e+08,-2.775407299767160273e+32,-5.332703437500234699e+30,3.826301107609744938e+32,3.469731833718783672e+24,4.806177789973671560e+30,8.223256674712754233e+00,7.344863735042219638e+39,6.605573159833771266e+38,1.000000000000000000e+04,2.181273022608493477e+02,6.306492109076217457e+04
9.000000000000000000e+00,1.026854290368699463e+00,3.411908548973190840e+20,2.562688418394953427e+00,2.778270560740781261e-10,0.000000000000000000e+00,1.625384016276689619e+07,2.451739566447772086e+04,1.625384016276689619e+07,0.000000000000000000e+00,0.000000000000000000e+00,1.035623115833946615e+08,-2.742757192419906617e+32,-5.822115306637992257e+30,4.064238309317927854e+32,2.774380191289013143e+24,3.500460855079376265e+30,7.493167775251923679e+00,6.068427671400821656e+39,4.855798091482118203e+38,1.000000000000000000e+04,2.161151975651277155e+02,6.331067420273103926e+04
1.000000000000000000e+01,1.056043143795825756e+00,3.513445721540992041e+20,3.886964090463473909e+00,2.650650253440825386e-10,0.000000000000000000e+00,1.631727411239427887e+07,2.451739566447772086e+04,1.631727411239427887e+07,0.000000000000000000e+00,0.000000000000000000e+00,1.039658760359320790e+08,-2.680829384431110822e+32,-6.381384169580087405e+30,4.111769764696653813e+32,2.250697055273790204e+24,2.671214241516291569e+30,6.946423841105897168e+00,5.200046165165150244e+39,3.763718775511419061e+38,1.000000000000000000e+04,2.127709138417122006e+02,6.355738497215825191e+04
1.100000000000000000e+01,1.097888662106871971e+00,3.657403824431214100e+20,5.228362430310785847e+00,2.373628753927285854e-10,0.000000000000000000e+00,1.638095525317414477e+07,2.451739566447772086e+04,1.638095525317414477e+07,0.000000000000000000e+00,0.000000000000000000e+00,1.043710131094825119e+08,-2.592072701264306331e+32,-6.951815314891881749e+30,3.989959502953063889e+32,1.829705161014107754e+24,2.097488247180424966e+30,6.514004968262755213e+00,4.563087343465094920e+39,3.020983900324561672e+38,1.000000000000000000e+04,2.081478015095593150e+02,6.380505713086962351e+04
1.200000000000000000e+01,1.151916877943312656e+00,3.842366466345114010e+20,6.469777683995202366e+00,2.019718671277211069e-10,0.000000000000000000e+00,1.644488454836773872e+07,2.451739566447772086e+04,1.644488454836773872e+07,0.000000000000000000e+00,0.000000000000000000e+00,1.047777289322785884e+08,-2.483355924834662951e+32,-7.486250777413008653e+30,3.747126123756682239e+32,1.485354197746396409e+24,1.679597174422763573e+30,6.159487578341034109e+00,4.072560976849604971e+39,2.486686225524861490e+38,1.000000000000000000e+04,2.024905917769241341e+02,6.405369442523325415e+04
1.300000000000000000e+01,1.216759956823479261e+00,4.063924002484948828e+20,7.539564835739320792e+00,1.657377286794095473e-10,0.000000000000000000e+00,1.650906296498998441e+07,2.451739566447772086e+04,1.650906296498998441e+07,0.000000000000000000e+00,0.000000000000000000e+00,1.051860296564335972e+08,-2.363250856917366064e+32,-7.955215879587848479e+30,3.439714542299455642e+32,1.205007124695956048e+24,1.365178995360109891e+30,5.861247640540136139e+00,3.681535011426460697e+39,2.086609253636377192e+38,1.000000000000000000e+04,1.961413551270962614e+02,6.430330061621616187e+04
1.400000000000000000e+01,1.290593041900929938e+00,4.316115078961727406e+20,8.409579591478740568e+00,1.330755118590208050e-10,0.000000000000000000e+00,1.657349147382408753e+07,2.451739566447772086e+04,1.657349147382408753e+07,0.000000000000000000e+00,0.000000000000000000e+00,1.055959214580346197e+08,-2.239649337452300366e+32,-8.346473711403608371e+30,3.115258147489833713e+32,9.792817704311536526e+23,1.123439844248244640e+30,5.605397993860253614e+00,3.361631066312695428e+39,1.777805075981811279e+38,1.000000000000000000e+04,1.894464116862293395e+02,6.455387947944128973e+04
1.500000000000000000e+01,1.371494455637989551e+00,4.592622823963114865e+20,9.083057116605715464e+00,1.058339700423312413e-10,0.000000000000000000e+00,1.663817104943622835e+07,2.451739566447772086e+04,1.663817104943622835e+07,0.000000000000000000e+00,0.000000000000000000e+00,1.060074105372357965e+08,-2.118506944154783740e+32,-8.660415948508648995e+30,2.805152725875828014e+32,7.993005921343818495e+23,9.346371559718464000e+29,5.382510136950154234e+00,3.094541086554880034e+39,1.533680892421608754e+38,1.000000000000000000e+04,1.826958735102393234e+02,6.480543480524443294e+04
1.600000000000000000e+01,1.457675502914307142e+00,4.887543165954636513e+20,9.580795052729577321e+00,8.413802129355534348e-11,0.000000000000000000e+00,1.670310267019030638e+07,2.451739566447772086e+04,1.670310267019030638e+07,0.000000000000000000e+00,0.000000000000000000e+00,1.064205031183522344e+08,-2.003630739675252077e+32,-8.904646826757030303e+30,2.525709341009850185e+32,6.566051093306052109e+23,7.853128535108625860e+29,5.185901849586989520e+00,2.867862161189099965e+39,1.336908979592588992e+38,1.000000000000000000e+04,1.761008971042747078e+02,6.505797039873171889e+04
1.700000000000000000e+01,1.547591230747611402e+00,5.195759474055079526e+20,9.930496089757587796e+00,6.728639331376117368e-11,0.000000000000000000e+00,1.676828731826273538e+07,2.451739566447772086e+04,1.676828731826273538e+07,0.000000000000000000e+00,0.000000000000000000e+00,1.068352054499541074e+08,-1.897041643564709580e+32,-9.089737816043773069e+30,2.282628262772539306e+32,5.436215971476686619e+23,6.659096450345133077e+29,5.010673459672533525e+00,2.672857844715181007e+39,1.175725629288837868e+38,1.000000000000000000e+04,1.697970039247655620e+02,6.531149007983710908e+04
1.800000000000000000e+01,1.639970202454726245e+00,5.513047856565439037e+20,1.016026539863936051e+01,5.434015469376828494e-11,0.000000000000000000e+00,1.683372597965729982e+07,2.451739566447772086e+04,1.683372597965729982e+07,0.000000000000000000e+00,0.000000000000000000e+00,1.072515238049612194e+08,-1.799499545876097314e+32,-9.226597865600351888e+30,2.075459481950732928e+32,4.539638260811416837e+23,5.694715518228520310e+29,4.853153914854357431e+00,2.503192027383609401e+39,1.041889792057480986e+38,1.000000000000000000e+04,1.638592465186840172e+02,6.556599768338019203e+04
1.900000000000000000e+01,1.733799542141855943e+00,5.836032697249922417e+20,1.029541946459578661e+01,4.441133015968010579e-11,0.000000000000000000e+00,1.689941964422006533e+07,2.451739566447772086e+04,1.689941964422006533e+07,0.000000000000000000e+00,0.000000000000000000e+00,1.076694644807378352e+08,-1.710973877275976480e+32,-9.325154847038666671e+30,1.900811617954645467e+32,3.824671898809901221e+23,4.908346575129752549e+29,4.710461136855099262e+00,2.354113259335416118e+39,9.294400993083507383e+37,1.000000000000000000e+04,1.583195394269136784e+02,6.582149705912418722e+04
2.000000000000000000e+01,1.828290583929520485e+00,6.162076452906830397e+20,1.035734678336181247e+01,3.676477663872309242e-11,0.000000000000000000e+00,1.696536930565436929e+07,2.451739566447772086e+04,1.696536930565436929e+07,0.000000000000000000e+00,0.000000000000000000e+00,1.080890337991879731e+08,-1.630991114190388505e+32,-9.393860397727574494e+30,1.754268076946838240e+32,3.250799301514417196e+23,4.261414722167995817e+29,4.580392115488178817e+00,2.222032600379583700e+39,8.340038020150660212e+37,1.000000000000000000e+04,1.531815551715017421e+02,6.607799207183417457e+04
2.100000000000000000e+01,1.922839894192053700e+00,6.489152956537768509e+20,1.036345844755923906e+01,3.082989455361692863e-11,0.000000000000000000e+00,1.703157596153583005e+07,2.451739566447772086e+04,1.703157596153583005e+07,0.000000000000000000e+00,0.000000000000000000e+00,1.085102381068510115e+08,-1.558864039325463989e+32,-9.439638967778885623e+30,1.631390487011443538e+32,2.786660104683784703e+23,3.724621176020512337e+29,4.461138445609496017e+00,2.104139449941857018e+39,7.522732450174354065e+37,1.000000000000000000e+04,1.484318822813059739e+02,6.633548660133556405e+04
2.200000000000000000e+01,2.016992754649427511e+00,6.815728031183837594e+20,1.032761432715917671e+01,2.617796592720957213e-11,0.000000000000000000e+00,1.709804061332745105e+07,2.451739566447772086e+04,1.709804061332745105e+07,0.000000000000000000e+00,0.000000000000000000e+00,1.089330837749977112e+08,-1.493831318561213860e+32,-9.468035583828233488e+30,1.528165064150082709e+32,2.408235866749628873e+23,3.275649467530305874e+29,4.351273395900666863e+00,1.998234424108811272e+39,6.817289562786775699e+37,1.000000000000000000e+04,1.440477181397401125e+02,6.659398454257273988e+04
2.300000000000000000e+01,2.110411767767182312e+00,7.140656490484270367e+20,1.026070170830955419e+01,2.249174437081632821e-11,0.000000000000000000e+00,1.716476426639475673e+07,2.451739566447772086e+04,1.716476426639475673e+07,0.000000000000000000e+00,0.000000000000000000e+00,1.093575771997265220e+08,-1.435136549078555409e+32,-9.483431646704920912e+30,1.441150330287209433e+32,2.097134945596839800e+23,2.897257782534258930e+29,4.249589222096235019e+00,1.902540917755878471e+39,6.204031550428082077e+37,1.000000000000000000e+04,1.400018721738516376e+02,6.685348980566805403e+04
2.400000000000000000e+01,2.202851084895592226e+00,7.463097374452204175e+20,1.017120233217066172e+01,1.953764650490941029e-11,0.000000000000000000e+00,1.723174793002102152e+07,2.451739566447772086e+04,1.723174793002102152e+07,0.000000000000000000e+00,0.000000000000000000e+00,1.097837248020604849e+08,-1.382069243413799148e+32,-9.489261191780211227e+30,1.367477936161498326e+32,1.839291639509221565e+23,2.576095396710419058e+29,4.155121270278206325e+00,1.815635274894111572e+39,5.667552799815253705e+37,1.000000000000000000e+04,1.362658625866663726e+02,6.711400631598093605e+04
2.500000000000000000e+01,2.294135812951107578e+00,7.782446082877160161e+20,1.006569146576564044e+01,1.714350707313045332e-11,0.000000000000000000e+00,1.729899261742250621e+07,2.451739566447772086e+04,1.729899261742250621e+07,0.000000000000000000e+00,0.000000000000000000e+00,1.102115330280441642e+08,-1.333983090781510712e+32,-9.488203623212763779e+30,1.304793474587026782e+32,1.623878008694321132e+23,2.301670196675849209e+29,4.067026493658083552e+00,1.736336560700237772e+39,5.195499976072680670e+37,1.000000000000000000e+04,1.328117349522904647e+02,6.737553801416720671e+04
2.600000000000000000e+01,2.384145828564635305e+00,8.098280943694860780e+20,9.949248910457074047e+00,1.518183446245742433e-11,0.000000000000000000e+00,1.736649934576380998e+07,2.451739566447772086e+04,1.736649934576380998e+07,0.000000000000000000e+00,0.000000000000000000e+00,1.106410083488413244e+08,-1.290301290070774923e+32,-9.482343645101891349e+30,1.251180001156306806e+32,1.442536893561557494e+23,2.065724214071132035e+29,3.984618723591371481e+00,1.663678334707319142e+39,4.777979588180528910e+37,1.000000000000000000e+04,1.296130567862743987e+02,6.763808885623881361e+04
2.700000000000000000e+01,2.472803142264291765e+00,8.410321433589717402e+20,9.825788773285692557e+00,1.355755304873000055e-11,0.000000000000000000e+00,1.743426913617324829e+07,2.451739566447772086e+04,1.743426913617324829e+07,0.000000000000000000e+00,0.000000000000000000e+00,1.110721572608326375e+08,-1.250514962356820653e+32,-9.473300351409215439e+30,1.205081349838384826e+32,1.288763000231216409e+23,1.861672389277061880e+29,3.907299410268831874e+00,1.596847714818964798e+39,4.406913672352526753e+37,1.000000000000000000e+04,1.266453992674121452e+02,6.790166281362352311e+04
2.800000000000000000e+01,2.560062074911561236e+00,8.718395646004617544e+20,9.698318671268710389e+00,1.219916439510188515e-11,0.000000000000000000e+00,1.750230301375829056e+07,2.451739566447772086e+04,1.750230301375829056e+07,0.000000000000000000e+00,0.000000000000000000e+00,1.115049862857141644e+08,-1.214178169249065021e+32,-9.462329163670800242e+30,1.165233857668445753e+32,1.157462490387775257e+23,1.684237112467448996e+29,3.834555090140641553e+00,1.535160684839721746e+39,4.075678514254389649e+37,1.000000000000000000e+04,1.238865092120274909e+02,6.816626387322515075e+04
2.900000000000000000e+01,2.645901633387435226e+00,9.022415001706340024e+20,9.569141514433288975e+00,1.105241589224294127e-11,0.000000000000000000e+00,1.757060200762107968e+07,2.451739566447772086e+04,1.757060200762107968e+07,0.000000000000000000e+00,0.000000000000000000e+00,1.119395019705958366e+08,-1.180901548480762612e+32,-9.450401501648730617e+30,1.130609632931666884e+32,1.044620742759452089e+23,1.529164357267816394e+29,3.765952631739071688e+00,1.478041188911702053e+39,3.778815684309193099e+37,1.000000000000000000e+04,1.213163010979496761e+02,6.843189603748374793e+04
3.000000000000000000e+01,2.730319591863306972e+00,9.322354583273536225e+20,9.440011798439762458e+00,1.007574919992198097e-11,0.000000000000000000e+00,1.763916715087398142e+07,2.451739566447772086e+04,1.763916715087398142e+07,0.000000000000000000e+00,0.000000000000000000e+00,1.123757108881005049e+08,-1.150345670541456074e+32,-9.438266710452903187e+30,1.100369256605312089e+32,9.470425661534999308e+22,1.392978764101881511e+29,3.701094796491596561e+00,1.424989178723867440e+39,3.511738473224937395e+37,1.000000000000000000e+04,1.189167504402473838e+02,6.869856332443615247e+04
3.100000000000000000e+01,2.813327889365301093e+00,9.618237814565599969e+20,9.312256445413872541e+00,9.237036114033272733e-12,0.000000000000000000e+00,1.770799948065523803e+07,2.451739566447772086e+04,1.770799948065523803e+07,0.000000000000000000e+00,0.000000000000000000e+00,1.128136196364634633e+08,-1.122214687367504953e+32,-9.426500096227338564e+30,1.073825041718651163e+32,8.621774875891517620e+22,1.272850288627268857e+29,3.639658751021911165e+00,1.375583896528521435e+39,3.270637104486248367e+37,1.000000000000000000e+04,1.166717384115039806e+02,6.896626976777685923e+04
3.200000000000000000e+01,2.894949047686441901e+00,9.910124512234850222e+20,9.186868636600040716e+00,8.511206105505066116e-12,0.000000000000000000e+00,1.777710003814462945e+07,2.451739566447772086e+04,1.777710003814462945e+07,0.000000000000000000e+00,0.000000000000000000e+00,1.132532348396321386e+08,-1.096250535617956530e+32,-9.415540354587546696e+30,1.050410836703150371e+32,7.879705330226154177e+22,1.166451701244599623e+29,3.581361131545882870e+00,1.329462658834607522e+39,3.052308228678269090e+37,1.000000000000000000e+04,1.145668774106168115e+02,6.923501941691893444e+04
3.300000000000000000e+01,2.975213377981604790e+00,1.019810154637398114e+21,9.064580372632821792e+00,7.878519932561887043e-12,0.000000000000000000e+00,1.784646986857923120e+07,2.451739566447772086e+04,1.784646986857923120e+07,0.000000000000000000e+00,0.000000000000000000e+00,1.136945631473664194e+08,-1.072227789163445402e+32,-9.405718598628644546e+30,1.029658398745741124e+32,7.227462170685228660e+22,1.071827164497247443e+29,3.525916516839847414e+00,1.286296267474998333e+39,2.853962149201086103e+37,1.000000000000000000e+04,1.125893348956114721e+02,6.950481633705535205e+04
3.400000000000000000e+01,3.054156798387498650e+00,1.048227552467243237e+21,8.945918799048689252e+00,7.323299659009357504e-12,0.000000000000000000e+00,1.791611002126923949e+07,2.451739566447772086e+04,1.791611002126923949e+07,0.000000000000000000e+00,0.000000000000000000e+00,1.141376112353390306e+08,-1.049949164095079164e+32,-9.397280959841616558e+30,1.011178462839994904e+32,6.651465999088892667e+22,9.873771045446031185e+28,3.473119037264673192e+00,1.245815183175802875e+39,2.673299478630537657e+37,1.000000000000000000e+04,1.107276650111744800e+02,6.977566460922035913e+04
3.500000000000000000e+01,3.131819126674187270e+00,1.076276705143638065e+21,8.831250313563382193e+00,6.832990854715639577e-12,0.000000000000000000e+00,1.798602154961381480e+07,2.451739566447772086e+04,1.798602154961381480e+07,0.000000000000000000e+00,0.000000000000000000e+00,1.145823858052367419e+08,-1.029241634050321641e+32,-9.390406349818428287e+30,9.946461010449106706e+31,6.140458719678771600e+22,9.117313080534562967e+28,3.422736788667302132e+00,1.207764873257237290e+39,2.508268553031917962e+37,1.000000000000000000e+04,1.089716527947167890e+02,7.004756833035136515e+04
3.600000000000000000e+01,3.208242744886695696e+00,1.103970622146362606e+21,8.720815070178449702e+00,6.397459946053195006e-12,0.000000000000000000e+00,1.805620551111705229e+07,2.451739566447772086e+04,1.805620551111705229e+07,0.000000000000000000e+00,0.000000000000000000e+00,1.150288935848616362e+08,-1.009953093693867781e+32,-9.385220401996985907e+30,9.797888040545286160e+31,5.685233058775956036e+22,8.437657800057352972e+28,3.374615621177333491e+00,1.171940622344608220e+39,2.357184747651249414e+37,1.000000000000000000e+04,1.073121728860057118e+02,7.032053161335083132e+04
3.700000000000000000e+01,3.283471555032661637e+00,1.131322908129799045e+21,8.614754076928928583e+00,6.008464226888210235e-12,0.000000000000000000e+00,1.812666296740394086e+07,2.451739566447772086e+04,1.812666296740394086e+07,0.000000000000000000e+00,0.000000000000000000e+00,1.154771413282327950e+08,-9.919495035235005900e+31,-9.381806460563984467e+30,9.663768246963853341e+31,5.278056665867818841e+22,7.825053875208580129e+28,3.328576769253031920e+00,1.138146399814545633e+39,2.218525203941045623e+37,1.000000000000000000e+04,1.057410630748707234e+02,7.059455858714842179e+04
3.800000000000000000e+01,3.357550162491940604e+00,1.158347484834130952e+21,8.513130448963462271e+00,5.659251581336302693e-12,0.000000000000000000e+00,1.819739498423644528e+07,2.451739566447772086e+04,1.819739498423644528e+07,0.000000000000000000e+00,0.000000000000000000e+00,1.159271358156886548e+08,-9.751124512356494540e+31,-9.380214228742288697e+30,9.542157594124819528e+31,4.912465325958024187e+22,7.271211526703584925e+28,3.284458102675178015e+00,1.106207914586415057e+39,2.090967110873756549e+37,1.000000000000000000e+04,1.042510121222088628e+02,7.086965339676360600e+04
3.900000000000000000e+01,3.430523239614944320e+00,1.185058373062947766e+21,8.415946382218333355e+00,5.344254034163784983e-12,0.000000000000000000e+00,1.826840263152961805e+07,2.451739566447772086e+04,1.826840263152961805e+07,0.000000000000000000e+00,0.000000000000000000e+00,1.163788838539894074e+08,-9.593370697013970018e+31,-9.380466710678486509e+30,9.431406074935483239e+31,4.583085240709366887e+22,6.769240731887443387e+28,3.242151044613320821e+00,1.075983470763562805e+39,1.973411994588608914e+37,1.000000000000000000e+04,1.028354607842196486e+02,7.114582020336826099e+04
4.000000000000000000e+01,3.502435033034876799e+00,1.211469522666171400e+21,8.323156692497031273e+00,5.058849356658851213e-12,0.000000000000000000e+00,1.833968698336779326e+07,2.451739566447772086e+04,1.833968698336779326e+07,0.000000000000000000e+00,0.000000000000000000e+00,1.168323922764199972e+08,-9.445302583533352587e+31,-9.382565777727135875e+30,9.330106411271102367e+31,4.285325413698612966e+22,6.313065695863343415e+28,3.201525690937555346e+00,1.047334997286605300e+39,1.864850901343908153e+37,1.000000000000000000e+04,1.014885147715798439e+02,7.142306318434959394e+04
4.100000000000000000e+01,3.573328984197322367e+00,1.237594680409714590e+21,8.234679444486280531e+00,4.799176889960872798e-12,0.000000000000000000e+00,1.841124911802081391e+07,2.451739566447772086e+04,1.841124911802081391e+07,0.000000000000000000e+00,0.000000000000000000e+00,1.172876679428935349e+08,-9.306091624034653379e+31,-9.386496556298137118e+30,9.237054149557650665e+31,4.015302933690918424e+22,5.897489423891232865e+28,3.162474627382680481e+00,1.020142080180479312e+39,1.764408136037152298e+37,1.000000000000000000e+04,1.002048683808680920e+02,7.170138653337339929e+04
4.200000000000000000e+01,3.643247439732966608e+00,1.263447287975948583e+21,8.150404495572969310e+00,4.561993377671562714e-12,0.000000000000000000e+00,1.848309011796037108e+07,2.451739566447772086e+04,1.848309011796037108e+07,0.000000000000000000e+00,0.000000000000000000e+00,1.177447177400550097e+08,-9.174998705769005517e+31,-9.392230977403003196e+30,9.151215225994284504e+31,3.769689577993194072e+22,5.517975379873136185e+28,3.124886132605568800e+00,9.942920941851255938e+38,1.671299038652805188e+37,1.000000000000000000e+04,9.897973756085572461e+01,7.198079446044746146e+04
4.300000000000000000e+01,3.712231433893298238e+00,1.289040404199256621e+21,8.070200377396158586e+00,4.344559331296536620e-12,0.000000000000000000e+00,1.855521106987635046e+07,2.451739566447772086e+04,1.855521106987635046e+07,0.000000000000000000e+00,0.000000000000000000e+00,1.182035485813854933e+08,-9.051362977671633330e+31,-9.399730656156228212e+30,9.071699527070369699e+31,3.545657273953682876e+22,5.170652628164104691e+28,3.088676236221800764e+00,9.696893599893776257e+38,1.584849871379758431e+37,1.000000000000000000e+04,9.780880125332954833e+01,7.226129119198523404e+04
4.400000000000000000e+01,3.780320528720048756e+00,1.314386646778160873e+21,7.993919807795981214e+00,4.144548678606886516e-12,0.000000000000000000e+00,1.862761306469327956e+07,2.451739566447772086e+04,1.862761306469327956e+07,0.000000000000000000e+00,0.000000000000000000e+00,1.186641674073066711e+08,-8.934592243049655240e+31,-9.408949215559037631e+30,8.997738881045214830e+31,3.340755721739718099e+22,4.852099746158318621e+28,3.053753148996035893e+00,9.462425995301335476e+38,1.504447969972461734e+37,1.000000000000000000e+04,9.668814996563853015e+01,7.254288097086978087e+04
4.500000000000000000e+01,3.847552700085272726e+00,1.339498149513571074e+21,7.921404040229353960e+00,3.959976168839651621e-12,0.000000000000000000e+00,1.870029719758682698e+07,2.451739566447772086e+04,1.870029719758682698e+07,0.000000000000000000e+00,0.000000000000000000e+00,1.191265811852858663e+08,-8.824154680982903114e+31,-9.419834133478786359e+30,8.928667952475740435e+31,3.152917530867785322e+22,4.559464264354397509e+28,3.020077601312289861e+00,9.238831309884316537e+38,1.429591439113984090e+37,1.000000000000000000e+04,9.561424065473727296e+01,7.282556805651792092e+04
4.600000000000000000e+01,3.913964260784072557e+00,1.364386532142259110e+21,7.852486570578527392e+00,3.789139984606105942e-12,0.000000000000000000e+00,1.877326456800038740e+07,2.451739566447772086e+04,1.877326456800038740e+07,0.000000000000000000e+00,0.000000000000000000e+00,1.195907969099414796e+08,-8.719571694995146061e+31,-9.432328338561627369e+30,8.863910487784825821e+31,2.980270165131367180e+22,4.290010207325324449e+28,2.987540334496802341e+00,9.025252770215723994e+38,1.359759206626263114e+37,1.000000000000000000e+04,9.458385709997574509e+01,7.310935672494475148e+04
4.700000000000000000e+01,3.979589813631697393e+00,1.389062880421236441e+21,7.786995917623324992e+00,3.630574316704966195e-12,0.000000000000000000e+00,1.884651627966168150e+07,2.451739566447772086e+04,1.884651627966168150e+07,0.000000000000000000e+00,0.000000000000000000e+00,1.200568216031486094e+08,-8.620411719786450071e+31,-9.446371416414454692e+30,8.802965644470839629e+31,2.821240177690124537e+22,4.041498509796663541e+28,2.956092038790620435e+00,8.821074155698153464e+38,1.294537898527736458e+37,1.000000000000000000e+04,9.359407504664252997e+01,7.339425126882818586e+04
4.800000000000000000e+01,4.044462227801731480e+00,1.413537734193387667e+21,7.724757902419994160e+00,3.483010627322156974e-12,0.000000000000000000e+00,1.892005344059947878e+07,2.451739566447772086e+04,1.892005344059947878e+07,0.000000000000000000e+00,0.000000000000000000e+00,1.205246623141454905e+08,-8.526284846184843004e+31,-9.461900612323475781e+30,8.745395937259228134e+31,2.674417085486675159e+22,3.811839369883321742e+28,2.925651797593726844e+00,8.625618996577588102e+38,1.233520259099237352e+37,1.000000000000000000e+04,9.264223151332583939e+01,7.368025599757398595e+04
4.900000000000000000e+01,4.108612633711112849e+00,1.437821081864726643e+21,7.665597544665448737e+00,3.345348223015119801e-12,0.000000000000000000e+00,1.899387716316033155e+07,2.451739566447772086e+04,1.899387716316033155e+07,0.000000000000000000e+00,0.000000000000000000e+00,1.209943261196400076e+08,-8.436838144611471734e+31,-9.478851679597535645e+30,8.690822682097399341e+31,2.538613892663716558e+22,3.599331331864091835e+28,2.896195292053343806e+00,8.438424994307679017e+38,1.176387927436282536e+37,1.000000000000000000e+04,9.172589772215214055e+01,7.396737523738096934e+04
5.000000000000000000e+01,4.172070434328214894e+00,1.461922360607694914e+21,7.609340677712731704e+00,3.216627027097210719e-12,0.000000000000000000e+00,1.906798856402542442e+07,2.451739566447772086e+04,1.906798856402542442e+07,0.000000000000000000e+00,0.000000000000000000e+00,1.214658201239167154e+08,-8.351751582877288513e+31,-9.497159616566092130e+30,8.638914750933486263e+31,2.412747283158081208e+22,3.402356041185965019e+28,2.867655927432664509e+00,8.258938599650363770e+38,1.122818826842742389e+37,1.000000000000000000e+04,9.084285516002903194e+01,7.425561333130634739e+04
5.100000000000000000e+01,4.234863328104016666e+00,1.485850460658525798e+21,7.555815000436509443e+00,3.096006277734974268e-12,0.000000000000000000e+00,1.914238876422745734e+07,2.451739566447772086e+04,1.914238876422745734e+07,0.000000000000000000e+00,0.000000000000000000e+00,1.219391514589443356e+08,-8.270734457171733326e+31,-9.516759156557776917e+30,8.589381710662141560e+31,2.295866730386546491e+22,3.219473673610431169e+28,2.839978683954562655e+00,8.086664231627849895e+38,1.072521839048494689e+37,1.000000000000000000e+04,8.999107439473966963e+01,7.454497463933148538e+04
5.200000000000000000e+01,4.297017340523544782e+00,1.509613732690865947e+21,7.504851021700146063e+00,2.982747947519228410e-12,0.000000000000000000e+00,1.921707888916758820e+07,2.451739566447772086e+04,1.921707888916758820e+07,0.000000000000000000e+00,0.000000000000000000e+00,1.224143272844837159e+08,-8.193522265182904338e+31,-9.537585218784379102e+30,8.541971051965379641e+31,2.187156845614403158e+22,3.049484616696613418e+28,2.813140294083869897e+00,7.921234822613087822e+38,1.025261696961175706e+37,1.000000000000000000e+04,8.916869630284107018e+01,7.483546353842786630e+04
5.300000000000000000e+01,4.358556863815292282e+00,1.533219998130761368e+21,7.456282933310276029e+00,2.876201726891586355e-12,0.000000000000000000e+00,1.929206006863249093e+07,2.451739566447772086e+04,1.929206006863249093e+07,0.000000000000000000e+00,0.000000000000000000e+00,1.228913547881959975e+08,-8.119873957273323210e+31,-9.559573335893800294e+30,8.496462738899486873e+31,2.085872939831413178e+22,2.891248883512676667e+28,2.787094449510768790e+00,7.762236078555695016e+38,9.808025647615170927e+36,1.000000000000000000e+04,8.837401538491876352e+01,7.512708442262328754e+04
5.400000000000000000e+01,4.419504702833799925e+00,1.556676561740322046e+21,7.409949182814540514e+00,2.775792345675315957e-12,0.000000000000000000e+00,1.936733343681139499e+07,2.451739566447772086e+04,1.936733343681139499e+07,0.000000000000000000e+00,0.000000000000000000e+00,1.233702411857513785e+08,-8.049569514875996636e+31,-9.582659948757177556e+30,8.452664097858341438e+31,1.991339754172100221e+22,2.743707690095055155e+28,2.761780537755110565e+00,7.609234263533367689e+38,9.389173075669335331e+36,1.000000000000000000e+04,8.760546491347550102e+01,7.541984170306824672e+04
5.500000000000000000e+01,4.479882124702868396e+00,1.579990225639376421e+21,7.365692930585925779e+00,2.681016422970670873e-12,0.000000000000000000e+00,1.944290013231329620e+07,2.451739566447772086e+04,1.944290013231329620e+07,0.000000000000000000e+00,0.000000000000000000e+00,1.238509937209383100e+08,-7.982407814146900224e+31,-9.606782652724630166e+30,8.410428806092741799e+31,1.902997427827284482e+22,2.606033416473293761e+28,2.737196878922200760e+00,7.461988917717574743e+38,8.994413299499857174e+36,1.000000000000000000e+04,8.686160370216805404e+01,7.571373980810279318e+04
5.600000000000000000e+01,4.539708346907875836e+00,1.603167105141782348e+21,7.323018868717608321e+00,2.586213458289407256e-12,0.000000000000000000e+00,1.951876129818413779e+07,2.451739566447772086e+04,1.951876129818413779e+07,0.000000000000000000e+00,0.000000000000000000e+00,1.243336196657730490e+08,-7.918205721296771544e+31,-9.631715873107689961e+30,8.352794901697817462e+31,1.820295299629107800e+22,2.477335698282826261e+28,2.356974205078176787e+00,7.320079878295192979e+38,8.621743398438851671e+36,1.000000000000000000e+04,8.614111136894122467e+01,7.600878318332343770e+04
5.700000000000000000e+01,4.598986809077307392e+00,1.626207769866473046e+21,7.278602709023116901e+00,2.480201632513612298e-12,0.000000000000000000e+00,1.959491808192411810e+07,2.451739566447772086e+04,1.959491808192411810e+07,0.000000000000000000e+00,0.000000000000000000e+00,1.248181263206096292e+08,-7.856819863414325729e+31,-9.655870284509633614e+30,8.242309466368770180e+31,1.742793038894828880e+22,2.356940105746648036e+28,1.865126880222471195e+00,7.183284431395550725e+38,8.269762447456324985e+36,1.000000000000000000e+04,8.544294617288633731e+01,7.630497629165042599e+04
5.800000000000000000e+01,4.657683836385597687e+00,1.649099653223971291e+21,7.228022445289502329e+00,2.364757813173936581e-12,0.000000000000000000e+00,1.967137163550504670e+07,2.451739566447772086e+04,1.967137163550504670e+07,0.000000000000000000e+00,0.000000000000000000e+00,1.253045210142502636e+08,-7.798178517350727088e+31,-9.677101890168884852e+30,8.081469417813168624e+31,1.670106485675815810e+22,2.244208360143668376e+28,1.375975258485620634e+00,7.051344802141105647e+38,7.937052315713794666e+36,1.000000000000000000e+04,8.476657501924422888e+01,7.660232361339518684e+04
5.900000000000000000e+01,4.715728289994767231e+00,1.671816843272984986e+21,7.167249862108514336e+00,2.241959903444871021e-12,0.000000000000000000e+00,1.974812311538777500e+07,2.451739566447772086e+04,1.974812311538777500e+07,0.000000000000000000e+00,0.000000000000000000e+00,1.257928111040563136e+08,-7.742275377099215977e+31,-9.693424157706161468e+30,7.874356952214143822e+31,1.601910715506385905e+22,2.138573794348248243e+28,8.894099371896970752e-01,6.924022990068183459e+38,7.622323056093260399e+36,1.000000000000000000e+04,8.411192883113659491e+01,7.690082964632821677e+04
6.000000000000000000e+01,4.773015296604383728e+00,1.694321320279505109e+21,7.092634397363529963e+00,2.113617577065861212e-12,0.000000000000000000e+00,1.982517368253967166e+07,2.451739566447772086e+04,1.982517368253967166e+07,0.000000000000000000e+00,0.000000000000000000e+00,1.262830039760594964e+08,-7.689157626886813527e+31,-9.703003562471489612e+30,7.624788955717820994e+31,1.537899425051243761e+22,2.039441901388778036e+28,4.052899528664618556e-01,6.800973930026926454e+38,7.324081311150601134e+36,1.000000000000000000e+04,8.347931632526946544e+01,7.720049890574702295e+04
6.100000000000000000e+01,4.829409679877241679e+00,1.716564098279632798e+21,7.000874236998517297e+00,1.981476271697962874e-12,0.000000000000000000e+00,1.990252450245219469e+07,2.451739566447772086e+04,1.990252450245219469e+07,0.000000000000000000e+00,0.000000000000000000e+00,1.267751070450735539e+08,-7.638916022655813420e+31,-9.704148753461638206e+30,7.337004579728320965e+31,1.477850815253582971e+22,1.946418236189823587e+28,0.000000000000000000e+00,6.682071215348722798e+38,7.041463405691532644e+36,1.000000000000000000e+04,8.286935168216852787e+01,7.750133592454438622e+04
6.200000000000000000e+01,4.884751996231300630e+00,1.738487302728455291e+21,6.890100515606838449e+00,1.855934071241568449e-12,0.000000000000000000e+00,1.998017674515854195e+07,2.451739566447772086e+04,1.998017674515854195e+07,0.000000000000000000e+00,0.000000000000000000e+00,1.272691277548065484e+08,-7.591672254409463082e+31,-9.695845107012917854e+30,7.048804327248609530e+31,1.421550813259120194e+22,1.859078311776607785e+28,0.000000000000000000e+00,6.567116597429302148e+38,6.773435450922535447e+36,1.000000000000000000e+04,8.228286232890737040e+01,7.780334525327708980e+04
6.300000000000000000e+01,4.938881319549647486e+00,1.760032233282357690e+21,6.761383160304519357e+00,1.741598737920248594e-12,0.000000000000000000e+00,2.005813158525130153e+07,2.451739566447772086e+04,2.005813158525130153e+07,0.000000000000000000e+00,0.000000000000000000e+00,1.277650735779733360e+08,-7.547542322046795846e+31,-9.678509252165041021e+30,6.779524093170837693e+31,1.368775569950827872e+22,1.776977280649692187e+28,0.000000000000000000e+00,6.455823196303411102e+38,6.518848674989141327e+36,1.000000000000000000e+04,8.172062481217427887e+01,7.810653146023456065e+04
6.400000000000000000e+01,4.991649724331145954e+00,1.781144527358242587e+21,6.616139827086078284e+00,1.637519400549957100e-12,0.000000000000000000e+00,2.013639020190025121e+07,2.451739566447772086e+04,2.013639020190025121e+07,0.000000000000000000e+00,0.000000000000000000e+00,1.282629520164086968e+08,-7.506616247953419993e+31,-9.652736969442472219e+30,6.528217866337388175e+31,1.319354586781623465e+22,1.699834259638573860e+28,0.000000000000000000e+00,6.348145137808709369e+38,6.277128448441502131e+36,1.000000000000000000e+04,8.118321858081175435e+01,7.841089913150813663e+04
6.500000000000000000e+01,5.042922137954561457e+00,1.801774136465877893e+21,6.455687049262919253e+00,1.542806871393954365e-12,0.000000000000000000e+00,2.021495377887021005e+07,2.451739566447772086e+04,2.021495377887021005e+07,0.000000000000000000e+00,0.000000000000000000e+00,1.287627706011807472e+08,-7.468961410208557271e+31,-9.619083989530005217e+30,6.293933146960128732e+31,1.273078270631290182e+22,1.627267328256000836e+28,0.000000000000000000e+00,6.243838486202174513e+38,6.047305382419085749e+36,1.000000000000000000e+04,8.067104955195914329e+01,7.871645287106030446e+04
6.600000000000000000e+01,5.092575380820199449e+00,1.821875011706179551e+21,6.281243779538004723e+00,1.456637412205336356e-12,0.000000000000000000e+00,2.029382350453890115e+07,2.451739566447772086e+04,2.029382350453890115e+07,0.000000000000000000e+00,0.000000000000000000e+00,1.292645368927048743e+08,-7.434626677392029574e+31,-9.578066880796442432e+30,6.075730233346866266e+31,1.229755716314081945e+22,1.558948629234981747e+28,0.000000000000000000e+00,6.142720252671587280e+38,5.828579629263659828e+36,1.000000000000000000e+04,8.018437958839876956e+01,7.902319730079443252e+04
6.700000000000000000e+01,5.140497251430985237e+00,1.841404802808282350e+21,6.093935920127303341e+00,1.378253320933185511e-12,0.000000000000000000e+00,2.037300057191496342e+07,2.451739566447772086e+04,2.037300057191496342e+07,0.000000000000000000e+00,0.000000000000000000e+00,1.297682584808581173e+08,-7.403646020027089861e+31,-9.530164461310141777e+30,5.872695114993102718e+31,1.189225390454991959e+22,1.494637662862395440e+28,0.000000000000000000e+00,6.044721892591806790e+38,5.620449787783569785e+36,1.000000000000000000e+04,7.972335234500762624e+01,7.933113706062464917e+04
6.800000000000000000e+01,5.186585660595840253e+00,1.860324572340115735e+21,5.894801364748165184e+00,1.306961642295093565e-12,0.000000000000000000e+00,2.045248617865597829e+07,2.451739566447772086e+04,2.045248617865597829e+07,0.000000000000000000e+00,0.000000000000000000e+00,1.302739429850938916e+08,-7.376041648052392869e+31,-9.475819510333116598e+30,5.683948716747443606e+31,1.151298541167006922e+22,1.434003821251573134e+28,0.000000000000000000e+00,5.949601737090504014e+38,5.422049297036645288e+36,1.000000000000000000e+04,7.928801580416472916e+01,7.964027680854596838e+04
6.900000000000000000e+01,5.230747817740036609e+00,1.878598526313137439e+21,5.684795311511019023e+00,1.242131618728032665e-12,0.000000000000000000e+00,2.053228152708659321e+07,2.451739566447772086e+04,2.053228152708659321e+07,0.000000000000000000e+00,0.000000000000000000e+00,1.307815980545573980e+08,-7.351826723790525929e+31,-9.415440665539042349e+30,5.508653245959596848e+31,1.115845994941889328e+22,1.376884481922041131e+28,0.000000000000000000e+00,5.857382764028778372e+38,5.233116894664677193e+36,1.000000000000000000e+04,7.887834182307425124e+01,7.995062122070491023e+04
7.000000000000000000e+01,5.272899470443222825e+00,1.896193761743506244e+21,5.464795674071768694e+00,1.183191348195727538e-12,0.000000000000000000e+00,2.061238782421671972e+07,2.451739566447772086e+04,2.061238782421671972e+07,0.000000000000000000e+00,0.000000000000000000e+00,1.312912313682011962e+08,-7.331007699383448914e+31,-9.349404423083516800e+30,5.346016271568943757e+31,1.082695828689339915e+22,1.322984076323387011e+28,0.000000000000000000e+00,5.767826463422976833e+38,5.052862896651813182e+36,1.000000000000000000e+04,7.849424301590711650e+01,8.026217499147004855e+04
7.100000000000000000e+01,5.312964197052920667e+00,1.913080031278654816e+21,5.235608464838552578e+00,1.129623995022317752e-12,0.000000000000000000e+00,2.069280628175975755e+07,2.451739566447772086e+04,2.069280628175975755e+07,0.000000000000000000e+00,0.000000000000000000e+00,1.318028506349013746e+08,-7.313586325354671869e+31,-9.278057178574407652e+30,5.195293053744324589e+31,1.051703117697679308e+22,1.272075838689283428e+28,0.000000000000000000e+00,5.680788817048241357e+38,4.880730480362244497e+36,1.000000000000000000e+04,7.813558728093660477e+01,8.057494283350311161e+04
7.200000000000000000e+01,5.350872751180629550e+00,1.929229524623310979e+21,4.997973045134268766e+00,1.080963805508533602e-12,0.000000000000000000e+00,2.077353811615095288e+07,2.451739566447772086e+04,2.077353811615095288e+07,0.000000000000000000e+00,0.000000000000000000e+00,1.323164635935742110e+08,-7.299561373870960602e+31,-9.201717255779870022e+30,5.055787547068700809e+31,1.022757054591364864e+22,1.224015238931870212e+28,0.000000000000000000e+00,5.596266768514212167e+38,4.716453888154496636e+36,1.000000000000000000e+04,7.780221026446352539e+01,8.088892947783030104e+04
7.300000000000000000e+01,5.386562456197327542e+00,1.944616666246196756e+21,4.752567188156674227e+00,1.036792107016758534e-12,0.000000000000000000e+00,2.085458454856579378e+07,2.451739566447772086e+04,2.085458454856579378e+07,0.000000000000000000e+00,0.000000000000000000e+00,1.328320780132931769e+08,-7.288930116598324721e+31,-9.120676894308198644e+30,4.926852418537099251e+31,9.957245871380632699e+21,1.178587691197665474e+28,0.000000000000000000e+00,5.514095595982153573e+38,4.559476064925034363e+36,1.000000000000000000e+04,7.749392603040288918e+01,8.120413967391375627e+04
7.400000000000000000e+01,5.419976647471203002e+00,1.959217928707270246e+21,4.500011904754581238e+00,9.967334135121207954e-13,0.000000000000000000e+00,2.093594680493848026e+07,2.451739566447772086e+04,2.093594680493848026e+07,0.000000000000000000e+00,0.000000000000000000e+00,1.333497016934065223e+08,-7.281689593075345126e+31,-9.035204168754850800e+30,4.807888352857359001e+31,9.704832203078452118e+21,1.135597114824356435e+28,0.000000000000000000e+00,5.434123589115114278e+38,4.409287478095815084e+36,1.000000000000000000e+04,7.721053617894861532e+01,8.152057818972349924e+04
7.500000000000000000e+01,5.451064159720294455e+00,1.973011660803713794e+21,4.240876010125771423e+00,9.604517189666785020e-13,0.000000000000000000e+00,2.101762611598046124e+07,2.451739566447772086e+04,2.101762611598046124e+07,0.000000000000000000e+00,0.000000000000000000e+00,1.338693424636551887e+08,-7.277837701837933745e+31,-8.945544825462408979e+30,4.698342861105656760e+31,9.469463960300571066e+21,1.094933893895126581e+28,0.000000000000000000e+00,5.356358423606803003e+38,4.265693107427291487e+36,1.000000000000000000e+04,7.695183763379213815e+01,8.183824981180946634e+04
7.600000000000000000e+01,5.479778856777265617e+00,1.985977929696489767e+21,3.975680414228401460e+00,9.276470292340666314e-13,0.000000000000000000e+00,2.109962371719904989e+07,2.451739566447772086e+04,2.109962371719904989e+07,0.000000000000000000e+00,0.000000000000000000e+00,1.343910081842912734e+08,-7.277374142804790146e+31,-8.851924025069348859e+30,4.597708762217838221e+31,9.250217158049491059e+21,1.056463781434528348e+28,0.000000000000000000e+00,5.280738301175849278e+38,4.128384528357441702e+36,1.000000000000000000e+04,7.671762929269701203e+01,8.215715934537399153e+04
7.700000000000000000e+01,5.506079200983680977e+00,1.998098376140852036e+21,3.704902138239089204e+00,8.980521608059909859e-13,0.000000000000000000e+00,2.118194084891613200e+07,2.451739566447772086e+04,2.118194084891613200e+07,0.000000000000000000e+00,0.000000000000000000e+00,1.349147067461968660e+08,-7.280301236123397190e+31,-8.754547988852081144e+30,4.505522469387628337e+31,9.045940000106925261e+21,1.019980119755039412e+28,0.000000000000000000e+00,5.207032358444423232e+38,3.996751652629178307e+36,1.000000000000000000e+04,7.650771771404539834e+01,8.247731161434439127e+04
7.800000000000000000e+01,5.529927859512070221e+00,2.009356081963831919e+21,3.428978057567427573e+00,8.714298190897572170e-13,0.000000000000000000e+00,2.126457875628690794e+07,2.451739566447772086e+04,2.126457875628690794e+07,0.000000000000000000e+00,0.000000000000000000e+00,1.354404460710035563e+08,-7.286624639563953007e+31,-8.653605545897705950e+30,4.421362183260271239e+31,8.856050220169093448e+21,9.854225862351730808e+27,0.000000000000000000e+00,5.135298445599296416e+38,3.870739252764678108e+36,1.000000000000000000e+04,7.632192199078095030e+01,8.279871146144607337e+04
7.900000000000000000e+01,5.551291344926176485e+00,2.019735448926615503e+21,3.148308380205278922e+00,8.475699581076000341e-13,0.000000000000000000e+00,2.134753868931872398e+07,2.451739566447772086e+04,2.134753868931872398e+07,0.000000000000000000e+00,0.000000000000000000e+00,1.359682341112121344e+08,-7.296353983929704187e+31,-8.549269582430168963e+30,4.344846070152621931e+31,8.679678166754759016e+21,9.526426638346515056e+27,0.000000000000000000e+00,5.065395711042703317e+38,3.749931637314664707e+36,1.000000000000000000e+04,7.616007794509374662e+01,8.312136374827568943e+04
8.000000000000000000e+01,5.570139687488069313e+00,2.029222088172385075e+21,2.863259875314823510e+00,8.262874163470862945e-13,0.000000000000000000e+00,2.143082190289000049e+07,2.451739566447772086e+04,2.143082190289000049e+07,0.000000000000000000e+00,0.000000000000000000e+00,1.364980788503128290e+08,-7.309503443463652322e+31,-8.441698397922563065e+30,4.275630484619453035e+31,8.516183989236957970e+21,9.215442502162808385e+27,0.000000000000000000e+00,4.997283168858009009e+38,3.634104129973768408e+36,1.000000000000000000e+04,7.602204175973902522e+01,8.344527335537462204e+04
8.100000000000000000e+01,5.586446136806138441e+00,2.037802719482512671e+21,2.574168866322546823e+00,8.074198191797345687e-13,0.000000000000000000e+00,2.151442965676920488e+07,2.451739566447772086e+04,2.151442965676920488e+07,0.000000000000000000e+00,0.000000000000000000e+00,1.370299883029063046e+08,-7.326092256241720231e+31,-8.331036972483581369e+30,4.213408281311674775e+31,8.364911604654827110e+21,8.920222322039406009e+27,0.000000000000000000e+00,4.930879412186679550e+38,3.522983330067640975e+36,1.000000000000000000e+04,7.590769314765154263e+01,8.377044518230301037e+04
8.200000000000000000e+01,5.600186890622498304e+00,2.045465079630082605e+21,2.281344005021133992e+00,7.908257358863210128e-13,0.000000000000000000e+00,2.159836321563389152e+07,2.451739566447772086e+04,2.159836321563389152e+07,0.000000000000000000e+00,0.000000000000000000e+00,1.375639705148245692e+08,-7.346145207711077226e+31,-8.217418151374884068e+30,4.157907249857620579e+31,8.225231589310222828e+21,8.639701028272329767e+27,0.000000000000000000e+00,4.866088704823250745e+38,3.416277775011931624e+36,1.000000000000000000e+04,7.581693814818213184e+01,8.409688414771358657e+04
8.300000000000000000e+01,5.611340848670110404e+00,2.052197839160090296e+21,1.985068842268870482e+00,7.763830784865151160e-13,0.000000000000000000e+00,2.168262384908985347e+07,2.451739566447772086e+04,2.168262384908985347e+07,0.000000000000000000e+00,0.000000000000000000e+00,1.381000335632529855e+08,-7.369693089081189118e+31,-8.100963752256082312e+30,4.108888698246188017e+31,8.096777337415868088e+21,8.373372884027073239e+27,0.000000000000000000e+00,4.802942641384833284e+38,3.313905736038750152e+36,1.000000000000000000e+04,7.574971162739410602e+01,8.442459518942632712e+04
8.400000000000000000e+01,5.619889389733907059e+00,2.057990526992925852e+21,1.685604214949873780e+00,7.639877297488574862e-13,0.000000000000000000e+00,2.176721283169031516e+07,2.451739566447772086e+04,2.176721283169031516e+07,0.000000000000000000e+00,0.000000000000000000e+00,1.386381855568522513e+08,-7.396773140982937220e+31,-7.981785603143437220e+30,4.066146204021234662e+31,7.978902388666531840e+21,8.120026843162955339e+27,0.000000000000000000e+00,4.741280599376834601e+38,3.215496082093502977e+36,1.000000000000000000e+04,7.570597954990807921e+01,8.475358326450301684e+04
8.500000000000000000e+01,5.625816170184069875e+00,2.062833462290195939e+21,1.383190469232683739e+00,7.535523887657575087e-13,0.000000000000000000e+00,2.185213144295521826e+07,2.451739566447772086e+04,2.185213144295521826e+07,0.000000000000000000e+00,0.000000000000000000e+00,1.391784346358811259e+08,-7.427429491837115670e+31,-7.859986519555054751e+30,4.029504548406003762e+31,7.871338965940935066e+21,7.879274991540623462e+27,0.000000000000000000e+00,4.681141117371105692e+38,3.120993707938510380e+36,1.000000000000000000e+04,7.568574108187313243e+01,8.508385334932223486e+04
8.600000000000000000e+01,5.629106942468365737e+00,2.066717693096027750e+21,1.078049529356949865e+00,7.450056239986475550e-13,0.000000000000000000e+00,2.193738096739057824e+07,2.451739566447772086e+04,2.193738096739057824e+07,0.000000000000000000e+00,0.000000000000000000e+00,1.397207889723195732e+08,-7.461713599489710223e+31,-7.735661223796220597e+30,3.998818845575233490e+31,7.773572542240260096e+21,7.650118952040091148e+27,0.000000000000000000e+00,4.622392083150132820e+38,3.030092930421336775e+36,1.000000000000000000e+04,7.568903057720996230e+01,8.541541043965468998e+04
8.674212401320320964e+01,5.629837747337181675e+00,2.068975617406964072e+21,8.499561204383219160e-01,7.398498775486382330e-13,0.000000000000000000e+00,2.200086136252656206e+07,2.451739566447772086e+04,2.200086136252656206e+07,0.000000000000000000e+00,0.000000000000000000e+00,1.401246489094730318e+08,-7.489536465202913405e+31,-7.641815356350989258e+30,3.979827196440942751e+31,7.707160445211164803e+21,7.487181713627944305e+27,0.000000000000000000e+00,4.579668559961115293e+38,2.964863031980828398e+36,1.000000000000000000e+04,7.570672186908929291e+01,8.566230184748183819e+04
8.700000000000000000e+01,5.629749392150181997e+00,2.069634941298279973e+21,7.703868408024617809e-01,7.382911257151668277e-13,0.000000000000000000e+00,2.202296269450790063e+07,2.451739566447772086e+04,2.202296269450790063e+07,0.000000000000000000e+00,0.000000000000000000e+00,1.402652567699923217e+08,-7.499684704123830219e+31,-7.608897220062789058e+30,3.973973877767763028e+31,7.685311454658134278e+21,7.431983194024043385e+27,0.000000000000000000e+00,4.565010833544685762e+38,2.942647364571623655e+36,1.000000000000000000e+04,7.571591949399305577e+01,8.574825955073870136e+04
8.800000000000000000e+01,5.627732992291493375e+00,2.071577553527266607e+21,4.603931958773652688e-01,7.333671521669098834e-13,0.000000000000000000e+00,2.210887791884368658e+07,2.451739566447772086e+04,2.210887791884368658e+07,0.000000000000000000e+00,0.000000000000000000e+00,1.408118462646930218e+08,-7.541410299924825759e+31,-7.479775628203970525e+30,3.954883646934438933e+31,7.606297996435739640e+21,7.224380610993807455e+27,0.000000000000000000e+00,4.508972798279803924e+38,2.858538137943449185e+36,1.000000000000000000e+04,7.576651828250759024e+01,8.608240571735613048e+04
8.900000000000000000e+01,5.623048874173370848e+00,2.072538457676622594e+21,1.482464593379519413e-01,7.302061661093537129e-13,0.000000000000000000e+00,2.219512793997903541e+07,2.451739566447772086e+04,2.219512793997903541e+07,0.000000000000000000e+00,0.000000000000000000e+00,1.413605657243087292e+08,-7.586966632611940128e+31,-7.348371984310119065e+30,3.941491151881885785e+31,7.536242234257299210e+21,7.026667610644335338e+27,0.000000000000000000e+00,4.454212994454823875e+38,2.777577507908565566e+36,1.000000000000000000e+04,7.584097828219441340e+01,8.641785399390848761e+04
8.947267912115381705e+01,5.619904126856782867e+00,2.072649078566777782e+21,6.544185699389938887e-16,7.293212416533499637e-13,0.000000000000000000e+00,2.223601342505376041e+07,2.451739566447772086e+04,2.223601342505376041e+07,0.000000000000000000e+00,0.000000000000000000e+00,1.416206776753669381e+08,-7.609857626825860831e+31,-7.285486404709672571e+30,3.937134777931117237e+31,7.506194347116384485e+21,6.936542075656960596e+27,0.000000000000000000e+00,4.428768920667830790e+38,2.740377937428430350e+36,1.000000000000000000e+04,7.588453294997134435e+01,8.657686804774623306e+04
9.000000000000000000e+01,5.615689713318927190e+00,2.072511124717122355e+21,-1.658867811160723293e-01,7.287946619447720109e-13,0.000000000000000000e+00,2.228171406255928800e+07,2.451739566447772086e+04,2.228171406255928800e+07,0.000000000000000000e+00,0.000000000000000000e+00,1.419114234489450753e+08,-7.636439230018186931e+31,-7.214757020519501684e+30,3.933768404682791422e+31,7.474869854071098966e+21,6.838188300411506374e+27,0.000000000000000000e+00,4.400655463469412157e+38,2.699566694429803891e+36,1.000000000000000000e+04,7.593949366308254412e+01,8.675460945449346036e+04
9.100000000000000000e+01,5.605649630181251730e+00,2.071489535617559167e+21,-4.818496361137898920e-01,7.291331862115759921e-13,0.000000000000000000e+00,2.236863759631376714e+07,2.451739566447772086e+04,2.236863759631376714e+07,0.000000000000000000e+00,0.000000000000000000e+00,1.424644277710517645e+08,-7.689923472527616258e+31,-7.078997425050040856e+30,3.931716697876628247e+31,7.422096477702333661e+21,6.658674454923740657e+27,0.000000000000000000e+00,4.348316409325204375e+38,2.624454284862731420e+36,1.000000000000000000e+04,7.606230344255388331e+01,8.709267719298155862e+04
9.200000000000000000e+01,5.592924104842001753e+00,2.069468153178326827e+21,-7.994933764771665619e-01,7.312365583142049378e-13,0.000000000000000000e+00,2.245589985607556999e+07,2.451739566447772086e+04,2.245589985607556999e+07,0.000000000000000000e+00,0.000000000000000000e+00,1.430195870555486679e+08,-7.747525210476650989e+31,-6.941156598830378836e+30,3.935367139147438987e+31,7.377776226296863392e+21,6.487664298184927045e+27,0.000000000000000000e+00,4.297155803326177231e+38,2.552106870605148205e+36,1.000000000000000000e+04,7.620969360779639601e+01,8.743206232309331244e+04
9.300000000000000000e+01,5.577509905249542044e+00,2.066441898648994316e+21,-1.118675935513076647e+00,7.351343022452312981e-13,0.000000000000000000e+00,2.254350216180148721e+07,2.451739566447772086e+04,2.254350216180148721e+07,0.000000000000000000e+00,0.000000000000000000e+00,1.435769096999521852e+08,-7.809361435774209473e+31,-6.801295408475148361e+30,3.944781472222899569e+31,7.341696164626209702e+21,6.324503585372803165e+27,0.000000000000000000e+00,4.247075782094357834e+38,2.482310611222695827e+36,1.000000000000000000e+04,7.638199937254452720e+01,8.777276997847644088e+04
9.400000000000000000e+01,5.559405028677573135e+00,2.062406133055980569e+21,-1.439260417684683713e+00,7.408713047043895988e-13,0.000000000000000000e+00,2.263144583859194070e+07,2.451739566447772086e+04,2.263144583859194070e+07,0.000000000000000000e+00,0.000000000000000000e+00,1.441364041345025003e+08,-7.875561015296895448e+31,-6.659472954158343438e+30,3.960053206791229667e+31,7.313902266151376781e+21,6.169057240494982782e+27,0.000000000000000000e+00,4.198110122914574151e+38,2.415051332510360282e+36,1.000000000000000000e+04,7.657960759568054243e+01,8.811480531278367562e+04
9.500000000000000000e+01,5.538608656271399866e+00,2.057356643234622996e+21,-1.761113607700766970e+00,7.485087202805244274e-13,0.000000000000000000e+00,2.271973221671104804e+07,2.451739566447772086e+04,2.271973221671104804e+07,0.000000000000000000e+00,0.000000000000000000e+00,1.446980788222909570e+08,-7.946265493979742177e+31,-6.515747355866302431e+30,3.981309084700854291e+31,7.294324334700830654e+21,6.020887499300257094e+27,0.000000000000000000e+00,4.150205679003233399e+38,2.350191551382807063e+36,1.000000000000000000e+04,7.680295938833839386e+01,8.845817349975062825e+04
9.600000000000000000e+01,5.515121120639983054e+00,2.051289632593476846e+21,-2.084104457456815496e+00,7.581251505422666203e-13,0.000000000000000000e+00,2.280836263160673529e+07,2.451739566447772086e+04,2.280836263160673529e+07,0.000000000000000000e+00,0.000000000000000000e+00,1.452619422593880296e+08,-8.021629976131841196e+31,-6.370176570907658643e+30,4.008710915244650117e+31,7.282929389327211299e+21,5.879583414848434561e+27,0.000000000000000000e+00,4.103312125627070531e+38,2.287600730643495097e+36,1.000000000000000000e+04,7.705255293643907066e+01,8.880287973327397776e+04
9.700000000000000000e+01,5.488943886662108973e+00,2.044201716717049872e+21,-2.408102529644418510e+00,7.698181310505957309e-13,0.000000000000000000e+00,2.289733842393093929e+07,2.451739566447772086e+04,2.289733842393093929e+07,0.000000000000000000e+00,0.000000000000000000e+00,1.458280029749720693e+08,-8.101824094063756039e+31,-6.222819255177083089e+30,4.042457818575031241e+31,7.279721544955915665e+21,5.744770580790358665e+27,0.000000000000000000e+00,4.057381609553466308e+38,2.227159387993326914e+36,1.000000000000000000e+04,7.732894656511173537e+01,8.914892922749029822e+04
9.800000000000000000e+01,5.460079545839872317e+00,2.036089923975508394e+21,-2.732976377129115342e+00,7.837059688341061486e-13,0.000000000000000000e+00,2.298666093955987319e+07,2.451739566447772086e+04,2.298666093955987319e+07,0.000000000000000000e+00,0.000000000000000000e+00,1.463962695314580202e+08,-8.187033073846945123e+31,-6.073735680888605778e+30,4.082788923741743444e+31,7.284756639316553236e+21,5.616130462604350212e+27,0.000000000000000000e+00,4.012376364489221374e+38,2.168766782094993729e+36,1.000000000000000000e+04,7.763276207165225173e+01,8.949632721685459546e+04
9.900000000000000000e+01,5.428531824722599097e+00,2.026951701382344475e+21,-3.058591833125811732e+00,7.999299830405283559e-13,0.000000000000000000e+00,2.307633152961441502e+07,2.451739566447772086e+04,2.307633152961441502e+07,0.000000000000000000e+00,0.000000000000000000e+00,1.469667505246270895e+08,-8.277458908839093239e+31,-5.922988726179570844e+30,4.129986576526571728e+31,7.298296039260207186e+21,5.493647114702851926e+27,0.000000000000000000e+00,3.968351234438626076e+38,2.112435779165367419e+36,1.000000000000000000e+04,7.796468835384405338e+01,8.984507895621967327e+04
1.000000000000000000e+02,5.394305608126763296e+00,2.016784926018933096e+21,-3.384810189693660210e+00,8.186572137158768150e-13,0.000000000000000000e+00,2.316635155048052594e+07,2.451739566447772086e+04,2.316635155048052594e+07,0.000000000000000000e+00,0.000000000000000000e+00,1.475394545837568939e+08,-8.373321652519954589e+31,-5.770644951028495844e+30,4.184380122418219998e+31,7.320302078442557407e+21,5.376731454420296211e+27,0.000000000000000000e+00,3.925175983588948561e+38,2.057955378513359941e+36,1.000000000000000000e+04,7.832548536066869360e+01,9.019518972091568867e+04
1.010000000000000000e+02,5.357406978080799576e+00,2.005587922424096621e+21,-3.711486231300423544e+00,8.400836784889477502e-13,0.000000000000000000e+00,2.325672236382975802e+07,2.451739566447772086e+04,2.325672236382975802e+07,0.000000000000000000e+00,0.000000000000000000e+00,1.481143903717516959e+08,-8.474860843207035954e+31,-5.616775780498468238e+30,4.246350342024653698e+31,7.351045231507800064e+21,5.265289760538642064e+27,0.000000000000000000e+00,3.882867751510159822e+38,2.005303105030511275e+36,1.000000000000000000e+04,7.871598839269206849e+01,9.054666480682970723e+04
1.020000000000000000e+02,5.317843269736376222e+00,1.993359486467871080e+21,-4.038466087637249124e+00,8.644382749132979150e-13,0.000000000000000000e+00,2.334744533663986623e+07,2.451739566447772086e+04,2.334744533663986623e+07,0.000000000000000000e+00,0.000000000000000000e+00,1.486915665852736831e+08,-8.582337074183584798e+31,-5.461458818410784732e+30,4.316334630026712701e+31,7.390829642394220102e+21,5.159205254490170552e+27,0.000000000000000000e+00,3.841436709722617463e+38,1.954444343828615430e+36,1.000000000000000000e+04,7.913711277857460402e+01,9.089950953048607334e+04
1.030000000000000000e+02,5.275623145719855245e+00,1.980098916320900284e+21,-4.365584877025128208e+00,8.919874482818849410e-13,0.000000000000000000e+00,2.343852184121549502e+07,2.451739566447772086e+04,2.343852184121549502e+07,0.000000000000000000e+00,0.000000000000000000e+00,1.492709919548744261e+08,-8.696033723945884986e+31,-5.304779311114652463e+30,4.394833025242075497e+31,7.439851122325895250e+21,5.058121862623246643e+27,0.000000000000000000e+00,3.800812126835361208e+38,1.905251254356845236e+36,1.000000000000000000e+04,7.958985895386524589e+01,9.125372922912663489e+04
1.040000000000000000e+02,5.230756690738861181e+00,1.965806051265161200e+21,-4.692664084367391020e+00,9.230407717516864892e-13,0.000000000000000000e+00,2.352995325520889834e+07,2.451739566447772086e+04,2.352995325520889834e+07,0.000000000000000000e+00,0.000000000000000000e+00,1.498526752451269627e+08,-8.816258862354301265e+31,-5.146831797388474029e+30,4.482415218506747352e+31,7.498484708867704881e+21,4.961905137140021012e+27,0.000000000000000000e+00,3.760991816601526488e+38,1.857678214962757582e+36,1.000000000000000000e+04,8.007531796651100819e+01,9.160932926079157915e+04
1.050000000000000000e+02,5.183255528647351618e+00,1.950481319245322650e+21,-5.019508636338263941e+00,9.579576188987244166e-13,0.000000000000000000e+00,2.362174096164082736e+07,2.451739566447772086e+04,2.362174096164082736e+07,0.000000000000000000e+00,0.000000000000000000e+00,1.504366252547582984e+08,-8.943347349498100403e+31,-4.987721970715407009e+30,4.579728687528546208e+31,7.567035602463718638e+21,4.870251035464797556e+27,0.000000000000000000e+00,3.721911781279874409e+38,1.811614086123684364e+36,1.000000000000000000e+04,8.059467743061884448e+01,9.196631500440044329e+04
1.060000000000000000e+02,5.133132964591161418e+00,1.934125794226706317e+21,-5.345903599221097480e+00,9.971551499700084337e-13,0.000000000000000000e+00,2.371388634892141074e+07,2.451739566447772086e+04,2.371388634892141074e+07,0.000000000000000000e+00,0.000000000000000000e+00,1.510228508167826235e+08,-9.077663145026401032e+31,-4.827568802604356874e+30,4.687508134247423634e+31,7.646044609003663655e+21,4.783145421326255575e+27,0.000000000000000000e+00,3.683597248148566257e+38,1.767054301230718528e+36,1.000000000000000000e+04,8.114922794574707154e+01,9.232469185983350326e+04
1.070000000000000000e+02,5.080404155368018593e+00,1.916741264629661434e+21,-5.671610450268747883e+00,1.041117884050094523e-12,0.000000000000000000e+00,2.380639081087117270e+07,2.451739566447772086e+04,2.380639081087117270e+07,0.000000000000000000e+00,0.000000000000000000e+00,1.516113607986347973e+08,-9.219601846360465684e+31,-4.666506962191956534e+30,4.806586431047124506e+31,7.736012666642885509e+21,4.700391017994960867e+27,0.000000000000000000e+00,3.646021408990444287e+38,1.723923903182462709e+36,1.000000000000000000e+04,8.174036999222963118e+01,9.268446524801338091e+04
1.080000000000000000e+02,5.025086311675826423e+00,1.898330314326817636e+21,-5.996362829213302881e+00,1.090409192683416369e-12,0.000000000000000000e+00,2.389925574674212933e+07,2.451739566447772086e+04,2.389925574674212933e+07,0.000000000000000000e+00,0.000000000000000000e+00,1.522021641023046374e+08,-9.369593474564551418e+31,-4.504689594294392162e+30,4.937907318291060719e+31,7.837519401282906882e+21,4.621867876878641436e+27,0.000000000000000000e+00,3.609162507406846868e+38,1.682174944390376637e+36,1.000000000000000000e+04,8.236962130373626678e+01,9.304564061098717502e+04
1.090000000000000000e+02,4.967198936664571463e+00,1.878896417985063813e+21,-6.319861680145134386e+00,1.145685129168672573e-12,0.000000000000000000e+00,2.399248256123892590e+07,2.451739566447772086e+04,2.399248256123892590e+07,0.000000000000000000e+00,0.000000000000000000e+00,1.527952696644713581e+08,-9.528105526214288376e+31,-4.342291517782318625e+30,5.082540137390676012e+31,7.951083126425742475e+21,4.547235227490693196e+27,0.000000000000000000e+00,3.572937385618149009e+38,1.641677991197451886e+36,1.000000000000000000e+04,8.303862470369578830e+01,9.340822341200865048e+04
1.100000000000000000e+02,4.906764105930232489e+00,1.858444052825900843e+21,-6.641769682130257202e+00,1.207711105912693622e-12,0.000000000000000000e+00,2.408607266454010457e+07,2.451739566447772086e+04,2.408607266454010457e+07,0.000000000000000000e+00,0.000000000000000000e+00,1.533906864566389918e+08,-9.695646308469964947e+31,-4.179512914938490021e+30,5.241696932307013550e+31,8.077695148990829429e+21,4.476721548387424307e+27,0.000000000000000000e+00,3.537439946969052553e+38,1.602508508610014308e+36,1.000000000000000000e+04,8.374915637338693841e+01,9.377221913562095142e+04
1.110000000000000000e+02,4.843806795075119354e+00,1.836978829272569086e+21,-6.961704830014680212e+00,1.277382054529991746e-12,0.000000000000000000e+00,2.418002747231942788e+07,2.451739566447772086e+04,2.418002747231942788e+07,0.000000000000000000e+00,0.000000000000000000e+00,1.539884234852718711e+08,-9.872768571848131800e+31,-4.016583606390137891e+30,5.416752307945150187e+31,8.217979520485512184e+21,4.409911708771694332e+27,0.000000000000000000e+00,3.502556884141111688e+38,1.564507966108649011e+36,1.000000000000000000e+04,8.450313449179552094e+01,9.413763328773950343e+04
1.120000000000000000e+02,4.778355261990440361e+00,1.814507643368905114e+21,-7.279233023943891823e+00,1.355746856097101800e-12,0.000000000000000000e+00,2.427434840576730296e+07,2.451739566447772086e+04,2.427434840576730296e+07,0.000000000000000000e+00,0.000000000000000000e+00,1.545884897919310629e+08,-1.006007345073082477e+32,-3.853768010697558140e+30,5.609266497412002295e+31,8.373042677529294406e+21,4.346945520495646141e+27,0.000000000000000000e+00,3.468342377172965195e+38,1.527715511974374743e+36,1.000000000000000000e+04,8.530262815079265692e+01,9.450447139573542518e+04
1.130000000000000000e+02,4.710441492343286463e+00,1.791038854388235633e+21,-7.593859487265228303e+00,1.444038019303526043e-12,0.000000000000000000e+00,2.436903689161225781e+07,2.451739566447772086e+04,2.436903689161225781e+07,0.000000000000000000e+00,0.000000000000000000e+00,1.551908944534109235e+08,-1.025821471422806124e+32,-3.691370913762220202e+30,5.821012160888878464e+31,8.543867601940714095e+21,4.287625349031727117e+27,0.000000000000000000e+00,3.434747361075067156e+38,1.492048445472622005e+36,1.000000000000000000e+04,8.614986639808242330e+01,9.487273900851892540e+04
1.140000000000000000e+02,4.640101718202188863e+00,1.766582491637899592e+21,-7.905018805861223186e+00,1.543707821402683654e-12,0.000000000000000000e+00,2.446409436214254051e+07,2.451739566447772086e+04,2.446409436214254051e+07,0.000000000000000000e+00,0.000000000000000000e+00,1.557956465818765759e+08,-1.046790331887688881e+32,-3.529744192817039756e+30,6.054005516725807747e+31,8.731502429955626631e+21,4.231699027358561078e+27,0.000000000000000000e+00,3.401702460632011462e+38,1.457405597355715388e+36,1.000000000000000000e+04,8.704724719253233900e+01,9.524244169662342756e+04
1.150000000000000000e+02,4.567377021512213808e+00,1.741150495182731346e+21,-8.212063349206973228e+00,1.656472421331489017e-12,0.000000000000000000e+00,2.455952225522778183e+07,2.451739566447772086e+04,2.455952225522778183e+07,0.000000000000000000e+00,0.000000000000000000e+00,1.564027553250017166e+08,-1.068991223796814130e+32,-3.369294663679324650e+30,6.310542487666705145e+31,8.937448497034594091e+21,4.179320332847277138e+27,0.000000000000000000e+00,3.369262971420880898e+38,1.423825572945020784e+36,1.000000000000000000e+04,8.799734596437421885e+01,9.561358505228978174e+04
1.160000000000000000e+02,4.492314036163585378e+00,1.714756996034518057e+21,-8.514249787077035947e+00,1.784365818534082039e-12,0.000000000000000000e+00,2.465532201434073970e+07,2.451739566447772086e+04,2.465532201434073970e+07,0.000000000000000000e+00,0.000000000000000000e+00,1.570122298661068678e+08,-1.092508151815875135e+32,-3.210493252861173905e+30,6.593240627933994728e+31,9.163171810515309560e+21,4.130401209363956230e+27,0.000000000000000000e+00,3.337405469806479791e+38,1.391261190614773167e+36,1.000000000000000000e+04,8.900292335001647359e+01,9.598617468955078220e+04
1.170000000000000000e+02,4.414965764784033908e+00,1.687418642322467586e+21,-8.810723372511718665e+00,1.929805978241383095e-12,0.000000000000000000e+00,2.475149508857914060e+07,2.451739566447772086e+04,2.475149508857914060e+07,0.000000000000000000e+00,0.000000000000000000e+00,1.576240794242984056e+08,-1.117432347949949252e+32,-3.053885728260111604e+30,6.905087672369839341e+31,9.410312687186923749e+21,4.084855695023669176e+27,0.000000000000000000e+00,3.306107458372811456e+38,1.359665427578213048e+36,1.000000000000000000e+04,9.006693150738364295e+01,9.636021624431615055e+04
1.180000000000000000e+02,4.335392529133699213e+00,1.659154979077405802e+21,-9.100499612084393064e+00,2.095675987666980541e-12,0.000000000000000000e+00,2.484804293268758804e+07,2.451739566447772086e+04,2.484804293268758804e+07,0.000000000000000000e+00,0.000000000000000000e+00,1.582383132546079457e+08,-1.143862792630842156e+32,-2.900105259113789199e+30,7.249497604024195735e+31,9.680704768440627364e+21,4.042609291326151579e+27,0.000000000000000000e+00,3.275347366150772568e+38,1.328994746605134045e+36,1.000000000000000000e+04,9.119251820040439327e+01,9.673571537445779541e+04
1.190000000000000000e+02,4.253663076147383038e+00,1.629988890552683725e+21,-9.382442884792252968e+00,2.285423758667777155e-12,0.000000000000000000e+00,2.494496700707957894e+07,2.451739566447772086e+04,2.494496700707957894e+07,0.000000000000000000e+00,0.000000000000000000e+00,1.588549406481324732e+08,-1.171906716823471544e+32,-2.749887120249822959e+30,7.630375150144495714e+31,9.976346689858804122e+21,4.003551759457346517e+27,0.000000000000000000e+00,3.245088647034539941e+38,1.299193861121991203e+36,1.000000000000000000e+04,9.238302755382581211e+01,9.711267775989542133e+04
1.200000000000000000e+02,4.169855865258840666e+00,1.599947115472313123e+21,-9.655241518060593719e+00,2.503184554630310333e-12,0.000000000000000000e+00,2.504226877785957977e+07,2.451739566447772086e+04,2.504226877785957977e+07,0.000000000000000000e+00,0.000000000000000000e+00,1.594739709321745634e+08,-1.201680055650540583e+32,-2.604085897193545474e+30,8.052189554689997165e+31,1.029957855728534290e+22,3.967689527705699326e+27,0.000000000000000000e+00,3.215331260197232269e+38,1.270245666354156996e+36,1.000000000000000000e+04,9.364199600111928135e+01,9.749110910268225416e+04
1.210000000000000000e+02,4.084060566644379442e+00,1.569060847239546798e+21,-9.917378771705157803e+00,2.753931480684363160e-12,0.000000000000000000e+00,2.513994971684523299e+07,2.451739566447772086e+04,2.513994971684523299e+07,0.000000000000000000e+00,0.000000000000000000e+00,1.600954134703838825e+08,-1.233307811058703603e+32,-2.463695594489335424e+30,8.520058285626232732e+31,1.065313393612547110e+22,3.935135727504229820e+27,0.000000000000000000e+00,3.186113539588343600e+38,1.242165936884356850e+36,1.000000000000000000e+04,9.497314145251282014e+01,9.787101512709159579e+04
1.220000000000000000e+02,3.996379804392583779e+00,1.537366432941526483e+21,-1.016709913922600883e+01,3.043659994110411412e-12,0.000000000000000000e+00,2.523801130158958584e+07,2.451739566447772086e+04,2.523801130158958584e+07,0.000000000000000000e+00,0.000000000000000000e+00,1.607192776628985703e+08,-1.266924263330576732e+32,-2.329873086792305650e+30,9.039840936649633303e+31,1.103977520412917078e+22,3.905769952887474946e+27,0.000000000000000000e+00,3.157392644095809770e+38,1.214895420923181554e+36,1.000000000000000000e+04,9.638034306433675624e+01,9.825240157970318978e+04
1.230000000000000000e+02,3.906931183193431245e+00,1.504906186891921195e+21,-1.040236935531746099e+01,3.379613367318258706e-12,0.000000000000000000e+00,2.533645501540344954e+07,2.451739566447772086e+04,2.533645501540344954e+07,0.000000000000000000e+00,0.000000000000000000e+00,1.613455729464873970e+08,-1.302672947241858395e+32,-2.203965377544857604e+30,9.618242854086782632e+31,1.146256098206797529e+22,3.879483013207359006e+27,0.000000000000000000e+00,3.129128366733937866e+38,1.188380681018870556e+36,1.000000000000000000e+04,9.786760815579199857e+01,9.863527422949016909e+04
1.240000000000000000e+02,3.815849641672035997e+00,1.471729336360202404e+21,-1.062083352103915246e+01,3.770556672349467889e-12,0.000000000000000000e+00,2.543528234737785533e+07,2.451739566447772086e+04,2.543528234737785533e+07,0.000000000000000000e+00,0.000000000000000000e+00,1.619743087946926653e+08,-1.340706276422571023e+32,-2.087541129110590090e+30,1.026292677999598953e+32,1.192486975490884213e+22,3.856174351269215315e+27,0.000000000000000000e+00,3.101285166438587342e+38,1.162573773255353632e+36,1.000000000000000000e+04,9.943902174968746976e+01,9.901963886790641118e+04
1.250000000000000000e+02,3.723290179495213792e+00,1.437893118859933647e+21,-1.081976185862945172e+01,4.227106891041827813e-12,0.000000000000000000e+00,2.553449479240656272e+07,2.451739566447772086e+04,2.553449479240656272e+07,0.000000000000000000e+00,0.000000000000000000e+00,1.626054947179734409e+08,-1.381184656627188069e+32,-1.982426878185629132e+30,1.098262878858030761e+32,1.243080654470950945e+22,3.836043346437879659e+27,0.000000000000000000e+00,3.073930106355427390e+38,1.137519248551946934e+36,1.000000000000000000e+04,1.010986728608874046e+02,9.940550130897408235e+04
1.260000000000000000e+02,3.629431008052200980e+00,1.403464051597053526e+21,-1.099599283158929808e+01,4.762125554250025595e-12,0.000000000000000000e+00,2.563409385120866075e+07,2.451739566447772086e+04,2.563409385120866075e+07,0.000000000000000000e+00,0.000000000000000000e+00,1.632391402638493776e+08,-1.424274872398157767e+32,-1.890748220854062389e+30,1.178727162867808085e+32,1.298443073401891324e+22,3.818974512114484282e+27,0.000000000000000000e+00,3.047026867653864560e+38,1.113168336300278429e+36,1.000000000000000000e+04,1.028505499744392750e+02,9.979286738937156042e+04
1.270000000000000000e+02,3.534477174585261228e+00,1.368519393914712752e+21,-1.114586878618931109e+01,5.391176809038927515e-12,0.000000000000000000e+00,2.573408103035129979e+07,2.451739566447772086e+04,2.573408103035129979e+07,0.000000000000000000e+00,0.000000000000000000e+00,1.638752550170451999e+08,-1.470147459106852841e+32,-1.814975993178996912e+30,1.268806374726459101e+32,1.359002298116704777e+22,3.804797676120012860e+27,0.000000000000000000e+00,3.020523428995939857e+38,1.089462388964421941e+36,1.000000000000000000e+04,1.046983961145221542e+02,1.001817429685218231e+05
1.280000000000000000e+02,3.438664705147639999e+00,1.333148822035525796e+21,-1.126516599124127360e+01,6.133046271190304048e-12,0.000000000000000000e+00,2.583445784227245301e+07,2.451739566447772086e+04,2.583445784227245301e+07,0.000000000000000000e+00,0.000000000000000000e+00,1.645138485996356010e+08,-1.518972681031662962e+32,-1.757977015335477526e+30,1.369756505767913854e+32,1.425275056584499239e+22,3.793743166823721581e+27,0.000000000000000000e+00,2.994507361390270646e+38,1.066463625935930906e+36,1.000000000000000000e+04,1.066455115151873372e+02,1.005721339286808943e+05
1.290000000000000000e+02,3.342265299745358575e+00,1.297456330926975091e+21,-1.134902112499440641e+01,7.010301732143677085e-12,0.000000000000000000e+00,2.593522580530380085e+07,2.451739566447772086e+04,2.593522580530380085e+07,0.000000000000000000e+00,0.000000000000000000e+00,1.651549306711908579e+08,-1.570914624886196963e+32,-1.723068206236854334e+30,1.482969004724881861e+32,1.497703505714614999e+22,3.785391850544579201e+27,0.000000000000000000e+00,2.968862717643302917e+38,1.044056543387149015e+36,1.000000000000000000e+04,1.086944892549864932e+02,1.009640461750270333e+05
1.300000000000000000e+02,3.245591589164372959e+00,1.261562368987300626e+21,-1.139185807675789341e+01,8.049851707682810562e-12,0.000000000000000000e+00,2.603638644369371235e+07,2.451739566447772086e+04,2.603638644369371235e+07,0.000000000000000000e+00,0.000000000000000000e+00,1.657985109289229810e+08,-1.626122789409554078e+32,-1.714071675096092287e+30,1.609960407802962228e+32,1.576780759527805105e+22,3.779632819910631964e+27,0.000000000000000000e+00,2.943587019729106456e+38,1.022225930858338825e+36,1.000000000000000000e+04,1.108468665500431882e+02,1.013574856357499375e+05
1.310000000000000000e+02,3.149002921158885471e+00,1.225606195019073978e+21,-1.138732164903573896e+01,9.283416260004935599e-12,0.000000000000000000e+00,2.613794128763026744e+07,2.451739566447772086e+04,2.613794128763026744e+07,0.000000000000000000e+00,0.000000000000000000e+00,1.664445991078322530e+08,-1.684720414630594811e+32,-1.735366577762021227e+30,1.752344877183579053e+32,1.663024857362091894e+22,3.776575439066967912e+27,0.000000000000000000e+00,2.918758104458692637e+38,1.001027483764640086e+36,1.000000000000000000e+04,1.131026722105977598e+02,1.017524582621403970e+05
1.320000000000000000e+02,3.052911575682788037e+00,1.189748420339775832e+21,-1.132822867761097818e+01,1.074775925563515077e-11,0.000000000000000000e+00,2.623989187326445058e+07,2.451739566447772086e+04,2.623989187326445058e+07,0.000000000000000000e+00,0.000000000000000000e+00,1.670932049808546007e+08,-1.746788671156634595e+32,-1.791930863589354154e+30,1.911780676448330085e+32,1.756814341492438991e+22,3.775771954456293458e+27,0.000000000000000000e+00,2.894296176251794348e+38,9.803823194605000633e+35,1.000000000000000000e+04,1.154598499590263998e+02,1.021489700286803854e+05
1.330000000000000000e+02,2.957789204019193985e+00,1.154173657577848963e+21,-1.120655249048693136e+01,1.248443456283271619e-11,0.000000000000000000e+00,2.634223974273334071e+07,2.451739566447772086e+04,2.634223974273334071e+07,0.000000000000000000e+00,0.000000000000000000e+00,1.677443383590094447e+08,-1.812345763415757979e+32,-1.889362334464736929e+30,2.089878591786467878e+32,1.858453672373939654e+22,3.776887989655664988e+27,0.000000000000000000e+00,2.870187400106552090e+38,9.602650719636214949e+35,1.000000000000000000e+04,1.179135394036747329e+02,1.025470269331333984e+05
1.340000000000000000e+02,2.864173132705325919e+00,1.119093136725563408e+21,-1.101346370803023511e+01,1.453866596918919714e-11,0.000000000000000000e+00,2.644498644418347254e+07,2.451739566447772086e+04,2.644498644418347254e+07,0.000000000000000000e+00,0.000000000000000000e+00,1.683980090915480256e+08,-1.881320066638408010e+32,-2.033863518883555063e+30,2.288057251688790814e+32,1.968113687003116287e+22,3.779722821062304353e+27,0.000000000000000000e+00,2.846480559034700770e+38,9.407085448879608317e+35,1.000000000000000000e+04,1.204552038187257494e+02,1.029466349966351991e+05
1.350000000000000000e+02,2.772671957725092007e+00,1.084747063288013783e+21,-1.073945890651101642e+01,1.695681795411518686e-11,0.000000000000000000e+00,2.654813353179422766e+07,2.451739566447772086e+04,2.654813353179422766e+07,0.000000000000000000e+00,0.000000000000000000e+00,1.690542270661023557e+08,-1.953516735803499096e+32,-2.232168841798029852e+30,2.507328214807391139e+32,2.085606908955533823e+22,3.783487008734881627e+27,0.000000000000000000e+00,2.823087796381965076e+38,9.216267435784242364e+35,1.000000000000000000e+04,1.230716098532116547e+02,1.033478002637848258e+05
1.360000000000000000e+02,2.683969569892371343e+00,1.051406379564627001e+21,-1.037461769370268883e+01,1.978175351245676427e-11,0.000000000000000000e+00,2.665168256580137834e+07,2.451739566447772086e+04,2.665168256580137834e+07,0.000000000000000000e+00,0.000000000000000000e+00,1.697130022088349760e+08,-2.028577968386739578e+32,-2.491386014758812539e+30,2.747994541951531028e+32,2.210482854567407413e+22,3.787845420599778529e+27,0.000000000000000000e+00,2.800094716760747778e+38,9.030810698673091907e+35,1.000000000000000000e+04,1.257436931251921521e+02,1.037505288027361530e+05
1.370000000000000000e+02,2.598826403775482241e+00,1.019373449868816024e+21,-9.909035905457638904e+00,2.304529577993158613e-11,0.000000000000000000e+00,2.675563511252063885e+07,2.451739566447772086e+04,2.675563511252063885e+07,0.000000000000000000e+00,0.000000000000000000e+00,1.703743444845888019e+08,-2.105938485883948649e+32,-2.818718021058486100e+30,3.009253584399215126e+32,2.341618678285577958e+22,3.791641283437832678e+27,0.000000000000000000e+00,2.777388081122937275e+38,8.849717865230133423e+35,1.000000000000000000e+04,1.284453897318163627e+02,1.041548267052895098e+05
1.380000000000000000e+02,2.518076321970655673e+00,9.889810360875974656e+20,-9.333483540553032753e+00,2.675716553475289666e-11,0.000000000000000000e+00,2.685999274437140673e+07,2.451739566447772086e+04,2.685999274437140673e+07,0.000000000000000000e+00,0.000000000000000000e+00,1.710382638970381320e+08,-2.184780024272827617e+32,-3.221030460088795291e+30,3.288712412368508695e+32,2.477386913908581309e+22,3.794264793030925641e+27,0.000000000000000000e+00,2.755071883866882224e+38,8.673704394056289031e+35,1.000000000000000000e+04,1.311425795632459028e+02,1.045607000869839685e+05
1.390000000000000000e+02,2.442617210735425370e+00,9.605887914021794611e+20,-8.640323717316078955e+00,3.089039045588330945e-11,0.000000000000000000e+00,2.696475703990051150e+07,2.451739566447772086e+04,2.696475703990051150e+07,0.000000000000000000e+00,0.000000000000000000e+00,1.717047704888398647e+08,-2.263991753130338926e+32,-3.704236124374038436e+30,3.581857396604522247e+32,2.615180959417109787e+22,3.794305374596464232e+27,0.000000000000000000e+00,2.733061216177668808e+38,8.502010506497018345e+35,1.000000000000000000e+04,1.337923699086978502e+02,1.049681550871898362e+05
1.400000000000000000e+02,2.373393212454490531e+00,9.345764327796004618e+20,-7.824694542113580731e+00,3.536452988901167025e-11,0.000000000000000000e+00,2.706992958380611986e+07,2.451739566447772086e+04,2.706992958380611986e+07,0.000000000000000000e+00,0.000000000000000000e+00,1.723738743417853713e+08,-2.342147269360127876e+32,-4.272490706942423976e+30,3.881569831115794292e+32,2.751544263903191394e+22,3.790526222466737325e+27,0.000000000000000000e+00,2.711366095554914327e+38,8.334647900374040838e+35,1.000000000000000000e+04,1.363430329547286703e+02,1.053771978692014527e+05
1.410000000000000000e+02,2.311366762780861173e+00,9.113328398135668244e+20,-6.885891510636075630e+00,4.003021802308805796e-11,0.000000000000000000e+00,2.717551196696168929e+07,2.451739566447772086e+04,2.717551196696168929e+07,0.000000000000000000e+00,0.000000000000000000e+00,1.730455855769529939e+08,-2.417512159125455195e+32,-4.927236261826550941e+30,4.177840543505827041e+32,2.882049425632793723e+22,3.781457937150199383e+27,0.000000000000000000e+00,2.689966676676944235e+38,8.171354288839377146e+35,1.000000000000000000e+04,1.387349672685513724e+02,1.057878346203304245e+05
1.420000000000000000e+02,2.257479478268073159e+00,8.912406664589817938e+20,-5.828793702550156830e+00,4.466107016824501588e-11,0.000000000000000000e+00,2.728150578644002602e+07,2.451739566447772086e+04,2.728150578644002602e+07,0.000000000000000000e+00,0.000000000000000000e+00,1.737199143548611999e+08,-2.488097241977814483e+32,-5.666193402165388605e+30,4.457886212161219310e+32,3.001570311849616028e+22,3.765978323803579819e+27,0.000000000000000000e+00,2.668943481765160532e+38,8.012687037556609613e+35,1.000000000000000000e+04,1.409030320510404408e+02,1.062000715519992809e+05
1.430000000000000000e+02,2.212602634091781262e+00,8.746567176685383844e+20,-4.665069078057145546e+00,4.896062619172958105e-11,0.000000000000000000e+00,2.738791264553746954e+07,2.451739566447772086e+04,2.738791264553746954e+07,0.000000000000000000e+00,0.000000000000000000e+00,1.743968708756222427e+08,-2.551769015383764650e+32,-6.482478948758681694e+30,4.706868874280665016e+32,3.104257738204687158e+22,3.742237444193655622e+27,0.000000000000000000e+00,2.648154655992029662e+38,7.857480331130524298e+35,1.000000000000000000e+04,1.427804479980208896e+02,1.066139148998353630e+05
1.440000000000000000e+02,2.177480435001348358e+00,8.618893208834099118e+20,-3.413812765004400340e+00,5.259066894150438609e-11,0.000000000000000000e+00,2.749473415379812196e+07,2.451739566447772086e+04,2.749473415379812196e+07,0.000000000000000000e+00,0.000000000000000000e+00,1.750764653790964782e+08,-2.606418451334655494e+32,-7.364086177511896350e+30,4.909322454054991530e+32,3.184532723977880496e+22,3.709300638263770152e+27,0.000000000000000000e+00,2.627655647409027878e+38,7.706087790433415410e+35,1.000000000000000000e+04,1.443041379812156038e+02,1.070293709237652511e+05
1.450000000000000000e+02,2.152672069181599923e+00,8.531750396899388293e+20,-2.101275379621617034e+00,5.522128915937284206e-11,0.000000000000000000e+00,2.760197192703820020e+07,2.451739566447772086e+04,2.760197192703820020e+07,0.000000000000000000e+00,0.000000000000000000e+00,1.757587081450471580e+08,-2.650172476328420066e+32,-8.293970015013787805e+30,5.051178172661783069e+32,3.237530612620313441e+22,3.666473629696780386e+27,0.000000000000000000e+00,2.607470091644335473e+38,7.558617163376100165e+35,1.000000000000000000e+04,1.454209305592114276e+02,1.074464459081092500e+05
1.460000000000000000e+02,2.138500752866157928e+00,8.486579817250176369e+20,-7.594750595403534366e-01,5.659327187031153172e-11,0.000000000000000000e+00,2.770962758737047389e+07,2.451739566447772086e+04,2.770962758737047389e+07,0.000000000000000000e+00,0.000000000000000000e+00,1.764436094932960272e+08,-2.681613689790346541e+32,-9.250894065701244699e+30,5.122005815343373175e+32,3.259786556145697135e+22,3.613354810112813987e+27,0.000000000000000000e+00,2.587576311185755737e+38,7.414811376244536982e+35,1.000000000000000000e+04,1.460936044334674477e+02,1.078651461616766755e+05
1.470000000000000000e+02,2.135018535290020836e+00,8.483752099080550482e+20,5.762452228891274952e-01,5.657434062603752258e-11,0.000000000000000000e+00,2.781770276322881877e+07,2.451739566447772086e+04,2.781770276322881877e+07,0.000000000000000000e+00,0.000000000000000000e+00,1.771311797838794589e+08,-2.699961506123568741e+32,-1.021101820642682887e+31,5.116880850385413435e+32,3.249836788442523396e+22,3.550074219700052314e+27,0.000000000000000000e+00,2.567943843647417188e+38,7.274404118135708499e+35,1.000000000000000000e+04,1.463055198917195696e+02,1.082854780178611545e+05
1.480000000000000000e+02,2.141993787877716660e+00,8.522510680107871109e+20,1.870336671476704904e+00,5.518901435621413640e-11,0.000000000000000000e+00,2.792619908939281851e+07,2.451739566447772086e+04,2.792619908939281851e+07,0.000000000000000000e+00,0.000000000000000000e+00,1.778214294172050357e+08,-2.705170295290405270e+32,-1.114998748560824064e+31,5.037297608910300939e+32,3.208548239755296165e+22,3.477484890483065861e+27,0.000000000000000000e+00,2.548596850155093952e+38,7.137506305258492178e+35,1.000000000000000000e+04,1.460627421383445039e+02,1.087074478347364784e+05
1.490000000000000000e+02,2.158924205395449381e+00,8.601016285718094807e+20,3.090231808610170106e+00,5.261052272964958569e-11,0.000000000000000000e+00,2.803511820701252669e+07,2.451739566447772086e+04,2.803511820701252669e+07,0.000000000000000000e+00,0.000000000000000000e+00,1.785143688342089355e+08,-2.697919644031178270e+32,-1.204511727943902166e+31,4.890823844697217417e+32,3.138867032377329608e+22,3.396790414629939961e+27,0.000000000000000000e+00,2.529527153638837318e+38,7.003990865198023399e+35,1.000000000000000000e+04,1.453931290477143818e+02,1.091310619951527187e+05
1.500000000000000000e+02,2.185073062430789470e+00,8.716484550714465976e+20,4.208963304046347886e+00,4.911856752732075232e-11,0.000000000000000000e+00,2.814446176363326982e+07,2.451739566447772086e+04,2.814446176363326982e+07,0.000000000000000000e+00,0.000000000000000000e+00,1.792100085165139139e+08,-2.679501633050253900e+32,-1.287723731984144869e+31,4.689626835267235020e+32,3.045331693169842690e+22,3.309420550808681298e+27,0.000000000000000000e+00,2.510693191676911087e+38,6.873501584316099769e+35,1.000000000000000000e+04,1.443426337089241258e+02,1.095563269068328373e+05
1.510000000000000000e+02,2.219522081176104500e+00,8.865391089735265157e+20,5.206770522950793456e+00,4.503955209766933812e-11,0.000000000000000000e+00,2.825423141322056577e+07,2.451739566447772086e+04,2.825423141322056577e+07,0.000000000000000000e+00,0.000000000000000000e+00,1.799083589865877330e+08,-2.651637160470223221e+32,-1.363187692538194063e+31,4.448357930292059180e+32,2.933478907498747606e+22,3.217130565987029253e+27,0.000000000000000000e+00,2.492094504311988708e+38,6.745983073484257239e+35,1.000000000000000000e+04,1.429697450435551502e+02,1.099832490024695871e+05
1.520000000000000000e+02,2.261232034368747534e+00,9.043709124080157327e+20,6.071559830205209174e+00,4.068943612197434833e-11,0.000000000000000000e+00,2.836442881618516520e+07,2.451739566447772086e+04,2.836442881618516520e+07,0.000000000000000000e+00,0.000000000000000000e+00,1.806094308079023659e+08,-2.616266673440889637e+32,-1.429967968313921782e+31,4.182006528868337418e+32,2.809108774655983459e+22,3.121781331194161687e+27,0.000000000000000000e+00,2.473756200616629945e+38,6.621558876343421866e+35,1.000000000000000000e+04,1.413393003210790653e+02,1.104118347398227343e+05
1.530000000000000000e+02,2.309102439102646898e+00,9.247145335933639066e+20,6.798378928692332401e+00,3.633349920894883020e-11,0.000000000000000000e+00,2.847505563940814510e+07,2.451739566447772086e+04,2.847505563940814510e+07,0.000000000000000000e+00,0.000000000000000000e+00,1.813132345850939751e+08,-2.575357382363911855e+32,-1.487613813072758789e+31,3.904203593057515972e+32,2.677627362110414101e+22,3.025011746561658638e+27,0.000000000000000000e+00,2.455670564969893364e+38,6.500118372686533696e+35,1.000000000000000000e+04,1.395167987695855061e+02,1.108420906018169771e+05
1.540000000000000000e+02,2.362023838254764030e+00,9.471347848388584407e+20,7.388237648132639279e+00,3.216753297656953528e-11,0.000000000000000000e+00,2.858611355626612902e+07,2.451739566447772086e+04,2.858611355626612902e+07,0.000000000000000000e+00,0.000000000000000000e+00,1.820197809641229808e+08,-2.530754331166635198e+32,-1.536086283295136936e+31,3.626195317937056474e+32,2.543700036905953814e+22,2.928266887004143012e+27,0.000000000000000000e+00,2.437830504855521371e+38,6.381557667611806866e+35,1.000000000000000000e+04,1.375639574943321861e+02,1.112740230966397066e+05
1.550000000000000000e+02,2.418919045787526034e+00,9.712071520297509192e+20,7.846638896366683547e+00,2.831707419405398970e-11,0.000000000000000000e+00,2.869760424665660039e+07,2.451739566447772086e+04,2.869760424665660039e+07,0.000000000000000000e+00,0.000000000000000000e+00,1.827290806324353516e+08,-2.484085191872892644e+32,-1.575662924910657426e+31,3.356463946485405811e+32,2.411066636552740484e+22,2.832750540072550260e+27,0.000000000000000000e+00,2.420228864492479511e+38,6.265778495560253460e+35,1.000000000000000000e+04,1.355357914281396745e+02,1.117076387578396534e+05
1.560000000000000000e+02,2.478772399571310903e+00,9.965296316171106386e+20,8.182113830806473587e+00,2.484778630230302448e-11,0.000000000000000000e+00,2.880952939702331647e+07,2.451739566447772086e+04,2.880952939702331647e+07,0.000000000000000000e+00,0.000000000000000000e+00,1.834411443191242516e+08,-2.436714891481390273e+32,-1.606840435406407985e+31,3.100830314438624404e+32,2.282521506832392913e+22,2.739412663760375331e+27,0.000000000000000000e+00,2.402858734718902745e+38,6.152686598307274536e+35,1.000000000000000000e+04,1.334791302666048409e+02,1.121429441444257245e+05
1.570000000000000000e+02,2.540647957849671013e+00,1.022730208749546242e+21,8.404945747918391774e+00,2.178032807970453243e-11,0.000000000000000000e+00,2.892189070038181543e+07,2.451739566447772086e+04,2.892189070038181543e+07,0.000000000000000000e+00,0.000000000000000000e+00,1.841559827950921357e+08,-2.389738724318077920e+32,-1.630248364765443130e+31,2.862835865635324308e+32,2.159999872144977061e+22,2.648962461110396412e+27,0.000000000000000000e+00,2.385713430890821518e+38,6.042191422374801582e+35,1.000000000000000000e+04,1.314322754531152384e+02,1.125799458409660292e+05
1.580000000000000000e+02,2.603698595053530962e+00,1.049470724832322257e+21,8.526164348861289710e+00,1.910509692338007187e-11,0.000000000000000000e+00,2.903468985634502023e+07,2.451739566447772086e+04,2.903468985634502023e+07,0.000000000000000000e+00,0.000000000000000000e+00,1.848736068732138872e+08,-2.344000727298289766e+32,-1.646580003069374052e+31,2.644233274707249337e+32,2.044717976443858977e+22,2.561896237569257213e+27,0.000000000000000000e+00,2.368786481386639515e+38,5.934205769560842373e+35,1.000000000000000000e+04,1.294254361959338837e+02,1.130186504576876905e+05
1.590000000000000000e+02,2.667168261066147128e+00,1.076448015237990449e+21,8.556818360569332427e+00,1.679448263557374925e-11,0.000000000000000000e+00,2.914792857114895806e+07,2.451739566447772086e+04,2.914792857114895806e+07,0.000000000000000000e+00,0.000000000000000000e+00,1.855940274085002840e+08,-2.300125691343442523e+32,-1.656541521984673760e+31,2.445471559353971261e+32,1.937327787507150383e+22,2.478531679256705066e+27,0.000000000000000000e+00,2.352071630024327197e+38,5.828645199414621087e+35,1.000000000000000000e+04,1.274816151838955989e+02,1.134590646305766859e+05
1.600000000000000000e+02,2.730389525680438911e+00,1.103393149673948840e+21,8.507492841675796669e+00,1.481192719119227401e-11,0.000000000000000000e+00,2.926160855767855793e+07,2.451739566447772086e+04,2.926160855767855793e+07,0.000000000000000000e+00,0.000000000000000000e+00,1.863172552982622087e+08,-2.258556197037116050e+32,-1.660817473900163499e+31,2.266115280699003420e+32,1.838062169019171996e+22,2.399044314926181912e+27,0.000000000000000000e+00,2.335562820050811722e+38,5.725430804319225767e+35,1.000000000000000000e+04,1.256176900225700024e+02,1.139011950214783574e+05
1.610000000000000000e+02,2.792778167652832710e+00,1.130069469865034383e+21,8.388020856665923120e+00,1.311802105074002178e-11,0.000000000000000000e+00,2.937573153549356759e+07,2.451739566447772086e+04,2.937573153549356759e+07,0.000000000000000000e+00,0.000000000000000000e+00,1.870433014822754860e+08,-2.219589138910965454e+32,-1.660049486072004940e+31,2.105176298230190251e+32,1.746858760276132705e+22,2.323499135443885788e+27,0.000000000000000000e+00,2.319254192115314061e+38,5.624487053523621420e+35,1.000000000000000000e+04,1.238455187729897347e+02,1.143450483181980380e+05
1.620000000000000000e+02,2.853826146615580761e+00,1.156269955876018061e+21,8.207338196700922239e+00,1.167424696641345986e-11,0.000000000000000000e+00,2.949029923085455969e+07,2.451739566447772086e+04,2.949029923085455969e+07,0.000000000000000000e+00,0.000000000000000000e+00,1.877721769429463148e+08,-2.183408693263527360e+32,-1.654824808727644616e+31,1.961359588668724299e+32,1.663472269559689799e+22,2.251922939992368268e+27,0.000000000000000000e+00,2.303158429244882101e+38,5.525850143098848592e+35,1.000000000000000000e+04,1.221729681269103480e+02,1.147906312346023042e+05
1.630000000000000000e+02,2.913093906611245121e+00,1.181814299953843667e+21,7.973436646818564455e+00,1.044503568225296479e-11,0.000000000000000000e+00,2.960531337674905360e+07,2.451739566447772086e+04,2.960531337674905360e+07,0.000000000000000000e+00,0.000000000000000000e+00,1.885038927054775059e+08,-2.150114428008648020e+32,-1.645671761492521781e+31,1.833235561751995515e+32,1.587536815834010957e+22,2.184286781833075316e+27,0.000000000000000000e+00,2.287291682286334855e+38,5.429573493639682170e+35,1.000000000000000000e+04,1.206048143688877872e+02,1.152379505107205332e+05
1.640000000000000000e+02,2.970202640780320369e+00,1.206545941055217598e+21,7.693380771474591207e+00,9.398701673201470732e-12,0.000000000000000000e+00,2.972077571291771159e+07,2.451739566447772086e+04,2.972077571291771159e+07,0.000000000000000000e+00,0.000000000000000000e+00,1.892384598380351961e+08,-2.119744335706591115e+32,-1.633059716565010218e+31,1.719354599356688739e+32,1.518581596342567567e+22,2.120388182609618743e+27,0.000000000000000000e+00,2.271614477200539294e+38,5.335384462912079082e+35,1.000000000000000000e+04,1.191435012036105690e+02,1.156870129128468689e+05
1.650000000000000000e+02,3.024826905115900910e+00,1.230329217589773599e+21,7.373362463008885648e+00,8.507687707877426318e-12,0.000000000000000000e+00,2.983668798588067293e+07,2.451739566447772086e+04,2.983668798588067293e+07,0.000000000000000000e+00,0.000000000000000000e+00,1.899758894519161284e+08,-2.092293161680749692e+32,-1.617401859017701654e+31,1.618318799410174021e+32,1.456134686453880010e+22,2.060083224752021401e+27,0.000000000000000000e+00,2.256121607091436445e+38,5.243218268173870327e+35,1.000000000000000000e+04,1.177897585118222281e+02,1.161378252336424048e+05
1.660000000000000000e+02,3.076687797055402296e+00,1.253046727436105941e+21,7.018775324775127444e+00,7.748416258392967964e-12,0.000000000000000000e+00,2.995305194896396250e+07,2.451739566447772086e+04,2.995305194896396250e+07,0.000000000000000000e+00,0.000000000000000000e+00,1.907161927017159760e+08,-2.067726664127726784e+32,-1.599059482805492607e+31,1.528823468934024565e+32,1.399723600846013648e+22,2.003212354720119589e+27,0.000000000000000000e+00,2.240807866195260478e+38,5.153011844132699912e+35,1.000000000000000000e+04,1.165430963255607111e+02,1.165903942922381975e+05
1.670000000000000000e+02,3.125546798253017400e+00,1.274596937727648203e+21,6.634297018079581498e+00,7.100942102473017428e-12,0.000000000000000000e+00,3.006986936232602224e+07,2.451739566447772086e+04,3.006986936232602224e+07,0.000000000000000000e+00,0.000000000000000000e+00,1.914593807854979038e+08,-2.045992512991611313e+32,-1.578346987905571311e+31,1.449678096588299953e+32,1.348910172665908979e+22,1.949671983608210950e+27,0.000000000000000000e+00,2.225697303277676566e+38,5.064868738565794876e+35,1.000000000000000000e+04,1.154021923231818505e+02,1.170447269343382213e+05
1.680000000000000000e+02,3.171200306114865697e+00,1.294892056808948761e+21,6.223972118507552942e+00,6.548525755557753569e-12,0.000000000000000000e+00,3.018714199298430234e+07,2.451739566447772086e+04,3.018714199298430234e+07,0.000000000000000000e+00,0.000000000000000000e+00,1.922054649449619651e+08,-2.027028499523440865e+32,-1.555537044328987761e+31,1.379813969720078398e+32,1.303281523566198338e+22,1.899352051108789435e+27,0.000000000000000000e+00,2.210814138619146316e+38,4.978887477502909903e+35,1.000000000000000000e+04,1.143651915376938462e+02,1.175008300323229632e+05
1.690000000000000000e+02,3.213474833504529560e+00,1.313856162409595011e+21,5.791291109124562908e+00,6.077196944020333820e-12,0.000000000000000000e+00,3.030487161484204978e+07,2.451739566447772086e+04,3.030487161484204978e+07,0.000000000000000000e+00,0.000000000000000000e+00,1.929544564656152129e+08,-2.010768645975835959e+32,-1.530865600866475416e+31,1.318283509732070051e+32,1.262390074561719697e+22,1.851895360825729574e+27,0.000000000000000000e+00,2.196067157331417118e+38,4.894512720915654070e+35,1.000000000000000000e+04,1.134299354884258548e+02,1.179587104853534256e+05
1.700000000000000000e+02,3.252222830995700864e+00,1.331423569761234059e+21,5.339263198842230551e+00,5.675345000963795051e-12,0.000000000000000000e+00,3.042306000871507451e+07,2.451739566447772086e+04,3.042306000871507451e+07,0.000000000000000000e+00,0.000000000000000000e+00,1.937063666769423783e+08,-1.997147707937837946e+32,-1.504536560100146040e+31,1.264254805019225975e+32,1.225878568547759266e+22,1.807149595168258213e+27,0.000000000000000000e+00,2.181453105070392564e+38,4.811705475729438085e+35,1.000000000000000000e+04,1.125941356639387010e+02,1.184183752194754197e+05
1.710000000000000000e+02,3.287319074225985016e+00,1.347537418355531317e+21,4.870481988004868867e+00,5.333353287680957036e-12,0.000000000000000000e+00,3.054170896235874295e+07,2.451739566447772086e+04,3.054170896235874295e+07,0.000000000000000000e+00,0.000000000000000000e+00,1.944612069525772333e+08,-1.986104467877664012e+32,-1.476726035638500738e+31,1.217003658623330985e+32,1.193479330692539718e+22,1.765167814334681815e+27,0.000000000000000000e+00,2.167065651989603174e+38,4.730960746341845901e+35,1.000000000000000000e+04,1.118555038215158675e+02,1.188798311877243978e+05
1.720000000000000000e+02,3.318657555369004530e+00,1.362148454356583711e+21,4.387183823150154538e+00,5.043283238542076466e-12,0.000000000000000000e+00,3.066082027049497515e+07,2.451739566447772086e+04,3.066082027049497515e+07,0.000000000000000000e+00,0.000000000000000000e+00,1.952189887104746401e+08,-1.977584135532695225e+32,-1.447586166725007083e+31,1.175904649010308327e+32,1.164885526746435158e+22,1.725732399815871986e+27,0.000000000000000000e+00,2.152866954314792295e+38,4.652036284679612463e+35,1.000000000000000000e+04,1.112118492486500259e+02,1.193430853702305758e+05
1.730000000000000000e+02,3.346148819167580779e+00,1.375213986018149532e+21,3.891299167534774117e+00,4.798607357211221208e-12,0.000000000000000000e+00,3.078039573483942822e+07,2.451739566447772086e+04,3.078039573483942822e+07,0.000000000000000000e+00,0.000000000000000000e+00,1.959797234130831957e+08,-1.971540101472024607e+32,-1.417248501374758537e+31,1.140422141351731541e+32,1.139827735070319103e+22,1.688643220874198332e+27,0.000000000000000000e+00,2.138820827995050089e+38,4.574708439667002962e+35,1.000000000000000000e+04,1.106611510979184061e+02,1.198081447743244935e+05
1.740000000000000000e+02,3.369717688181111725e+00,1.386696990944231686e+21,3.384497573566095152e+00,4.593987415731698140e-12,0.000000000000000000e+00,3.090043716412872449e+07,2.451739566447772086e+04,3.090043716412872449e+07,0.000000000000000000e+00,0.000000000000000000e+00,1.967434225675188005e+08,-1.967935234268717541e+32,-1.385826979414031635e+31,1.110101811990076141e+32,1.118081590798341636e+22,1.653743808670385494e+27,0.000000000000000000e+00,2.124911454591068388e+38,4.498844539615693583e+35,1.000000000000000000e+04,1.102016122001690093e+02,1.202750164346431120e+05
1.750000000000000000e+02,3.389301327456151647e+00,1.396565356092947169e+21,2.868226961124256125e+00,4.425092907516954276e-12,0.000000000000000000e+00,3.102094637414783239e+07,2.451739566447772086e+04,3.102094637414783239e+07,0.000000000000000000e+00,0.000000000000000000e+00,1.975100977257384956e+08,-1.966742867834440653e+32,-1.353420556937646915e+31,1.084563005258558161e+32,1.099487958326570700e+22,1.621028349937109654e+27,0.000000000000000000e+00,2.111187364641993716e+38,4.424697753874349572e+35,1.000000000000000000e+04,1.098316993719636088e+02,1.207437074132361158e+05
1.760000000000000000e+02,3.404847604905590686e+00,1.404791233725133226e+21,2.343747943134255163e+00,4.288454658302784430e-12,0.000000000000000000e+00,3.114192518775750697e+07,2.451739566447772086e+04,3.114192518775750697e+07,0.000000000000000000e+00,0.000000000000000000e+00,1.982797604847154021e+08,-1.967947591696712544e+32,-1.320115518029548764e+31,1.063492088820240108e+32,1.083867992823537703e+22,1.590310647271581238e+27,0.000000000000000000e+00,2.097603134814700061e+38,4.352007121242351879e+35,1.000000000000000000e+04,1.095501741258682671e+02,1.212142247996728111e+05
1.770000000000000000e+02,3.416313709741513271e+00,1.411350498821828772e+21,1.812163926663226121e+00,4.181348910266881269e-12,0.000000000000000000e+00,3.126337543492188305e+07,2.451739566447772086e+04,3.126337543492188305e+07,0.000000000000000000e+00,0.000000000000000000e+00,1.990524224866139293e+08,-1.971545931497068616e+32,-1.285987520180676996e+31,1.046636882266929016e+32,1.071132886138490769e+22,1.561633739518676080e+27,0.000000000000000000e+00,2.084232000888423217e+38,4.281114133003283548e+35,1.000000000000000000e+04,1.093561168241053707e+02,1.216865757111493003e+05
1.780000000000000000e+02,3.423664997122485953e+00,1.416222295744670073e+21,1.274447681546823752e+00,4.101707876447502542e-12,0.000000000000000000e+00,3.138529895273615047e+07,2.451739566447772086e+04,3.138529895273615047e+07,0.000000000000000000e+00,0.000000000000000000e+00,1.998280954189660549e+08,-1.977546988072362987e+32,-1.251103418635865243e+31,1.033802183748131315e+32,1.061116992874409781e+22,1.534672209096406834e+27,0.000000000000000000e+00,2.070945468718083790e+38,4.211328053259257220e+35,1.000000000000000000e+04,1.092489466436202434e+02,1.221607672925961524e+05
1.790000000000000000e+02,3.426874032591145980e+00,1.419388664024396464e+21,7.314650252388701368e-01,4.048053558981926880e-12,0.000000000000000000e+00,3.150769758545434475e+07,2.451739566447772086e+04,3.150769758545434475e+07,0.000000000000000000e+00,0.000000000000000000e+00,2.006067910148480535e+08,-1.985973089780481740e+32,-1.215522913086078190e+31,1.024846397326939575e+32,1.053804356873735897e+22,1.509567520552119068e+27,0.000000000000000000e+00,2.057855117738416881e+38,4.143215455544570635e+35,1.000000000000000000e+04,1.092284392059940927e+02,1.226368067167865665e+05
1.800000000000000000e+02,3.425919814913943373e+00,1.420834235142006637e+21,1.839962270852163184e-01,4.019452459192319211e-12,0.000000000000000000e+00,3.163057318451723829e+07,2.451739566447772086e+04,3.163057318451723829e+07,0.000000000000000000e+00,0.000000000000000000e+00,2.013885210530579388e+08,-1.996860503094287474e+32,-1.179300058047708174e+31,1.019679260590926856e+32,1.049124697714382707e+22,1.486165356741436451e+27,0.000000000000000000e+00,2.044916996139208496e+38,4.076510467912045552e+35,1.000000000000000000e+04,1.092947433347729316e+02,1.231147011844447261e+05
1.810000000000000000e+02,3.420787160581788111e+00,1.420545994008592384e+21,-3.672443003533169548e-01,4.015489654099387651e-12,0.000000000000000000e+00,3.175392760858033970e+07,2.451739566447772086e+04,3.175392760858033970e+07,0.000000000000000000e+00,0.000000000000000000e+00,2.021732973582938015e+08,-2.010260240051977037e+32,-1.142484676870731364e+31,1.018260682164807523e+32,1.047022154143921865e+22,1.464289684843795373e+27,0.000000000000000000e+00,2.032066102333094088e+38,4.010867325862756646e+35,1.000000000000000000e+04,1.094483981089899061e+02,1.235944579243548942e+05
1.820000000000000000e+02,3.411466237601629370e+00,1.418513100598778003e+21,-9.215894800146826604e-01,4.036261577471747451e-12,0.000000000000000000e+00,3.187776272354203090e+07,2.451739566447772086e+04,3.187776272354203090e+07,0.000000000000000000e+00,0.000000000000000000e+00,2.029611318013322949e+08,-2.026238997202962563e+32,-1.105123718694388813e+31,1.020600718809347252e+32,1.047581290116542156e+22,1.444183377804409975e+27,0.000000000000000000e+00,2.019460742080399345e+38,3.947068088044650903e+35,1.000000000000000000e+04,1.096903511611854753e+02,1.240760841934705095e+05
1.830000000000000000e+02,3.397952240388268041e+00,1.414726768882470093e+21,-1.478401690807237712e+00,4.082387751084326194e-12,0.000000000000000000e+00,3.200208040257177874e+07,2.451739566447772086e+04,3.200208040257177874e+07,0.000000000000000000e+00,0.000000000000000000e+00,2.037520362992086411e+08,-2.044880258693588877e+32,-1.067262597792271201e+31,1.026760750104876587e+32,1.050716765516458885e+22,1.425395629849699056e+27,0.000000000000000000e+00,2.006880017591739381e+38,3.883977214101081363e+35,1.000000000000000000e+04,1.100219790022635920e+02,1.245595872770242422e+05
1.840000000000000000e+02,3.380245201659957566e+00,1.409180201873959027e+21,-2.037054990306988334e+00,4.155042708196515300e-12,0.000000000000000000e+00,3.212688252613845095e+07,2.451739566447772086e+04,3.212688252613845095e+07,0.000000000000000000e+00,0.000000000000000000e+00,2.045460228153966367e+08,-2.066285595669394842e+32,-1.028946556893954156e+31,1.036855944903940242e+32,1.056596367576502842e+22,1.408282576807460838e+27,0.000000000000000000e+00,1.994538456885967287e+38,3.822645431323929033e+35,1.000000000000000000e+04,1.104451100277592133e+02,1.250449744886380067e+05
1.850000000000000000e+02,3.358349941422540397e+00,1.401868583347785302e+21,-2.596916883237802676e+00,4.256010498582708459e-12,0.000000000000000000e+00,3.225217098203879222e+07,2.451739566447772086e+04,3.225217098203879222e+07,0.000000000000000000e+00,0.000000000000000000e+00,2.053431033599895835e+08,-2.090576194836913253e+32,-9.902220987164104052e+30,1.051059158327577877e+32,1.065216746443443588e+22,1.392512614438301635e+27,0.000000000000000000e+00,1.982268425529199996e+38,3.762230209692364785e+35,1.000000000000000000e+04,1.109620507546242294e+02,1.255322531704335852e+05
1.860000000000000000e+02,3.332276157495289493e+00,1.392789128599697883e+21,-3.157329025214616003e+00,4.387765546681186440e-12,0.000000000000000000e+00,3.237794766542597115e+07,2.451739566447772086e+04,3.237794766542597115e+07,0.000000000000000000e+00,0.000000000000000000e+00,2.061432899898822606e+08,-2.117894650502324213e+32,-9.511385356056650728e+30,1.069606452512715076e+32,1.076750523043781437e+22,1.378251390693738722e+27,0.000000000000000000e+00,1.970177442605744034e+38,3.703222871914980886e+35,1.000000000000000000e+04,1.115756157404399147e+02,1.260214306931438769e+05
1.870000000000000000e+02,3.302038666835351854e+00,1.381941198663435682e+21,-3.717586182338736833e+00,4.553585362605653275e-12,0.000000000000000000e+00,3.250421447883822396e+07,2.451739566447772086e+04,3.250421447883822396e+07,0.000000000000000000e+00,0.000000000000000000e+00,2.069465948089528382e+08,-2.148407056241989517e+32,-9.117497142119015160e+30,1.092804500671496360e+32,1.091313774174827604e+22,1.365379547850861631e+27,0.000000000000000000e+00,1.958203977886197506e+38,3.645325026713488761e+35,1.000000000000000000e+04,1.122891615297684638e+02,1.265125144562241185e+05
1.880000000000000000e+02,3.267657812309363141e+00,1.369326484696478253e+21,-4.276912659178299769e+00,4.757702829763423185e-12,0.000000000000000000e+00,3.263097333222765103e+07,2.451739566447772086e+04,3.263097333222765103e+07,0.000000000000000000e+00,0.000000000000000000e+00,2.077530299682463109e+08,-2.182305434069986180e+32,-8.721159824975015466e+30,1.121040215196017028e+32,1.109093940673532605e+22,1.353884587620212392e+27,0.000000000000000000e+00,1.946351018680178395e+38,3.588511185441933156e+35,1.000000000000000000e+04,1.131066248358354471e+02,1.270055118879639776e+05
1.890000000000000000e+02,3.229160055841287846e+00,1.354949271949860405e+21,-4.834435263724452980e+00,5.005508714548627300e-12,0.000000000000000000e+00,3.275822614298912883e+07,2.451739566447772086e+04,3.275822614298912883e+07,0.000000000000000000e+00,0.000000000000000000e+00,2.085626076661582887e+08,-2.219810539765100496e+32,-8.323064799700590702e+30,1.154793039990595239e+32,1.130342994992610830e+22,1.343849428133793579e+27,0.000000000000000000e+00,1.934660647800316109e+38,3.532990101043145338e+35,1.000000000000000000e+04,1.140325649718553791e+02,1.275004304455999663e+05
1.900000000000000000e+02,3.186578786323438273e+00,1.338816795964949135e+21,-5.389151686712040146e+00,5.303818937887770906e-12,0.000000000000000000e+00,3.288597483598926291e+07,2.451739566447772086e+04,3.288597483598926291e+07,0.000000000000000000e+00,0.000000000000000000e+00,2.093753401486192346e+08,-2.261175081770401483e+32,-7.924018498772028492e+30,1.194650468966393050e+32,1.155277899291568583e+22,1.335091385491394873e+27,0.000000000000000000e+00,1.923033790639103835e+38,3.478253587144330920e+35,1.000000000000000000e+04,1.150722102581654838e+02,1.279972776154280291e+05
1.910000000000000000e+02,3.139955379701353078e+00,1.320939707563733942e+21,-5.939892918849650094e+00,5.661226388821751048e-12,0.000000000000000000e+00,3.301422134359554201e+07,2.451739566447772086e+04,3.301422134359554201e+07,0.000000000000000000e+00,0.000000000000000000e+00,2.101912397092800736e+08,-2.306687386003685413e+32,-7.524974955993737291e+30,1.241327500847664635e+32,1.184312563905256751e+22,1.327885144030537981e+27,0.000000000000000000e+00,1.911613754719170769e+38,3.424974511322774668e+35,1.000000000000000000e+04,1.162315076957611950e+02,1.284960609129170334e+05
1.920000000000000000e+02,3.089340559714066625e+00,1.301332668030198219e+21,-6.485278009914918762e+00,6.088564152136070371e-12,0.000000000000000000e+00,3.314296760570557415e+07,2.451739566447772086e+04,3.314296760570557415e+07,0.000000000000000000e+00,0.000000000000000000e+00,2.110103186896978915e+08,-2.356675527243850133e+32,-7.127075330914467680e+30,1.295690918621267350e+32,1.217714716925702963e+22,1.321886440831558119e+27,0.000000000000000000e+00,1.900201772885610086e+38,3.372201440805252739e+35,1.000000000000000000e+04,1.175171745372166470e+02,1.289967878828222892e+05
1.930000000000000000e+02,3.034796121435211269e+00,1.280015101860483170e+21,-7.023659056113297439e+00,6.599516641123451963e-12,0.000000000000000000e+00,3.327221556977638230e+07,2.451739566447772086e+04,3.327221556977638230e+07,0.000000000000000000e+00,0.000000000000000000e+00,2.118325894795225859e+08,-2.411511925202120063e+32,-6.731696298065820900e+30,1.358789491373343076e+32,1.256098740083992455e+22,1.317555632000529156e+27,0.000000000000000000e+00,1.889039997415749742e+38,3.321036126235123826e+35,1.000000000000000000e+04,1.189367493924145407e+02,1.294994660992996505e+05
1.940000000000000000e+02,2.976397096749425764e+00,1.257012141912535597e+21,-7.553053791241008064e+00,7.211428155106834420e-12,0.000000000000000000e+00,3.340196719085391611e+07,2.451739566447772086e+04,3.340196719085391611e+07,0.000000000000000000e+00,0.000000000000000000e+00,2.126580645166846216e+08,-2.471618363238279965e+32,-6.340509680334884591e+30,1.431891432577692701e+32,1.299864784174462481e+22,1.314524781305484403e+27,0.000000000000000000e+00,1.877906665508838888e+38,3.270448683089071937e+35,1.000000000000000000e+04,1.204986390177064948e+02,1.300041031660202862e+05
1.950000000000000000e+02,2.914234461957617484e+00,1.232355811045385699e+21,-8.071062511908285941e+00,7.946375926030889977e-12,0.000000000000000000e+00,3.353222443160260469e+07,2.451739566447772086e+04,3.353222443160260469e+07,0.000000000000000000e+00,0.000000000000000000e+00,2.134867562875827253e+08,-2.537471319664537247e+32,-5.955556306955639683e+30,1.516530696344175363e+32,1.349728117016855419e+22,1.313041406856151347e+27,0.000000000000000000e+00,1.866917429665480656e+38,3.220955490967502902e+35,1.000000000000000000e+04,1.222121547227413032e+02,1.305107067162854510e+05
1.960000000000000000e+02,2.848418513796140417e+00,1.206086495834566296e+21,-8.574765302720956939e+00,8.832598059739831016e-12,0.000000000000000000e+00,3.366298926233502477e+07,2.451739566447772086e+04,3.366298926233502477e+07,0.000000000000000000e+00,0.000000000000000000e+00,2.143186773272729814e+08,-2.609607389786927777e+32,-5.579337795902670800e+30,1.614563912995300852e+32,1.406443760502927104e+22,1.313154289667941088e+27,0.000000000000000000e+00,1.856075205221546791e+38,3.172548887327917148e+35,1.000000000000000000e+04,1.240875290543964553e+02,1.310192844131420279e+05
1.970000000000000000e+02,2.779083072090622775e+00,1.178254782055870890e+21,-9.060594636329071250e+00,9.906397159098455863e-12,0.000000000000000000e+00,3.379426366104172170e+07,2.451739566447772086e+04,3.379426366104172170e+07,0.000000000000000000e+00,0.000000000000000000e+00,2.151538402196585238e+08,-2.688628397154262919e+32,-5.214930808367698423e+30,1.728239876160524246e+32,1.470815870279839488e+22,1.314733203196119646e+27,0.000000000000000000e+00,1.845281951707267998e+38,3.124781310814352084e+35,1.000000000000000000e+04,1.261358986103443982e+02,1.315298439494986087e+05
1.980000000000000000e+02,2.706390705762047322e+00,1.148923738682092028e+21,-9.524177461773238207e+00,1.121467845260642222e-11,0.000000000000000000e+00,3.392604961342114955e+07,2.451739566447772086e+04,3.392604961342114955e+07,0.000000000000000000e+00,0.000000000000000000e+00,2.159922575976797640e+08,-2.775205508428475291e+32,-4.866129257325451997e+30,1.860283335191338012e+32,1.543975058525085342e+22,1.318080550926346818e+27,0.000000000000000000e+00,1.834671921868907879e+38,3.078234578191688278e+35,1.000000000000000000e+04,1.283692318329863156e+02,1.320423930482415890e+05
1.990000000000000000e+02,2.630539223962404360e+00,1.118171757174436004e+21,-9.960139998356746460e+00,1.281832553336001659e-11,0.000000000000000000e+00,3.405834911290965974e+07,2.451739566447772086e+04,3.405834911290965974e+07,0.000000000000000000e+00,0.000000000000000000e+00,2.168339421435054839e+08,-2.870081223724537667e+32,-4.537620862370896719e+30,2.013994118736813374e+32,1.627013154425290097e+22,1.323014785230070860e+27,0.000000000000000000e+00,1.824120661115024771e+38,3.032334383058545848e+35,1.000000000000000000e+04,1.308001705387143829e+02,1.325569394623522530e+05
2.000000000000000000e+02,2.551769724260131600e+00,1.086096075279627583e+21,-1.036186789486473359e+01,1.479666084556887723e-11,0.000000000000000000e+00,3.419116416071170568e+07,2.451739566447772086e+04,3.419116416071170568e+07,0.000000000000000000e+00,0.000000000000000000e+00,2.176789065887246132e+08,-2.974067434646941254e+32,-4.235205098144245775e+30,2.193360773197172469e+32,1.721354249595056764e+22,1.329703545566435721e+27,0.000000000000000000e+00,1.813685359197349850e+38,2.987334364746873722e+35,1.000000000000000000e+04,1.334417395792433751e+02,1.330734909750237421e+05
2.010000000000000000e+02,2.470376540527527087e+00,1.052817137479595196e+21,-1.072121478247724013e+01,1.725326393484847193e-11,0.000000000000000000e+00,3.432449676583006233e+07,2.451739566447772086e+04,3.432449676583006233e+07,0.000000000000000000e+00,0.000000000000000000e+00,2.185271637145389616e+08,-3.088036715767450027e+32,-3.966059479010357699e+30,2.403183986334448251e+32,1.828576555986637659e+22,1.338195471425504691e+27,0.000000000000000000e+00,1.803366477984225581e+38,2.943218797479514571e+35,1.000000000000000000e+04,1.363068590098297364e+02,1.335920553997790848e+05
2.020000000000000000e+02,2.386719474121175022e+00,1.018483963257516589e+21,-1.102815459746168081e+01,2.032338643928719264e-11,0.000000000000000000e+00,3.445834894509626925e+07,2.451739566447772086e+04,3.445834894509626925e+07,0.000000000000000000e+00,0.000000000000000000e+00,2.193787263519565165e+08,-3.212902498072024301e+32,-3.739059338160002300e+30,2.649197456430950835e+32,1.950443708767849257e+22,1.348494739319228686e+27,0.000000000000000000e+00,1.793149611412295637e+38,2.899903957740657773e+35,1.000000000000000000e+04,1.394075660407561372e+02,1.341126405805892718e+05
2.030000000000000000e+02,2.301238702167615280e+00,9.832807004487125565e+20,-1.127037930103528041e+01,2.418302008267903441e-11,0.000000000000000000e+00,3.459272272320109606e+07,2.451739566447772086e+04,3.459272272320109606e+07,0.000000000000000000e+00,0.000000000000000000e+00,2.202336073819853663e+08,-3.349581598267708017e+32,-3.565151097140822062e+30,2.938159923254033063e+32,2.088930035966838571e+22,1.360650637683473650e+27,0.000000000000000000e+00,1.783049552764397740e+38,2.857456296421897500e+35,1.000000000000000000e+04,1.427538190736928527e+02,1.346352543919917662e+05
2.040000000000000000e+02,2.214472696841015775e+00,9.474345170992478290e+20,-1.143285704086366827e+01,2.905916723402062195e-11,0.000000000000000000e+00,3.472762013272518665e+07,2.451739566447772086e+04,3.472762013272518665e+07,0.000000000000000000e+00,0.000000000000000000e+00,2.210918197358287871e+08,-3.498929605699145069e+32,-3.457767573466659151e+30,3.277867801919737079e+32,2.246076739892629891e+22,1.374572918392083932e+27,0.000000000000000000e+00,1.773034839496718844e+38,2.815727818022856404e+35,1.000000000000000000e+04,1.463517145610880164e+02,1.351599047392098873e+05
2.050000000000000000e+02,2.127079289721840460e+00,9.112249012002798961e+20,-1.149739160702391061e+01,3.523971266310432432e-11,0.000000000000000000e+00,3.486304321416979283e+07,2.451739566447772086e+04,3.486304321416979283e+07,0.000000000000000000e+00,0.000000000000000000e+00,2.219533763950806856e+08,-3.661635881014303645e+32,-3.433251430458222544e+30,3.676997894463381186e+32,2.423935762550815824e+22,1.390152336297422259e+27,0.000000000000000000e+00,1.763097524475354725e+38,2.774664932777665633e+35,1.000000000000000000e+04,1.502009056912824860e+02,1.356865995582721953e+05
2.060000000000000000e+02,2.039859559659870314e+00,8.749942428668235612e+20,-1.144226988189871719e+01,4.307897513587559327e-11,0.000000000000000000e+00,3.499899401598765701e+07,2.451739566447772086e+04,3.499899401598765701e+07,0.000000000000000000e+00,0.000000000000000000e+00,2.228182903919218779e+08,-3.838060892003136057e+32,-3.511212450952663338e+30,4.144628583837864214e+32,2.624429164610429177e+22,1.407371301486827442e+27,0.000000000000000000e+00,1.753311690673715343e+38,2.734568683781971596e+35,1.000000000000000000e+04,1.542909872016346355e+02,1.362153468161325145e+05
2.070000000000000000e+02,1.953783333089743612e+00,8.391591901286894141e+20,-1.124215924900776642e+01,5.299082228571647368e-11,0.000000000000000000e+00,3.513547459461397678e+07,2.451739566447772086e+04,3.513547459461397678e+07,0.000000000000000000e+00,0.000000000000000000e+00,2.236865748093176186e+08,-4.027995885058619382e+32,-3.714677147066824644e+30,4.689205147571081117e+32,2.848674074380235440e+22,1.425843902923399204e+27,0.000000000000000000e+00,1.743633406722175110e+38,2.695247818688115332e+35,1.000000000000000000e+04,1.585966401374474231e+02,1.367461545107906568e+05
2.080000000000000000e+02,1.870013522221368296e+00,8.042215917484470436e+20,-1.086852876551260216e+01,6.541462968405090176e-11,0.000000000000000000e+00,3.527248701449754089e+07,2.451739566447772086e+04,3.527248701449754089e+07,0.000000000000000000e+00,0.000000000000000000e+00,2.245582427812148929e+08,-4.230327174095106227e+32,-4.069788097722984263e+30,5.316627201414341892e+32,3.096401075797870877e+22,1.444900173673176359e+27,0.000000000000000000e+00,1.733972538181550517e+38,2.656320814595137397e+35,1.000000000000000000e+04,1.630714830264694513e+02,1.372790306714130857e+05
2.090000000000000000e+02,1.789924040176815723e+00,7.707767574597386895e+20,-1.029100956795167754e+01,8.073122963905936602e-11,0.000000000000000000e+00,3.541003334813193232e+07,2.451739566447772086e+04,3.541003334813193232e+07,0.000000000000000000e+00,0.000000000000000000e+00,2.254333074927416146e+08,-4.442601754408794225e+32,-4.604679917092901019e+30,6.027103532102612931e+32,3.365432409141820575e+22,1.464033202391274181e+27,0.000000000000000000e+00,1.724413817192213305e+38,2.618131714391273368e+35,1.000000000000000000e+04,1.676409593627107029e+02,1.378139833584546868e+05
2.100000000000000000e+02,1.715102548770883306e+00,7.395152405300126679e+20,-9.480236063045191841e+00,9.910145479828379280e-11,0.000000000000000000e+00,3.554811567608686537e+07,2.451739566447772086e+04,3.554811567608686537e+07,0.000000000000000000e+00,0.000000000000000000e+00,2.263117821804058552e+08,-4.660528506002079203e+32,-5.347037407562483448e+30,6.810580826080961596e+32,3.650249249175766041e+22,1.482436522586553477e+27,0.000000000000000000e+00,1.715023375444598773e+38,2.580925303728768145e+35,1.000000000000000000e+04,1.721953317645880190e+02,1.383510206637804804e+05
2.110000000000000000e+02,1.647325307330869570e+00,7.112125868249102418e+20,-8.412698312329508710e+00,1.202124623946163894e-10,0.000000000000000000e+00,3.568673608703970909e+07,2.451739566447772086e+04,3.568673608703970909e+07,0.000000000000000000e+00,0.000000000000000000e+00,2.271936801322959661e+08,-4.877521161179139936e+32,-6.319836137338798879e+30,7.641141204482587095e+32,3.940461875778720419e+22,1.498709048228083856e+27,0.000000000000000000e+00,1.705725479594099038e+38,2.544393103729097737e+35,1.000000000000000000e+04,1.765850051773191467e+02,1.388901507107880607e+05
2.120000000000000000e+02,1.588488859775383899e+00,6.867003429771723407e+20,-7.077763367091564284e+00,1.429688413282137850e-10,0.000000000000000000e+00,3.582589667780700326e+07,2.451739566447772086e+04,3.582589667780700326e+07,0.000000000000000000e+00,0.000000000000000000e+00,2.280790146882818043e+08,-5.084492679645086649e+32,-7.535078050188698324e+30,8.471996938161340549e+32,4.220210037192547474e+22,1.511195864618261303e+27,0.000000000000000000e+00,1.696452124410312424e+38,2.508253845795655938e+35,1.000000000000000000e+04,1.806217195810303053e+02,1.394313816545305890e+05
2.130000000000000000e+02,1.540484963169503008e+00,6.668122683617763656e+20,-5.486054404848422550e+00,1.652687787964345359e-10,0.000000000000000000e+00,3.596559955337627232e+07,2.451739566447772086e+04,3.596559955337627232e+07,0.000000000000000000e+00,0.000000000000000000e+00,2.289677992402162850e+08,-5.270206095881546940e+32,-8.986184178495971443e+30,9.234382194449655707e+32,4.468856997556924921e+22,1.518439137657247068e+27,0.000000000000000000e+00,1.687277449933568703e+38,2.472795352681498679e+35,1.000000000000000000e+04,1.840898806721023959e+02,1.399747216818399902e+05
2.140000000000000000e+02,1.505017471730925926e+00,6.523049693493804401e+20,-3.676800756729291741e+00,1.841137988339360219e-10,0.000000000000000000e+00,3.610584682693776488e+07,2.451739566447772086e+04,3.610584682693776488e+07,0.000000000000000000e+00,0.000000000000000000e+00,2.298600472321381867e+08,-5.422465268319406041e+32,-1.064112319219583870e+31,9.844588716210807547e+32,4.662827655866207332e+22,1.518873785361128026e+27,0.000000000000000000e+00,1.678199054634308069e+38,2.437997245279363937e+35,1.000000000000000000e+04,1.867708859748936732e+02,1.405201790114508767e+05
2.150000000000000000e+02,1.483382074741771639e+00,6.437617950393504891e+20,-1.720391628586160460e+00,1.962659046551206332e-10,0.000000000000000000e+00,3.624664061991649866e+07,2.451739566447772086e+04,3.624664061991649866e+07,0.000000000000000000e+00,0.000000000000000000e+00,2.307557721604752839e+08,-5.530170837472356303e+32,-1.243964674133611147e+31,1.022127617801291783e+33,4.780355373961549185e+22,1.511297261364223353e+27,0.000000000000000000e+00,1.669218329274896473e+38,2.403855076857884861e+35,1.000000000000000000e+04,1.884787170053823786e+02,1.410677618941248220e+05
2.160000000000000000e+02,1.476257744208789857e+00,6.415010753617601495e+20,2.873349924385406040e-01,1.993494133335670239e-10,0.000000000000000000e+00,3.638798306200432032e+07,2.451739566447772086e+04,3.638798306200432032e+07,0.000000000000000000e+00,0.000000000000000000e+00,2.316549875742486715e+08,-5.585764669674362188e+32,-1.429784077547943090e+31,1.030907272597779720e+33,4.807195786381298657e+22,1.495162095491537390e+27,0.000000000000000000e+00,1.660347333175787211e+38,2.370401439642771340e+35,1.000000000000000000e+04,1.890980625557627093e+02,1.416174786127753032e+05
2.170000000000000000e+02,1.483573735620983269e+00,6.455165231970088387e+20,2.239433685492445036e+00,1.928395657206342994e-10,0.000000000000000000e+00,3.652987629119209200e+07,2.451739566447772086e+04,3.652987629119209200e+07,0.000000000000000000e+00,0.000000000000000000e+00,2.325577070752775967e+08,-5.587132003248627175e+32,-1.612052059101023572e+31,1.009765981468774829e+33,4.740769566695888205e+22,1.470555788559010148e+27,0.000000000000000000e+00,1.651527084771317570e+38,2.337408998238511523e+35,1.000000000000000000e+04,1.886112078846579436e+02,1.421693374825927312e+05
2.180000000000000000e+02,1.504500967278171286e+00,6.554713677883619410e+20,4.036494995587024626e+00,1.782769970928474780e-10,0.000000000000000000e+00,3.667232245380206406e+07,2.451739566447772086e+04,3.667232245380206406e+07,0.000000000000000000e+00,0.000000000000000000e+00,2.334639443183852434e+08,-5.538075059460617487e+32,-1.781778977254740953e+31,9.625263455222270726e+32,4.591391349680321751e+22,1.438573416525701104e+27,0.000000000000000000e+00,1.642795969299099044e+38,2.305016873026718201e+35,1.000000000000000000e+04,1.871020839805794651e+02,1.427233468511704996e+05
2.190000000000000000e+02,1.537572649112504575e+00,6.707488343422314742e+20,5.602568827695102449e+00,1.585606487319328384e-10,0.000000000000000000e+00,3.681532370452035964e+07,2.451739566447772086e+04,3.681532370452035964e+07,0.000000000000000000e+00,0.000000000000000000e+00,2.343737130116053522e+08,-5.447144545965031581e+32,-1.931953317597175861e+31,8.964480590603344871e+32,4.378557419454546628e+22,1.400778571984196955e+27,0.000000000000000000e+00,1.634152132427668033e+38,2.273208768095996273e+35,1.000000000000000000e+04,1.847357167993900475e+02,1.432795150986310618e+05
2.200000000000000000e+02,1.580891995866323674e+00,6.905410637377153270e+20,6.893020886097923849e+00,1.368291241883134753e-10,0.000000000000000000e+00,3.695888220642951131e+07,2.451739566447772086e+04,3.695888220642951131e+07,0.000000000000000000e+00,0.000000000000000000e+00,2.352870269163893759e+08,-5.325440980550066615e+32,-2.058293631987917388e+31,8.199123538106360416e+32,4.125547881447225819e+22,1.358992239249373343e+27,0.000000000000000000e+00,1.625593438652225457e+38,2.241967624311316338e+35,1.000000000000000000e+04,1.817223493281456115e+02,1.438378506377527956e+05
2.210000000000000000e+02,1.632362155094328138e+00,7.139484475284603535e+20,7.893541314273709197e+00,1.155907037858494317e-10,0.000000000000000000e+00,3.710300013104124367e+07,2.451739566447772086e+04,3.710300013104124367e+07,0.000000000000000000e+00,0.000000000000000000e+00,2.362038998478148580e+08,-5.184352064316409636e+32,-2.159212590891369072e+31,7.404001177357916727e+32,3.854314675893446902e+22,1.315000969730305628e+27,0.000000000000000000e+00,1.617118565262849404e+38,2.211279687437275404e+35,1.000000000000000000e+04,1.782801945984114695e+02,1.443983619140971568e+05
2.220000000000000000e+02,1.689883578513369011e+00,7.400654831009067172e+20,8.613328614707773667e+00,9.639121435887277958e-11,0.000000000000000000e+00,3.724767965832924843e+07,2.451739566447772086e+04,3.724767965832924843e+07,0.000000000000000000e+00,0.000000000000000000e+00,2.371243456747943759e+08,-5.033933117777983847e+32,-2.235247544633679726e+31,6.634185545751789341e+32,3.582374975409739111e+22,1.270350761928296847e+27,0.000000000000000000e+00,1.608725815976757371e+38,2.181130480617400092e+35,1.000000000000000000e+04,1.746074252893179732e+02,1.449610574061366206e+05
2.230000000000000000e+02,1.751492263280415962e+00,7.680413704292148183e+20,9.076417115243398115e+00,7.990908719552145185e-11,0.000000000000000000e+00,3.739292297676221281e+07,2.451739566447772086e+04,3.739292297676221281e+07,0.000000000000000000e+00,0.000000000000000000e+00,2.380483783202850819e+08,-4.882128680562662628e+32,-2.288306925756995433e+31,5.923457291156752603e+32,3.321791313850607547e+22,1.226176363364300859e+27,0.000000000000000000e+00,1.600375796516969501e+38,2.151371113331103145e+35,1.000000000000000000e+04,1.708670455025814476e+02,1.455259456253826793e+05
2.240000000000000000e+02,1.815436799691292125e+00,7.971142119829797601e+20,9.314006476140006541e+00,6.622889859603752481e-11,0.000000000000000000e+00,3.753873228333694488e+07,2.451739566447772086e+04,3.753873228333694488e+07,0.000000000000000000e+00,0.000000000000000000e+00,2.389760117614997327e+08,-4.734667934395832322e+32,-2.320990785255781572e+31,5.288085902207550788e+32,3.079927786828902433e+22,1.183432103695988614e+27,0.000000000000000000e+00,1.592105206112962671e+38,2.122131317308359936e+35,1.000000000000000000e+04,1.671828771148467183e+02,1.460930351165148604e+05
2.250000000000000000e+02,1.880207323704792266e+00,8.266243325932074435e+20,9.358957762163248262e+00,5.511126687112057413e-11,0.000000000000000000e+00,3.768510978361149877e+07,2.451739566447772086e+04,3.768510978361149877e+07,0.000000000000000000e+00,0.000000000000000000e+00,2.399072600301176608e+08,-4.595345081717185832e+32,-2.336095343712753625e+31,4.732238545137558346e+32,2.860326937759870406e+22,1.142692792929645637e+27,0.000000000000000000e+00,1.583915119345928640e+38,2.093407610928628284e+35,1.000000000000000000e+04,1.636426080343236720e+02,1.466623344575096853e+05
2.260000000000000000e+02,1.944532788972437976e+00,8.560137544634931610e+20,9.242464012937766427e+00,4.618581683332836034e-11,0.000000000000000000e+00,3.783205769173868001e+07,2.451739566447772086e+04,3.783205769173868001e+07,0.000000000000000000e+00,0.000000000000000000e+00,2.408421372124972641e+08,-4.466443090928770623e+32,-2.336307532333236467e+31,4.252849154605232845e+32,2.663980836342315195e+22,1.104290288612287064e+27,0.000000000000000000e+00,1.575803960349057495e+38,2.065186592072390676e+35,1.000000000000000000e+04,1.603041106500668320e+02,1.472338522597706178e+05
2.270000000000000000e+02,2.007360744641394135e+00,8.848179542583261266e+20,8.992391135396054835e+00,3.906373263877044794e-11,0.000000000000000000e+00,3.797957823049940914e+07,2.451739566447772086e+04,3.797957823049940914e+07,0.000000000000000000e+00,0.000000000000000000e+00,2.417806574498891830e+08,-4.349154641428390996e+32,-2.324047910883366123e+31,3.843186462565606860e+32,2.490320142474045869e+22,1.068382298418612120e+27,0.000000000000000000e+00,1.567770179829592286e+38,2.037455196023146934e+35,1.000000000000000000e+04,1.572024533112562779e+02,1.478075971682583040e+05
2.280000000000000000e+02,2.067829617445423374e+00,9.126542451398053724e+20,8.632706486456001471e+00,3.339204470798979069e-11,0.000000000000000000e+00,3.812767363133644313e+07,2.451739566447772086e+04,3.812767363133644313e+07,0.000000000000000000e+00,0.000000000000000000e+00,2.427228349386499226e+08,-4.243934991635355135e+32,-2.301411634628573479e+31,3.495146899443727314e+32,2.337925356234300247e+22,1.035006145140760308e+27,0.000000000000000000e+00,1.559812280054472082e+38,2.010200754717868081e+35,1.000000000000000000e+04,1.543562430611076479e+02,1.483835778616213065e+05
2.290000000000000000e+02,2.125239575635521128e+00,9.392094392627155436e+20,8.183529949827002881e+00,2.887308561376828275e-11,0.000000000000000000e+00,3.827634613438805193e+07,2.451739566447772086e+04,3.827634613438805193e+07,0.000000000000000000e+00,0.000000000000000000e+00,2.436686839304568470e+08,-4.150770988274226935e+32,-2.270166531739886746e+31,3.200574641849882794e+32,2.204996716010684809e+22,1.004120483425696780e+27,0.000000000000000000e+00,1.551928704024999307e+38,1.983410579896103149e+35,1.000000000000000000e+04,1.517727851739636264e+02,1.489618030523273628e+05
2.300000000000000000e+02,2.179025217219505706e+00,9.642282194186028974e+20,7.661491238681610305e+00,2.526604677998480072e-11,0.000000000000000000e+00,3.842559798852197081e+07,2.451739566447772086e+04,3.842559798852197081e+07,0.000000000000000000e+00,0.000000000000000000e+00,2.446182187325235307e+08,-4.069373941899033311e+32,-2.231780066903566210e+31,2.951935303609295656e+32,2.089643172785301330e+22,9.756371221725267021e+26,0.000000000000000000e+00,1.544118135739073671e+38,1.957073997832055161e+35,1.000000000000000000e+04,1.494520142294832965e+02,1.495422814867951965e+05
2.310000000000000000e+02,2.228731506586562272e+00,9.875028576881702339e+20,7.080202886991391331e+00,2.238080598944503114e-11,0.000000000000000000e+00,3.857543145136934519e+07,2.451739566447772086e+04,3.857543145136934519e+07,0.000000000000000000e+00,0.000000000000000000e+00,2.455714537078163624e+08,-3.999312016734339978e+32,-2.187457955684606080e+31,2.742598970868387535e+32,1.990045939996255322e+22,9.494420127042181449e+26,0.000000000000000000e+00,1.536378941899334919e+38,1.931181158155578188e+35,1.000000000000000000e+04,1.473893598821733235e+02,1.501250219455267943e+05
2.320000000000000000e+02,2.273993344278225415e+00,1.008864464450891678e+21,6.450745176038704898e+00,2.006940278293254906e-11,0.000000000000000000e+00,3.872584878935896605e+07,2.451739566447772086e+04,3.872584878935896605e+07,0.000000000000000000e+00,0.000000000000000000e+00,2.465284032752718031e+08,-3.940098071423730374e+32,-2.138184885648979960e+31,2.566905988507141906e+32,1.904544490036067199e+22,9.254102547829895574e+26,0.000000000000000000e+00,1.528710008107477178e+38,1.905723752116294661e+35,1.000000000000000000e+04,1.455777704568740489e+02,1.507100332432403520e+05
2.330000000000000000e+02,2.314518621167678702e+00,1.028175715942783648e+21,5.782113039630198514e+00,1.821767334038934286e-11,0.000000000000000000e+00,3.887685227775146812e+07,2.451739566447772086e+04,3.887685227775146812e+07,0.000000000000000000e+00,0.000000000000000000e+00,2.474890819100142121e+08,-3.891246276380912399e+32,-2.084762626371909496e+31,2.420123111050284441e+32,1.831672170247272320e+22,9.034137132536846474e+26,0.000000000000000000e+00,1.521109897206786736e+38,1.880690901254194710e+35,1.000000000000000000e+04,1.440091072417130533e+02,1.512973242290033086e+05
2.340000000000000000e+02,2.350074375052686904e+00,1.045324904188519252e+21,5.081605702939302027e+00,1.673802388977088263e-11,0.000000000000000000e+00,3.902844420067379624e+07,2.451739566447772086e+04,3.902844420067379624e+07,0.000000000000000000e+00,0.000000000000000000e+00,2.484535041435752809e+08,-3.852307643521483194e+32,-2.027843601769774736e+31,2.298352523752034427e+32,1.770166089138997664e+22,8.833285530052305308e+26,0.000000000000000000e+00,1.513577296952788095e+38,1.856072038669992256e+35,1.000000000000000000e+04,1.426750862088199483e+02,1.518869037863665726e+05
2.350000000000000000e+02,2.380475599023823996e+00,1.060221120869886329e+21,4.355156013087003508e+00,1.556357849512525355e-11,0.000000000000000000e+00,3.918062685115373135e+07,2.451739566447772086e+04,3.918062685115373135e+07,0.000000000000000000e+00,0.000000000000000000e+00,2.494216845641133189e+08,-3.822891773730638651e+32,-1.967959496106982195e+31,2.198427903538821239e+32,1.718961779626328719e+22,8.650388929854687386e+26,0.000000000000000000e+00,1.506110923226816066e+38,1.831856864564445984e+35,1.000000000000000000e+04,1.415679035902038834e+02,1.524787808334986039e+05
2.360000000000000000e+02,2.405576265000857195e+00,1.072790390931115475e+21,3.607604153718109607e+00,1.464361807241031344e-11,0.000000000000000000e+00,3.933340253115463257e+07,2.451739566447772086e+04,3.933340253115463257e+07,0.000000000000000000e+00,0.000000000000000000e+00,2.503936378166343570e+08,-3.802679918111321188e+32,-1.905545199680990137e+31,2.117814936795316669e+32,1.677181381036683664e+22,8.484388880707930318e+26,0.000000000000000000e+00,1.498709519323900468e+38,1.808035338271683177e+35,1.000000000000000000e+04,1.406806461872977820e+02,1.530729643233204843e+05
2.370000000000000000e+02,2.425262176255402302e+00,1.082972592272607019e+21,2.842923528726670757e+00,1.394011922597494962e-11,0.000000000000000000e+00,3.948677355161015689e+07,2.451739566447772086e+04,3.948677355161015689e+07,0.000000000000000000e+00,0.000000000000000000e+00,2.513693786032133698e+08,-3.791432839296101071e+32,-1.840958711425104728e+31,2.054524306263108711e+32,1.644119844760813830e+22,8.334337813290872829e+26,0.000000000000000000e+00,1.491371855763248311e+38,1.784597657501300712e+35,1.000000000000000000e+04,1.400075590341849647e+02,1.536694632436412794e+05
2.380000000000000000e+02,2.439445325072404636e+00,1.090719024011715019e+21,2.064407322946282708e+00,1.342518953202538893e-11,0.000000000000000000e+00,3.964074223245929927e+07,2.451739566447772086e+04,3.964074223245929927e+07,0.000000000000000000e+00,0.000000000000000000e+00,2.523489216832168400e+08,-3.788995835842303764e+32,-1.774497707234430541e+31,2.007040174412367535e+32,1.619231814736119071e+22,8.199407988714877110e+26,0.000000000000000000e+00,1.484096732553305530e+38,1.761535263088987078e+35,1.000000000000000000e+04,1.395442218267698138e+02,1.542682866172939830e+05
2.390000000000000000e+02,2.448059494048343776e+00,1.095990512236387369e+21,1.274823883017817350e+00,1.307922293031854329e-11,0.000000000000000000e+00,3.979531090268145502e+07,2.451739566447772086e+04,3.979531090268145502e+07,0.000000000000000000e+00,0.000000000000000000e+00,2.533322818735259175e+08,-3.795302533249571123e+32,-1.706413471138924478e+31,1.974264768219774073e+32,1.602120622933116610e+22,8.078893075940366760e+26,0.000000000000000000e+00,1.476882947672338330e+38,1.738841069182017605e+35,1.000000000000000000e+04,1.392876701661234620e+02,1.548694435022719554e+05
2.400000000000000000e+02,2.451056896926794515e+00,1.098755966726189482e+21,4.765483055491862019e-01,1.288963833391104128e-11,0.000000000000000000e+00,3.995048190033165365e+07,2.451739566447772086e+04,3.995048190033165365e+07,0.000000000000000000e+00,0.000000000000000000e+00,2.543194740487605929e+08,-3.810378545788771293e+32,-1.636922835596601475e+31,1.955478695694589111e+32,1.592530327716494102e+22,7.972200537889495726e+26,0.000000000000000000e+00,1.469729325268581287e+38,1.716508115189498531e+35,1.000000000000000000e+04,1.392364867822930705e+02,1.554729429918661190e+05
2.410000000000000000e+02,2.448405706056170583e+00,1.098991324166187516e+21,-3.283231652285242830e-01,1.285010551381319314e-11,0.000000000000000000e+00,4.010625757257591188e+07,2.451739566447772086e+04,4.010625757257591188e+07,0.000000000000000000e+00,0.000000000000000000e+00,2.553105131415047348e+08,-3.834345795219730957e+32,-1.566218721313860649e+31,1.950316458198854026e+32,1.590341226274548299e+22,7.878843621336133857e+26,0.000000000000000000e+00,1.462634746351708806e+38,1.694528286487088317e+35,1.000000000000000000e+04,1.393908802982958548e+02,1.560787942148022703e+05
2.420000000000000000e+02,2.440088359114838124e+00,1.096678833165300662e+21,-1.137869956969288499e+00,1.296020157365243125e-11,0.000000000000000000e+00,4.026264027572674304e+07,2.451739566447772086e+04,4.026264027572674304e+07,0.000000000000000000e+00,0.000000000000000000e+00,2.563054141425317824e+08,-3.867428078561621365e+32,-1.494479824213434492e+31,1.958756916079364161e+32,1.595569139935945635e+22,7.798443250562634944e+26,0.000000000000000000e+00,1.455598117071752517e+38,1.672893191732713609e+35,1.000000000000000000e+04,1.397527637875175230e+02,1.566870063353792648e+05
2.430000000000000000e+02,2.426100579221770470e+00,1.091806654572473221e+21,-1.950249608907372201e+00,1.322547951050424747e-11,0.000000000000000000e+00,4.041963237527882308e+07,2.451739566447772086e+04,4.041963237527882308e+07,0.000000000000000000e+00,0.000000000000000000e+00,2.573041921010318100e+08,-3.909958366835637120e+32,-1.421879977576342969e+31,1.981129044607729753e+32,1.608368760726969804e+22,7.730726249602170175e+26,0.000000000000000000e+00,1.448618204535781652e+38,1.651594173947387467e+35,1.000000000000000000e+04,1.403258416051536130e+02,1.572975885536078131e+05
2.440000000000000000e+02,2.406451081969315897e+00,1.084368768054963732e+21,-2.763600299970260910e+00,1.365797013040451205e-11,0.000000000000000000e+00,4.057723624594473094e+07,2.451739566447772086e+04,4.057723624594473094e+07,0.000000000000000000e+00,0.000000000000000000e+00,2.583068621248388588e+08,-3.962388260675082400e+32,-1.348597727755309153e+31,2.018134114309264639e+32,1.629042345412000324e+22,7.675530672450625528e+26,0.000000000000000000e+00,1.441694090820882017e+38,1.630623695111637321e+35,1.000000000000000000e+04,1.411157101204044579e+02,1.579105501053493062e+05
2.450000000000000000e+02,2.381161982671049504e+00,1.074365193732179231e+21,-3.575937631524081173e+00,1.427718413248469078e-11,0.000000000000000000e+00,4.073545427169091254e+07,2.451739566447772086e+04,4.073545427169091254e+07,0.000000000000000000e+00,0.000000000000000000e+00,2.593134393806596398e+08,-4.025300003408619434e+32,-1.274826708979046533e+31,2.070886441541227663e+32,1.658052756531215702e+22,7.632799373690963461e+26,0.000000000000000000e+00,1.434824768296210011e+38,1.609974023808007343e+35,1.000000000000000000e+04,1.421299755040366790e+02,1.585259002624557470e+05
2.460000000000000000e+02,2.350269959986482693e+00,1.061802557102476886e+21,-4.385039096387488122e+00,1.511173836145070670e-11,0.000000000000000000e+00,4.089428884577368200e+07,2.451739566447772086e+04,4.089428884577368200e+07,0.000000000000000000e+00,0.000000000000000000e+00,2.603239390943028331e+08,-4.099421435033448088e+32,-1.200787494620248340e+31,2.140976121554464875e+32,1.696081283515053349e+22,7.603031216035230896e+26,0.000000000000000000e+00,1.428041339531763129e+38,1.589731500596489035e+35,1.000000000000000000e+04,1.433783890959381893e+02,1.591436483329099137e+05
2.470000000000000000e+02,2.313828281366277828e+00,1.046695048071943684e+21,-5.188308399437353557e+00,1.620180729775528634e-11,0.000000000000000000e+00,4.105374237077551335e+07,2.451739566447772086e+04,4.105374237077551335e+07,0.000000000000000000e+00,0.000000000000000000e+00,2.613383765509096384e+08,-4.185644233547714582e+32,-1.126741750582943257e+31,2.230558744903598767e+32,1.743958887036815304e+22,7.586133886725560650e+26,0.000000000000000000e+00,1.421324030129780934e+38,1.569834106199211138e+35,1.000000000000000000e+04,1.448729974484288618e+02,1.597638036609663395e+05
2.480000000000000000e+02,2.271909855501921705e+00,1.029065852464804266e+21,-5.982609867297632888e+00,1.760270958676596928e-11,0.000000000000000000e+00,4.121381725864130259e+07,2.451739566447772086e+04,4.121381725864130259e+07,0.000000000000000000e+00,0.000000000000000000e+00,2.623567670951845646e+08,-4.285045691817012489e+32,-1.053009736433154107e+31,2.342479087602692590e+32,1.802766978341927073e+22,7.582236411275372424e+26,0.000000000000000000e+00,1.414661023407728793e+38,1.550244601994493119e+35,1.000000000000000000e+04,1.466282990406063220e+02,1.603863756272922619e+05
2.490000000000000000e+02,2.224611552221598565e+00,1.008949169322405134e+21,-6.764060417779231393e+00,1.939009670984575116e-11,0.000000000000000000e+00,4.137451593071486056e+07,2.451739566447772086e+04,4.137451593071486056e+07,0.000000000000000000e+00,0.000000000000000000e+00,2.633791261316279769e+08,-4.398914049846671268e+32,-9.799925122523712374e+30,2.480438213299901649e+32,1.873887430607516782e+22,7.591725110019754571e+26,0.000000000000000000e+00,1.408051317693835199e+38,1.530956966539033833e+35,1.000000000000000000e+04,1.486613915960200529e+02,1.610113736491099407e+05
2.500000000000000000e+02,2.172060127383692141e+00,9.863929725516999557e+20,-7.527762745290059065e+00,2.166744060185604502e-11,0.000000000000000000e+00,4.153584081777558476e+07,2.451739566447772086e+04,4.153584081777558476e+07,0.000000000000000000e+00,0.000000000000000000e+00,2.644054691247689128e+08,-4.528776926205536055e+32,-9.082006386404502549e+30,2.649216295370356782e+32,1.959002599782862553e+22,7.614615202575315927e+26,0.000000000000000000e+00,1.401461994549875448e+38,1.511870155255214095e+35,1.000000000000000000e+04,1.509920809250228899e+02,1.616388071803388884e+05
2.510000000000000000e+02,2.114420216989828738e+00,9.614627347015058063e+20,-8.267458314098654171e+00,2.457685090275409658e-11,0.000000000000000000e+00,4.169779436007518321e+07,2.451739566447772086e+04,4.169779436007518321e+07,0.000000000000000000e+00,0.000000000000000000e+00,2.654358115993988812e+08,-4.676431464361495609e+32,-8.382917288699725866e+30,2.854966463170236544e+32,2.060280029250789677e+22,7.651815946991490919e+26,0.000000000000000000e+00,1.394914255878390468e+38,1.493044386364965085e+35,1.000000000000000000e+04,1.536429011663310007e+02,1.622686857117388281e+05
2.520000000000000000e+02,2.051905029674009118e+00,9.342464079659532288e+20,-8.975072349915899750e+00,2.831472754946269839e-11,0.000000000000000000e+00,4.186037900737462193e+07,2.451739566447772086e+04,4.186037900737462193e+07,0.000000000000000000e+00,0.000000000000000000e+00,2.664701691408069432e+08,-4.843973077716958020e+32,-7.711199401023559128e+30,3.105597186418761936e+32,2.180380547916066141e+22,7.704218536323762696e+26,0.000000000000000000e+00,1.388422066096781803e+38,1.474516030924087403e+35,1.000000000000000000e+04,1.566389624483215925e+02,1.629010187710534665e+05
2.530000000000000000e+02,1.984790577919588905e+00,9.048610568154905313e+20,-9.640115602085369773e+00,3.315439767124283867e-11,0.000000000000000000e+00,4.202359721898113936e+07,2.451739566447772086e+04,4.202359721898113936e+07,0.000000000000000000e+00,0.000000000000000000e+00,2.675085573950152993e+08,-5.033816540697865284e+32,-7.078013475236789300e+30,3.411259840245749938e+32,2.322614564858256530e+22,7.773218989118826701e+26,0.000000000000000000e+00,1.382029384722457011e+38,1.456402106296684416e+35,1.000000000000000000e+04,1.600074881274231586e+02,1.635358159231544123e+05
2.540000000000000000e+02,1.913434548442026539e+00,8.734616594165706260e+20,-1.024890057013414690e+01,3.947866549731846551e-11,0.000000000000000000e+00,4.218745146378549188e+07,2.451739566447772086e+04,4.218745146378549188e+07,0.000000000000000000e+00,0.000000000000000000e+00,2.685509920690159798e+08,-5.248697630013038486e+32,-6.497999954828148410e+30,3.784948899969753861e+32,2.490835500094448258e+22,7.858839692833600285e+26,0.000000000000000000e+00,1.375685294801961609e+38,1.438555758739362496e+35,1.000000000000000000e+04,1.637768195100885293e+02,1.641730867701858806e+05
2.550000000000000000e+02,1.838301207097483347e+00,8.402527350944134595e+20,-1.078352693141738250e+01,4.782589398928875361e-11,0.000000000000000000e+00,4.235194422029925883e+07,2.451739566447772086e+04,4.235194422029925883e+07,0.000000000000000000e+00,0.000000000000000000e+00,2.695974889310084581e+08,-5.491633958779034214e+32,-5.990398696534362338e+30,4.243193435431667891e+32,2.689741632636111028e+22,7.961746317007072863e+26,0.000000000000000000e+00,1.369388977242681067e+38,1.420972208750144149e+35,1.000000000000000000e+04,1.679745376897580229e+02,1.648128409517100372e+05
2.560000000000000000e+02,1.759994007586842990e+00,8.055035871741466378e+20,-1.122060110044586168e+01,5.895307551488905280e-11,0.000000000000000000e+00,4.251707797669236362e+07,2.451739566447772086e+04,4.251707797669236362e+07,0.000000000000000000e+00,0.000000000000000000e+00,2.706480638106382489e+08,-5.765807650167481698e+32,-5.580471264195160837e+30,4.806747270100036500e+32,2.924818599318949934e+22,8.082373193749614303e+26,0.000000000000000000e+00,1.363139635180693306e+38,1.403647351641487753e+35,1.000000000000000000e+04,1.726241654211723926e+02,1.654550881448528380e+05
2.570000000000000000e+02,1.679297677782170206e+00,7.695680065106150687e+20,-1.152969781477643174e+01,7.391625201781397724e-11,0.000000000000000000e+00,4.268285523083069175e+07,2.451739566447772086e+04,4.268285523083069175e+07,0.000000000000000000e+00,0.000000000000000000e+00,2.717027325992360711e+08,-6.074306932169823288e+32,-5.301225435795342501e+30,5.501027426736522017e+32,3.202109458684478856e+22,8.220016060768354571e+26,0.000000000000000000e+00,1.356896488742025525e+38,1.386465351151043926e+35,1.000000000000000000e+04,1.777396613345844401e+02,1.660998380644501594e+05
2.580000000000000000e+02,1.597231144841996464e+00,7.329091002665078620e+20,-1.167168700343194487e+01,9.415761317239178049e-11,0.000000000000000000e+00,4.284927849031388760e+07,2.451739566447772086e+04,4.284927849031388760e+07,0.000000000000000000e+00,0.000000000000000000e+00,2.727615112500585914e+08,-6.419626003702194539e+32,-5.195320223726445014e+30,6.355731373336064559e+32,3.528156615677396910e+22,8.375221439627741548e+26,0.000000000000000000e+00,1.350749242433925595e+38,1.369667413626871057e+35,1.000000000000000000e+04,1.833166356080299408e+02,1.667471004631950345e+05
2.590000000000000000e+02,1.515111014644138887e+00,6.961291610863387279e+20,-1.159730754510640693e+01,1.215591966340909562e-10,0.000000000000000000e+00,4.301635027251327038e+07,2.451739566447772086e+04,4.301635027251327038e+07,0.000000000000000000e+00,0.000000000000000000e+00,2.738244157785295844e+08,-6.802775135683597056e+32,-5.316753294607721002e+30,7.402481642045410676e+32,3.908338388544753395e+22,8.544936649791913875e+26,0.000000000000000000e+00,1.344647982664426915e+38,1.353116759346385827e+35,1.000000000000000000e+04,1.893190328181892710e+02,1.673968851317850640e+05
2.600000000000000000e+02,1.434621158003148933e+00,6.600025754627746038e+20,-1.124687669829200232e+01,1.583578637209407113e-10,0.000000000000000000e+00,4.318407310460993648e+07,2.451739566447772086e+04,4.318407310460993648e+07,0.000000000000000000e+00,0.000000000000000000e+00,2.748914622624818683e+08,-7.221815837948605356e+32,-5.731383165815569123e+30,8.668436236149623206e+32,4.345196291293786302e+22,8.724680583005655423e+26,0.000000000000000000e+00,1.338590163802048833e+38,1.336803355035440423e+35,1.000000000000000000e+04,1.956602986813117013e+02,1.680492018990703800e+05
2.610000000000000000e+02,1.357875083625988299e+00,6.255056619620485038e+20,-1.055287416293160518e+01,2.067012631265429752e-10,0.000000000000000000e+00,4.335244952363293618e+07,2.451739566447772086e+04,4.335244952363293618e+07,0.000000000000000000e+00,0.000000000000000000e+00,2.759626668424012661e+08,-7.669673702006256828e+32,-6.514405386190448988e+30,1.016284928357203399e+33,4.834728404662290586e+22,8.906931821800620784e+26,0.000000000000000000e+00,1.332575268045936137e+38,1.320722679733073328e+35,1.000000000000000000e+04,2.021795358761989974e+02,1.687040606322026288e+05
2.620000000000000000e+02,1.287442957365317442e+00,5.938304305560025825e+20,-9.448203248775005392e+00,2.674966249779134154e-10,0.000000000000000000e+00,4.352148207649772614e+07,2.451739566447772086e+04,4.352148207649772614e+07,0.000000000000000000e+00,0.000000000000000000e+00,2.770380457216699123e+08,-8.131333497290188140e+32,-7.741708868907812631e+30,1.185367645340061317e+33,5.361129141031584295e+22,9.080622617375252702e+26,0.000000000000000000e+00,1.326626212306808255e+38,1.304928505607971817e+35,1.000000000000000000e+04,2.086169596981091274e+02,1.693614712367839238e+05
2.630000000000000000e+02,1.226292608995583233e+00,5.663587194416071967e+20,-7.883369402543260129e+00,3.383012539352363311e-10,0.000000000000000000e+00,4.369117332004462928e+07,2.451739566447772086e+04,4.369117332004462928e+07,0.000000000000000000e+00,0.000000000000000000e+00,2.781176151668118238e+08,-8.581213697888359170e+32,-9.471475031111972271e+30,1.363630334794968815e+33,5.890410954591673568e+22,9.229332804777363192e+26,0.000000000000000000e+00,1.320706828104538755e+38,1.289320791261614849e+35,1.000000000000000000e+04,2.146001511801273693e+02,1.700214436570167891e+05
2.640000000000000000e+02,1.177579556034407782e+00,5.445663037709734380e+20,-5.853428605274690888e+00,4.108079179677119882e-10,0.000000000000000000e+00,4.386152582107752562e+07,2.451739566447772086e+04,4.386152582107752562e+07,0.000000000000000000e+00,0.000000000000000000e+00,2.792013915077389479e+08,-8.982673736401228483e+32,-1.171483951796431035e+31,1.530911902157598861e+33,6.367653727540688716e+22,9.334207281213255374e+26,0.000000000000000000e+00,1.314827664217992880e+38,1.273930286811816862e+35,1.000000000000000000e+04,2.196607595631944889e+02,1.706839878758546547e+05
2.650000000000000000e+02,1.144238300266297914e+00,5.298342335139523461e+20,-3.427756043986884382e+00,4.702443058230701130e-10,0.000000000000000000e+00,4.403254215640271455e+07,2.451739566447772086e+04,4.403254215640271455e+07,0.000000000000000000e+00,0.000000000000000000e+00,2.802893911379979849e+08,-9.292497519444688438e+32,-1.440282717654955910e+31,1.658874152091781925e+33,6.722915977577391089e+22,9.375906276973562634e+26,0.000000000000000000e+00,1.308988237223416727e+38,1.258754424633408635e+35,1.000000000000000000e+04,2.233021734616853280e+02,1.713491139151527896e+05
2.660000000000000000e+02,1.128413765415198666e+00,5.231845826233623511e+20,-7.643158706967834171e-01,4.998964117250297812e-10,0.000000000000000000e+00,4.420422491286784410e+07,2.451739566447772086e+04,4.420422491286784410e+07,0.000000000000000000e+00,0.000000000000000000e+00,2.813816305150185227e+08,-9.471823714244953593e+32,-1.736932336076275959e+31,1.719490412150727116e+33,6.891422108918253984e+22,9.340923109529181315e+26,0.000000000000000000e+00,1.303247300901301363e+38,1.243939705035304207e+35,1.000000000000000000e+04,2.251184914879198402e+02,1.720168318358198740e+05
2.670000000000000000e+02,1.130914696745759729e+00,5.250243396160956662e+20,1.912215217212119844e+00,4.902172171386991416e-10,0.000000000000000000e+00,4.437657668740107119e+07,2.451739566447772086e+04,4.437657668740107119e+07,0.000000000000000000e+00,0.000000000000000000e+00,2.824781261603618264e+08,-9.500034402613304981e+32,-2.037299538538030597e+31,1.698076684555833400e+33,6.839659947559487118e+22,9.222551204012734813e+26,0.000000000000000000e+00,1.297512243376526836e+38,1.229242158250807195e+35,1.000000000000000000e+04,2.249232403822025219e+02,1.726871517379702127e+05
2.680000000000000000e+02,1.150952282352282419e+00,5.350198990694816154e+20,4.368585762718797838e+00,4.452122191467987881e-10,0.000000000000000000e+00,4.454960008705032617e+07,2.451739566447772086e+04,4.454960008705032617e+07,0.000000000000000000e+00,0.000000000000000000e+00,2.835788946599708796e+08,-9.383195129725876586e+32,-2.315935768955058265e+31,1.601462632404771279e+33,6.583052256391340019e+22,9.028154797053144646e+26,0.000000000000000000e+00,1.291799542434937538e+38,1.214707285503796267e+35,1.000000000000000000e+04,2.228168670850204478e+02,1.733600837610765011e+05
2.690000000000000000e+02,1.186316885427663781e+00,5.521745117673816064e+20,6.426672273995920115e+00,3.794600637025605718e-10,0.000000000000000000e+00,4.472329772902275622e+07,2.451739566447772086e+04,4.472329772902275622e+07,0.000000000000000000e+00,0.000000000000000000e+00,2.846839526644213200e+08,-9.150827973056588351e+32,-2.553040747691066960e+31,1.453880296910721988e+33,6.177246671951850635e+22,8.774874882212032447e+26,0.000000000000000000e+00,1.286131606320881183e+38,1.200390180884345659e+35,1.000000000000000000e+04,2.191488527207688435e+02,1.740356380841232894e+05
2.700000000000000000e+02,1.233896248096068016e+00,5.750655014751301140e+20,7.996604397928839703e+00,3.090952468590511123e-10,0.000000000000000000e+00,4.489767224072432518e+07,2.451739566447772086e+04,4.489767224072432518e+07,0.000000000000000000e+00,0.000000000000000000e+00,2.857933168891729712e+08,-8.843730356072398771e+32,-2.738222983335593744e+31,1.284508020385241344e+33,5.692829153966769675e+22,8.485318556336918867e+26,0.000000000000000000e+00,1.280590568794905051e+38,1.186488683054809895e+35,1.000000000000000000e+04,2.144002334997192634e+02,1.747138249257607677e+05
2.710000000000000000e+02,1.290275235578319579e+00,6.021213965387410964e+20,9.070323877038049432e+00,2.451261707465769382e-10,0.000000000000000000e+00,4.507272625979952514e+07,2.451739566447772086e+04,4.507272625979952514e+07,0.000000000000000000e+00,0.000000000000000000e+00,2.869070041148232222e+08,-8.501289463507986563e+32,-2.869974261272167438e+31,1.116780096948388721e+33,5.190269035975167443e+22,8.176939643538061911e+26,0.000000000000000000e+00,1.275014916283468244e+38,1.172595305999655182e+35,1.000000000000000000e+04,2.090563404195172836e+02,1.753946545444595395e+05
2.720000000000000000e+02,1.352200064137000002e+00,6.318379070589844849e+20,9.693124045379397202e+00,1.922704958396386572e-10,0.000000000000000000e+00,4.524846243417130411e+07,2.451739566447772086e+04,4.524846243417130411e+07,0.000000000000000000e+00,0.000000000000000000e+00,2.880250311873601675e+08,-8.154160200209502248e+32,-2.952686731701999073e+31,9.645702566125391716e+32,4.711288399352226539e+22,7.867157853172321884e+26,0.000000000000000000e+00,1.269457280009635072e+38,1.158844440389807747e+35,1.000000000000000000e+04,2.035229671968038474e+02,1.760781372386655421e+05
2.730000000000000000e+02,1.416834006080349706e+00,6.628980246267088077e+20,9.934120069520476548e+00,1.509518724982740340e-10,0.000000000000000000e+00,4.542488342208110541e+07,2.451739566447772086e+04,4.542488342208110541e+07,0.000000000000000000e+00,0.000000000000000000e+00,2.891474150184182525e+08,-7.822656171265235201e+32,-2.993479128067943441e+31,8.335695054135379666e+32,4.278403249269544006e+22,7.569009718491155239e+26,0.000000000000000000e+00,1.264014349531076838e+38,1.145469062984541864e+35,1.000000000000000000e+04,1.980963171733406796e+02,1.767642833469561883e+05
2.740000000000000000e+02,1.481840674881087505e+00,6.942122798794674012e+20,9.865891587007244112e+00,1.196028833420927653e-10,0.000000000000000000e+00,4.560199189212908596e+07,2.451739566447772086e+04,4.560199189212908596e+07,0.000000000000000000e+00,0.000000000000000000e+00,2.902741725855333209e+08,-7.518387774975382162e+32,-2.999973011142790668e+31,7.243293726189989330e+32,3.899613650322772407e+22,7.288305477058699367e+26,0.000000000000000000e+00,1.258614781843474046e+38,1.132291628612415096e+35,1.000000000000000000e+04,1.929696341833691520e+02,1.774531032481964212e+05
2.750000000000000000e+02,1.545363944667663247e+00,7.249108210936171725e+20,9.553956493268977113e+00,9.614155613466205392e-11,0.000000000000000000e+00,4.577979052331446856e+07,2.451739566447772086e+04,4.577979052331446856e+07,0.000000000000000000e+00,0.000000000000000000e+00,2.914053209323997498e+08,-7.246836665403467854e+32,-2.979119920501920880e+31,6.348778519609440549e+32,3.574737329025816147e+22,7.027385796958461420e+26,0.000000000000000000e+00,1.253169502594316831e+38,1.119094445869128442e+35,1.000000000000000000e+04,1.882555372480902349e+02,1.781446073616957583e+05
2.760000000000000000e+02,1.605961909651498098e+00,7.543138380614076989e+20,9.053000673710691615e+00,7.865106743190987197e-11,0.000000000000000000e+00,4.595828200507608801e+07,2.451739566447772086e+04,4.595828200507608801e+07,0.000000000000000000e+00,0.000000000000000000e+00,2.925408771691285968e+08,-7.009661073222992117e+32,-2.936762287198010630e+31,5.623654552827598696e+32,3.300233104571873467e+22,6.790030146583910898e+26,0.000000000000000000e+00,1.247829257818232325e+38,1.106242339909145320e+35,1.000000000000000000e+04,1.840102981147578305e+02,1.788388061473662383e+05
2.770000000000000000e+02,1.662529674536259883e+00,7.818964973210539131e+20,8.406713556998063552e+00,6.559181457177523759e-11,0.000000000000000000e+00,4.613746903733303398e+07,2.451739566447772086e+04,4.613746903733303398e+07,0.000000000000000000e+00,0.000000000000000000e+00,2.936808584725056291e+08,-6.806374837715983679e+32,-2.877592145002764733e+31,5.039158803819938899e+32,3.070455781194986213e+22,6.575718912549600075e+26,0.000000000000000000e+00,1.242560911406299404e+38,1.093651568433385793e+35,1.000000000000000000e+04,1.802540217387715984e+02,1.795357101058800472e+05
2.780000000000000000e+02,1.714227689424586032e+00,8.072562106122736763e+20,7.649151392080580258e+00,5.580460242310575046e-11,0.000000000000000000e+00,4.631735433052553236e+07,2.451739566447772086e+04,4.631735433052553236e+07,0.000000000000000000e+00,0.000000000000000000e+00,2.948252820862517953e+08,-6.635440625636833572e+32,-2.805282632148277907e+31,4.569857651745626562e+32,2.879422516548062937e+22,6.381936430873651258e+26,0.000000000000000000e+00,1.237241335050362036e+38,1.081025072550330525e+35,1.000000000000000000e+04,1.769853871101848597e+02,1.802353297788288328e+05
2.790000000000000000e+02,1.760421441164499390e+00,8.300849994822734316e+20,6.806517489237317697e+00,4.844457972206350498e-11,0.000000000000000000e+00,4.649794060565593094e+07,2.451739566447772086e+04,4.649794060565593094e+07,0.000000000000000000e+00,0.000000000000000000e+00,2.959741653212838173e+08,-6.494932249487353655e+32,-2.722670373506489997e+31,4.194693065841880248e+32,2.722295192566326782e+22,6.209626837612159513e+26,0.000000000000000000e+00,1.232016523330336831e+38,1.068707615203214437e+35,1.000000000000000000e+04,1.741916373035793981e+02,1.809376757488830190e+05
2.800000000000000000e+02,1.800633443502910103e+00,8.501474484154673398e+20,5.898859842504460715e+00,4.290597502723642098e-11,0.000000000000000000e+00,4.667923059432984143e+07,2.451739566447772086e+04,4.667923059432984143e+07,0.000000000000000000e+00,0.000000000000000000e+00,2.971275255559761524e+08,-6.382913520268485322e+32,-2.631932908957002884e+31,3.896872091839151883e+32,2.594533409624644649e+22,6.057080927936326411e+26,0.000000000000000000e+00,1.226856962128117950e+38,1.056627422537966011e+35,1.000000000000000000e+04,1.718550116113142678e+02,1.816427586399518477e+05
2.810000000000000000e+02,1.834506104367837453e+00,8.672636261221918310e+20,4.941511514917059422e+00,3.875827435602896192e-11,0.000000000000000000e+00,4.686122703879747540e+07,2.451739566447772086e+04,4.686122703879747540e+07,0.000000000000000000e+00,0.000000000000000000e+00,2.982853802364236116e+08,-6.297643984897629247e+32,-2.534740909336556096e+31,3.663334370944483095e+32,2.492243340110382655e+22,5.921603204395685280e+26,0.000000000000000000e+00,1.221655756711988072e+38,1.044531667375147487e+35,1.000000000000000000e+04,1.699567409389868260e+02,1.823505891173440905e+05
2.820000000000000000e+02,1.861773540243583325e+00,8.812961072787695862e+20,3.946248675987273469e+00,3.569783485565852845e-11,0.000000000000000000e+00,4.704393269199513644e+07,2.451739566447772086e+04,4.704393269199513644e+07,0.000000000000000000e+00,0.000000000000000000e+00,2.994477468767055869e+08,-6.237684494461361073e+32,-2.432381537512647795e+31,3.484138766374066354e+32,2.412810599408716481e+22,5.803949051869673303e+26,0.000000000000000000e+00,1.216558711623379140e+38,1.032755065973358368e+35,1.000000000000000000e+04,1.684794594279593127e+02,1.830611778879293706e+05
2.830000000000000000e+02,1.882240455790392231e+00,8.921402406090569155e+20,2.922199410599532587e+00,3.351324913676690584e-11,0.000000000000000000e+00,4.722735031758680195e+07,2.451739566447772086e+04,4.722735031758680195e+07,0.000000000000000000e+00,0.000000000000000000e+00,3.006146430591507554e+08,-6.201948302615037333e+32,-2.325855952568768236e+31,3.351912376284272461e+32,2.353867336778126039e+22,5.702279509398457201e+26,0.000000000000000000e+00,1.211502714081842733e+38,1.021154280096614369e+35,1.000000000000000000e+04,1.674086299833025180e+02,1.837745357003001845e+05
2.840000000000000000e+02,1.895766538883679075e+00,8.997169577142167798e+20,1.876553525308802595e+00,3.206148956040206669e-11,0.000000000000000000e+00,4.741148269000602514e+07,2.451739566447772086e+04,4.741148269000602514e+07,0.000000000000000000e+00,0.000000000000000000e+00,3.017860864346031547e+08,-6.189725308689853958e+32,-2.215956049923885007e+31,3.261409799173737486e+32,2.313676737027144627e+22,5.614928135878342369e+26,0.000000000000000000e+00,1.206425949331773929e+38,1.009583746529979295e+35,1.000000000000000000e+04,1.667333802801410911e+02,1.844906733449344756e+05
2.850000000000000000e+02,1.902255167569518735e+00,9.039675741551313551e+20,8.151232595223245614e-01,3.125215796840434415e-11,0.000000000000000000e+00,4.759633259449779987e+07,2.451739566447772086e+04,4.759633259449779987e+07,0.000000000000000000e+00,0.000000000000000000e+00,3.029620947226888537e+08,-6.200695970644731251e+32,-2.103325663217592130e+31,3.209191103498894824e+32,2.291394619998206322e+22,5.542602262782415265e+26,0.000000000000000000e+00,1.201439237474958049e+38,9.982939302722301412e+34,1.000000000000000000e+04,1.664470058054728838e+02,1.852096016543586156e+05
2.860000000000000000e+02,1.901645551722472183e+00,9.048501837352080507e+20,-2.572008825478998562e-01,3.103787109410817903e-11,0.000000000000000000e+00,4.778190282716077566e+07,2.451739566447772086e+04,4.778190282716077566e+07,0.000000000000000000e+00,0.000000000000000000e+00,3.041426857120846510e+08,-6.234944842037760742e+32,-1.988510959074709856e+31,3.193413426662619735e+32,2.286369799282213939e+22,5.484034508539337543e+26,0.000000000000000000e+00,1.196481815733047027e+38,9.871502929742486771e+34,1.000000000000000000e+04,1.665473025508911178e+02,1.859313315033117251e+05
2.870000000000000000e+02,1.893907713429354267e+00,9.023373766885834752e+20,-1.336060979478858934e+00,3.140954397759673052e-11,0.000000000000000000e+00,4.796819619498950243e+07,2.451739566447772086e+04,4.796819619498950243e+07,0.000000000000000000e+00,0.000000000000000000e+00,3.053278772607862949e+08,-6.292979961361996055e+32,-1.872004202654696593e+31,3.213730018098177777e+32,2.298540662904479285e+22,5.438580524110917870e+26,0.000000000000000000e+00,1.191533947558331321e+38,9.760993540240404864e+34,1.000000000000000000e+04,1.670368304858015449e+02,1.866558738089096150e+05
2.880000000000000000e+02,1.879039953625650128e+00,8.964151257738839327e+20,-2.417275217658969133e+00,3.239601066380952363e-11,0.000000000000000000e+00,4.815521551591689885e+07,2.451739566447772086e+04,4.815521551591689885e+07,0.000000000000000000e+00,0.000000000000000000e+00,3.065176872963796258e+08,-6.375762305455561237e+32,-1.754284711338473547e+31,3.271295297649039882e+32,2.328493653158891461e+22,5.406660938292720425e+26,0.000000000000000000e+00,1.186642294323497457e+38,9.652486852472408471e+34,1.000000000000000000e+04,1.679231680950890109e+02,1.873832395308105915e+05
2.890000000000000000e+02,1.857068674197460023e+00,8.870827884867313992e+20,-3.496481540913643382e+00,3.406808286483463933e-11,0.000000000000000000e+00,4.834296361885687709e+07,2.451739566447772086e+04,4.834296361885687709e+07,0.000000000000000000e+00,0.000000000000000000e+00,3.077121338163106441e+08,-6.484748470021779229e+32,-1.635860764115764225e+31,3.368882507781205829e+32,2.377236031755069581e+22,5.387943596995748879e+26,0.000000000000000000e+00,1.181781303147912207e+38,9.545400053069449071e+34,1.000000000000000000e+04,1.692191888792871737e+02,1.881134396713804745e+05
2.900000000000000000e+02,1.828050645005611319e+00,8.743542783537397105e+20,-4.568746985547466721e+00,3.654788993586937463e-11,0.000000000000000000e+00,4.853144334374715388e+07,2.451739566447772086e+04,4.853144334374715388e+07,0.000000000000000000e+00,0.000000000000000000e+00,3.089112348881586194e+08,-6.621949128731638691e+32,-1.517316577489015277e+31,3.511131145766063486e+32,2.446459255325960910e+22,5.382575568962571779e+26,0.000000000000000000e+00,1.176953967307423246e+38,9.439708635405105610e+34,1.000000000000000000e+04,1.709433651519465229e+02,1.888464852758596826e+05
2.910000000000000000e+02,1.792078048207272900e+00,8.582605751060748042e+20,-5.628102350813906973e+00,4.002531277180818387e-11,0.000000000000000000e+00,4.872065754159218073e+07,2.451739566447772086e+04,4.872065754159218073e+07,0.000000000000000000e+00,0.000000000000000000e+00,3.101150086499088407e+08,-6.790005156424975624e+32,-1.399369292661000637e+31,3.704954893650286266e+32,2.538570900611422958e+22,5.390838376096671225e+26,0.000000000000000000e+00,1.172153147158063236e+38,9.335328015649340403e+34,1.000000000000000000e+04,1.731200751319647964e+02,1.895823874325298239e+05
2.920000000000000000e+02,1.749286927142431169e+00,8.388538866504218706e+20,-6.666950907186953046e+00,4.478473314719904341e-11,0.000000000000000000e+00,4.891060907450629026e+07,2.451739566447772086e+04,4.891060907450629026e+07,0.000000000000000000e+00,0.000000000000000000e+00,3.113234733102274537e+08,-6.992281931253757550e+32,-1.282942383742087372e+31,3.960157849365784202e+32,2.656957560265135830e+22,5.413596992233868734e+26,0.000000000000000000e+00,1.167411949599453049e+38,9.232887495183542376e+34,1.000000000000000000e+04,1.757798467456507581e+02,1.903211572728817700e+05
2.930000000000000000e+02,1.699870050670356791e+00,8.162139631386078740e+20,-7.675282486747454058e+00,5.124748330257174526e-11,0.000000000000000000e+00,4.910130081575697660e+07,2.451739566447772086e+04,4.910130081575697660e+07,0.000000000000000000e+00,0.000000000000000000e+00,3.125366471487364173e+08,-7.232979149672057763e+32,-1.169264182110526199e+31,4.290327516430133854e+32,2.805899764231893628e+22,5.450791314183493219e+26,0.000000000000000000e+00,1.162672041668357471e+38,9.131155502961696258e+34,1.000000000000000000e+04,1.789594017530526457e+02,1.910628059717838769e+05
2.940000000000000000e+02,1.644095722018229733e+00,7.904573176837649203e+20,-8.639599072594409179e+00,6.003874050657649965e-11,0.000000000000000000e+00,4.929273564980836213e+07,2.451739566447772086e+04,4.929273564980836213e+07,0.000000000000000000e+00,0.000000000000000000e+00,3.137545485162903070e+08,-7.517246419851649766e+32,-1.060003525207869057e+31,4.714094515280087527e+32,2.991361429702264750e+22,5.504217663958928459e+26,0.000000000000000000e+00,1.158011735902392688e+38,9.031810083795775828e+34,1.000000000000000000e+04,1.827012445496166038e+02,1.918073447476509318e+05
2.950000000000000000e+02,1.582334766172550422e+00,7.617504553790307041e+20,-9.541424533502146588e+00,7.209267590919321120e-11,0.000000000000000000e+00,4.948491647236482799e+07,2.451739566447772086e+04,4.948491647236482799e+07,0.000000000000000000e+00,0.000000000000000000e+00,3.149771958352538347e+08,-7.851279955684710233e+32,-9.574589628544276994e+30,5.256860529739465444e+32,3.220557787959720201e+22,5.573433815367408058e+26,0.000000000000000000e+00,1.153331034736598985e+38,8.932652020195325560e+34,1.000000000000000000e+04,1.870523355473526408e+02,1.925547848626140913e+05
2.960000000000000000e+02,1.515098862337280528e+00,7.303286730648388895e+20,-1.035523346190025507e+01,8.881659654025656025e-11,0.000000000000000000e+00,4.967784619041480869e+07,2.451739566447772086e+04,4.967784619041480869e+07,0.000000000000000000e+00,0.000000000000000000e+00,3.162046075997803807e+08,-8.242345321920481369e+32,-8.648230413985400688e+30,5.953065954479389974e+32,3.503173290295579116e+22,5.660246854880013064e+26,0.000000000000000000e+00,1.148698384189020420e+38,8.835208203552646306e+34,1.000000000000000000e+04,1.920610446767879864e+02,1.933051376226909633e+05
2.970000000000000000e+02,1.443094532518172102e+00,6.965225607386394788e+20,-1.104561149238263873e+01,1.123417244313690122e-10,0.000000000000000000e+00,4.987152772227478027e+07,2.451739566447772086e+04,4.987152772227478027e+07,0.000000000000000000e+00,0.000000000000000000e+00,3.174368023760919571e+08,-8.698611558247754455e+32,-7.865465956289339676e+30,6.848907898399766958e+32,3.851105076324086055e+22,5.765467088052477073e+26,0.000000000000000000e+00,1.144125646024682603e+38,8.739619880009703390e+34,1.000000000000000000e+04,1.977710213460033799e+02,1.940584143779567967e+05
2.980000000000000000e+02,1.367298199979771089e+00,6.607948902668099912e+20,-1.156350329398806842e+01,1.458863686358737671e-10,0.000000000000000000e+00,5.006596399763339758e+07,2.451739566447772086e+04,5.006596399763339758e+07,0.000000000000000000e+00,0.000000000000000000e+00,3.186737988027599454e+08,-9.228570080580512853e+32,-7.288233458150940343e+30,8.004937219362569031e+32,4.278212253328285578e+22,5.888119354855628271e+26,0.000000000000000000e+00,1.139525361506260363e+38,8.644119893562712272e+34,1.000000000000000000e+04,2.042097745201452028e+02,1.948146265227161930e+05
2.990000000000000000e+02,1.289057864245038543e+00,6.237906688931404186e+20,-1.184166351636187464e+01,1.942158951457999061e-10,0.000000000000000000e+00,5.026115795759578049e+07,2.451739566447772086e+04,5.026115795759578049e+07,0.000000000000000000e+00,0.000000000000000000e+00,3.199156155909869671e+08,-9.839616642521434235e+32,-7.001837613561646125e+30,9.496692651334437176e+32,4.800640450722150954e+22,6.029466543025990565e+26,0.000000000000000000e+00,1.135051699021072964e+38,8.551827994266366024e+34,1.000000000000000000e+04,2.113686800733638620e+02,1.955737854956753145e+05
3.000000000000000000e+02,1.210224182773076418e+00,5.864018277263170601e+20,-1.179022112012185097e+01,2.640181952724538631e-10,0.000000000000000000e+00,5.045711255472806841e+07,2.451739566447772086e+04,5.045711255472806841e+07,0.000000000000000000e+00,0.000000000000000000e+00,3.211622715248898864e+08,-1.053507655078729046e+33,-7.120883911162042654e+30,1.140865251583912519e+33,5.431666002676570024e+22,6.183902671527424743e+26,0.000000000000000000e+00,1.130505993357014414e+38,8.458663025680051483e+34,1.000000000000000000e+04,2.191702608676654620e+02,1.963359027801149641e+05
3.010000000000000000e+02,1.133302136960270712e+00,5.498423960172554486e+20,-1.129521632415341159e+01,3.635383721623313352e-10,0.000000000000000000e+00,5.065383075310201198e+07,2.451739566447772086e+04,5.065383075310201198e+07,0.000000000000000000e+00,0.000000000000000000e+00,3.224137854617843032e+08,-1.130864947711690819e+33,-7.791653686125668690e+30,1.381136392863573932e+33,6.177929456565104515e+22,6.348682903532282329e+26,0.000000000000000000e+00,1.126105583143107760e+38,8.369055252997005217e+34,1.000000000000000000e+04,2.274196065357486987e+02,1.971009899040644523e+05
3.020000000000000000e+02,1.061584440633295268e+00,5.157153848972328305e+20,-1.022677253152202326e+01,4.998299091204230087e-10,0.000000000000000000e+00,5.085131552833985537e+07,2.451739566447772086e+04,5.085131552833985537e+07,0.000000000000000000e+00,0.000000000000000000e+00,3.236701763324691653e+08,-1.213542054007826240e+33,-9.182515707046875519e+30,1.670522306827126703e+33,7.021864176568104282e+22,6.509558223522647146e+26,0.000000000000000000e+00,1.121612707592587267e+38,8.278130010551766516e+34,1.000000000000000000e+04,2.357436350765759983e+02,1.978690584404756082e+05
3.029852594860847717e+02,1.000000000000001776e+00,4.864187091843026125e+20,-8.499793443736191279e+00,6.682902326652518957e-10,0.000000000000000000e+00,5.104664189413680136e+07,2.451739566447772086e+04,5.104664189413680136e+07,0.000000000000000000e+00,0.000000000000000000e+00,3.249128354817417860e+08,-1.294878703091110701e+33,-1.140729016053297319e+31,1.986989259707313464e+33,7.893128541489279376e+22,6.651722738161255010e+26,0.000000000000000000e+00,1.117314853005399581e+38,8.191723365915767584e+34,1.000000000000000000e+04,2.434330629260604724e+02,1.986287323734129604e+05
