mass_msun,alpha1.35_mc0.2,alpha1.35_mc5,alpha1.35_mc10,alpha2.35_mc0.2,alpha2.35_mc5,alpha2.35_mc10
8.000000000000000167e-02,1.330310634364519767e-02,0.000000000000000000e+00,0.000000000000000000e+00,1.239303572895573247e+00,0.000000000000000000e+00,0.000000000000000000e+00
8.057308587010750256e-02,1.383991336328950494e-02,1.961440613989748780e-321,0.000000000000000000e+00,1.280141569355682130e+00,6.455511135126311471e-319,0.000000000000000000e+00
8.115027708289644648e-02,1.439034009372519053e-02,8.542434541846820049e-318,0.000000000000000000e+00,1.321586753118993096e+00,2.789097032150530787e-315,0.000000000000000000e+00
8.173160304729042147e-02,1.495439601997464348e-02,3.380489224895830413e-314,0.000000000000000000e+00,1.363620389161499746e+00,1.095876371352079538e-311,0.000000000000000000e+00
8.231709338288586975e-02,1.553207767262155918e-02,1.217526365855627208e-310,0.000000000000000000e+00,1.406222856374822250e+00,3.918865622054605699e-308,0.000000000000000000e+00
8.290677792146151914e-02,1.612336849792986304e-02,3.995236243096534502e-307,0.000000000000000000e+00,1.449373674150748803e+00,1.276804638505834356e-304,0.000000000000000000e+00
8.350068670849816743e-02,1.672823875101319552e-02,1.195724143152595542e-303,0.000000000000000000e+00,1.493051530667896420e+00,3.794136709617237318e-301,0.000000000000000000e+00
8.409885000470956884e-02,1.734664541221691073e-02,3.267367111711874019e-300,0.000000000000000000e+00,1.537234312794420354e+00,1.029389893878579404e-297,0.000000000000000000e+00
8.470129828758445056e-02,1.797853212680914151e-02,8.160035959201009704e-297,0.000000000000000000e+00,1.581899137517070564e+00,2.552548657577691420e-294,0.000000000000000000e+00
8.530806225293911804e-02,1.862382916801111690e-02,1.864477395987851885e-293,0.000000000000000000e+00,1.627022384803529675e+00,5.790806716673681844e-291,0.000000000000000000e+00
8.591917281648175919e-02,1.928245342333575335e-02,3.901501253740646375e-290,0.000000000000000000e+00,1.672579731802321445e+00,1.203133135020463713e-287,0.000000000000000000e+00
8.653466111538740679e-02,1.995430840413814702e-02,7.484273394110151740e-287,0.000000000000000000e+00,1.718546188281946163e+00,2.291561780850046654e-284,0.000000000000000000e+00
8.715455850988450270e-02,2.063928427822290038e-02,1.317466442397279147e-283,0.000000000000000000e+00,1.764896133209026940e+00,4.005174835305781835e-281,0.000000000000000000e+00
8.777889658485292512e-02,2.133725792529271581e-02,2.130224613894513873e-280,0.000000000000000000e+00,1.811603352363548636e+00,6.429945698627746849e-278,0.000000000000000000e+00
8.840770715143302094e-02,2.204809301496418739e-02,3.166840801003578430e-277,0.000000000000000000e+00,1.858641076887974863e+00,9.490915973870150990e-275,0.000000000000000000e+00
8.904102224864660076e-02,2.277164010702305633e-02,4.332677673447933387e-274,0.000000000000000000e+00,1.905982022666302678e+00,1.289253348260036663e-271,0.000000000000000000e+00
8.967887414502945242e-02,2.350773677353599697e-02,5.460412619928621944e-271,0.000000000000000000e+00,1.953598430428541866e+00,1.613271042408338790e-268,0.000000000000000000e+00
9.032129534027524831e-02,2.425620774238494010e-02,6.345099492929202208e-268,0.000000000000000000e+00,2.001462106475993874e+00,1.861316824924063632e-265,0.000000000000000000e+00
9.096831856689174822e-02,2.501686506174206903e-02,6.804491399625128767e-265,0.000000000000000000e+00,2.049544463923037352e+00,1.981880781075723330e-262,0.000000000000000000e+00
9.161997679186831278e-02,2.578950828495551670e-02,6.740513441743050034e-262,0.000000000000000000e+00,2.097816564351601354e+00,1.949282688094315851e-259,0.000000000000000000e+00
9.227630321835574023e-02,2.657392467527424501e-02,6.173361201877104577e-259,0.000000000000000000e+00,2.146249159775586612e+00,1.772570530792108171e-256,0.000000000000000000e+00
9.293733128735820470e-02,2.736988942979712292e-02,5.232011332351752367e-256,0.000000000000000000e+00,2.194812734813573307e+00,1.491593570299340825e-253,0.000000000000000000e+00
9.360309467943672690e-02,2.817716592199421416e-02,4.106921751448872464e-253,0.000000000000000000e+00,2.243477548969799784e+00,1.162514142534827236e-250,0.000000000000000000e+00
9.427362731642574545e-02,2.899550596211337636e-02,2.988430001873594275e-250,0.000000000000000000e+00,2.292213678925265175e+00,8.398948037344025896e-248,0.000000000000000000e+00
9.494896336316106800e-02,2.982465007475046045e-02,2.017541619453780356e-247,0.000000000000000000e+00,2.340991060742776408e+00,5.629946903698758309e-245,0.000000000000000000e+00
9.562913722922082582e-02,3.066432779283391474e-02,1.264807043006187690e-244,0.000000000000000000e+00,2.389779531892259001e+00,3.504338595291626471e-242,0.000000000000000000e+00
9.631418357067880742e-02,3.151425796724650896e-02,7.369089173390547943e-242,0.000000000000000000e+00,2.438548873005170758e+00,2.027195289863234161e-239,0.000000000000000000e+00
9.700413729186997680e-02,3.237414909128259050e-02,3.993487861543349843e-239,0.000000000000000000e+00,2.487268849269664628e+00,1.090772386976344265e-236,0.000000000000000000e+00
9.769903354716924504e-02,3.324369963911982112e-02,2.014638361913243367e-236,0.000000000000000000e+00,2.535909251381211149e+00,5.463599490014735214e-234,0.000000000000000000e+00
9.839890774278227392e-02,3.412259841746367178e-02,9.468934271513717768e-234,0.000000000000000000e+00,2.584439935966499569e+00,2.549663391657924043e-231,0.000000000000000000e+00
9.910379553854975487e-02,3.501052492951066408e-02,4.149669078869271110e-231,0.000000000000000000e+00,2.632830865401903697e+00,1.109417982602316466e-228,0.000000000000000000e+00
9.981373284976434446e-02,3.590714975036121692e-02,1.696990111724753204e-228,0.000000000000000000e+00,2.681052146951210080e+00,4.504649845214921781e-226,0.000000000000000000e+00
1.005287558490003952e-01,3.681213491300414087e-02,6.480967564165530437e-226,0.000000000000000000e+00,2.729074071150939140e+00,1.708132532884075169e-223,0.000000000000000000e+00
1.012489009679572588e-01,3.772513430398900802e-02,2.313302373618732657e-223,0.000000000000000000e+00,2.776867149375441990e+00,6.053605420237493037e-221,0.000000000000000000e+00
1.019742048993153710e-01,3.864579406789585975e-02,7.723079010585293079e-221,0.000000000000000000e+00,2.824402150517610455e+00,2.006652517208281057e-218,0.000000000000000000e+00
1.027047045986059365e-01,3.957375301971241544e-02,2.413480440459849822e-218,0.000000000000000000e+00,2.871650136725133251e+00,6.226234446203368089e-216,0.000000000000000000e+00
1.034404372860937699e-01,4.050864306422738426e-02,7.065099597301854453e-216,0.000000000000000000e+00,2.918582498136021108e+00,1.809672408100103579e-213,0.000000000000000000e+00
1.041814404486737927e-01,4.145008962155404680e-02,1.938814501339038023e-213,0.000000000000000000e+00,2.965170986561324717e+00,4.930806111797833240e-211,0.000000000000000000e+00
1.049277518417810473e-01,4.239771205790128505e-02,4.991330217275050603e-211,0.000000000000000000e+00,3.011387748066817860e+00,1.260369715206038124e-208,0.000000000000000000e+00
1.056794094913144355e-01,4.335112412071861349e-02,1.206350220892422823e-208,0.000000000000000000e+00,3.057205354409605391e+00,3.024510205594999958e-206,0.000000000000000000e+00
1.064364516955741691e-01,4.430993437735109702e-02,2.739170000239361535e-206,0.000000000000000000e+00,3.102596833289610334e+00,6.818684918024332242e-204,0.000000000000000000e+00
1.071989170272130698e-01,4.527374665635147677e-02,5.847374559793339033e-204,0.000000000000000000e+00,3.147535697379924446e+00,1.445248542566309352e-201,0.000000000000000000e+00
1.079668443352020946e-01,4.624216049061157657e-02,1.174366271084910952e-201,0.000000000000000000e+00,3.191995972104031409e+00,2.881941663525493996e-199,0.000000000000000000e+00
1.087402727468095992e-01,4.721477156148916332e-02,2.220485163840323760e-199,0.000000000000000000e+00,3.235952222131840639e+00,5.410401339076266148e-197,0.000000000000000000e+00
1.095192416695950216e-01,4.819117214312535619e-02,3.955408464662271192e-197,0.000000000000000000e+00,3.279379576570423449e+00,9.569140576985230409e-195,0.000000000000000000e+00
1.103037907934166922e-01,4.917095154616515917e-02,6.642446802463388702e-195,0.000000000000000000e+00,3.322253752829135820e+00,1.595547254614646635e-192,0.000000000000000000e+00
1.110939600924542026e-01,5.015369656011496591e-02,1.052322610440047588e-192,0.000000000000000000e+00,3.364551079142631185e+00,2.509750086662714922e-190,0.000000000000000000e+00
1.118897898272450953e-01,5.113899189359202152e-02,1.573770042955477999e-190,0.000000000000000000e+00,3.406248515738909077e+00,3.726686328846180519e-188,0.000000000000000000e+00
1.126913205467362372e-01,5.212642061174377339e-02,2.223255739397851473e-188,0.000000000000000000e+00,3.447323674643174574e+00,5.227222399280197774e-186,0.000000000000000000e+00
1.134985930903498891e-01,5.311556457013971722e-02,2.968754863222240630e-186,0.000000000000000000e+00,3.487754838111736255e+00,6.930361429950080891e-184,0.000000000000000000e+00
1.143116485900643881e-01,5.410600484446206199e-02,3.749504029899501069e-184,0.000000000000000000e+00,3.527520975693595240e+00,8.690712050366546501e-182,0.000000000000000000e+00
1.151305284725101241e-01,5.509732215534961924e-02,4.481903774557270649e-182,0.000000000000000000e+00,3.566601759920630776e+00,1.031440200397233164e-179,0.000000000000000000e+00
1.159552744610801850e-01,5.608909728777374676e-02,5.073550374253235177e-180,0.000000000000000000e+00,3.604977580630423617e+00,1.159293745120508814e-177,0.000000000000000000e+00
1.167859285780562112e-01,5.708091150435410516e-02,5.442401973346091337e-178,0.000000000000000000e+00,3.642629557928799056e+00,1.234730344212082076e-175,0.000000000000000000e+00
1.176225331467495860e-01,5.807234695204988029e-02,5.535589035221078072e-176,0.000000000000000000e+00,3.679539553802060325e+00,1.246939367175335806e-173,0.000000000000000000e+00
1.184651307936577386e-01,5.906298706168987972e-02,5.341878849108165897e-174,0.000000000000000000e+00,3.715690182391658158e+00,1.194745820911328525e-171,0.000000000000000000e+00
1.193137644506362671e-01,6.005241693983522783e-02,4.893736707931147796e-172,0.000000000000000000e+00,3.751064818946661106e+00,1.086731049385092205e-169,0.000000000000000000e+00
1.201684773570861897e-01,6.104022375249516102e-02,4.258532777077481257e-170,0.000000000000000000e+00,3.785647607471829712e+00,9.389478245718286134e-168,0.000000000000000000e+00
1.210293130621571817e-01,6.202599710024861435e-02,3.522133089984324780e-168,0.000000000000000000e+00,3.819423467091544122e+00,7.710583032680921283e-166,0.000000000000000000e+00
1.218963154269664395e-01,6.300932938435201136e-02,2.770311278876275027e-166,0.000000000000000000e+00,3.852378097151971215e+00,6.021573835119094907e-164,0.000000000000000000e+00
1.227695286268334629e-01,6.398981616344273649e-02,2.073367259754714684e-164,0.000000000000000000e+00,3.884497981085882845e+00,4.474635585192200527e-162,0.000000000000000000e+00
1.236489971535309068e-01,6.496705650047912561e-02,1.477385274528576529e-162,0.000000000000000000e+00,3.915770389066588919e+00,3.165739620959533349e-160,0.000000000000000000e+00
1.245347658175515460e-01,6.594065329958502530e-02,1.002820911713745653e-160,0.000000000000000000e+00,3.946183379479076603e+00,2.133559689312679509e-158,0.000000000000000000e+00
1.254268797503913513e-01,6.691021363249682885e-02,6.487906096678352570e-159,0.000000000000000000e+00,3.975725799238180258e+00,1.370521841457911770e-156,0.000000000000000000e+00
1.263253844068491505e-01,6.787534905434022825e-02,4.002893540122254024e-157,0.000000000000000000e+00,4.004387282985091723e+00,8.395671462267040901e-155,0.000000000000000000e+00
1.272303255673424560e-01,6.883567590849087869e-02,2.356491616382654762e-155,0.000000000000000000e+00,4.032158251194831067e+00,4.907352835969427425e-153,0.000000000000000000e+00
1.281417493402401964e-01,6.979081562030248209e-02,1.324376722537586865e-153,0.000000000000000000e+00,4.059029907228596024e+00,2.738374957457789054e-151,0.000000000000000000e+00
1.290597021642120867e-01,7.074039497951244149e-02,7.109511119134593965e-152,0.000000000000000000e+00,4.084994233365927485e+00,1.459557145241788546e-149,0.000000000000000000e+00
1.299842308105944588e-01,7.168404641116207787e-02,3.647343580420901303e-150,0.000000000000000000e+00,4.110043985852627202e+00,7.434607259126321899e-148,0.000000000000000000e+00
1.309153823857737986e-01,7.262140823489610097e-02,1.789146754262364739e-148,0.000000000000000000e+00,4.134172689001228918e+00,3.620989874911493669e-146,0.000000000000000000e+00
1.318532043335863824e-01,7.355212491252888229e-02,8.395927454745551538e-147,0.000000000000000000e+00,4.157374628381405479e+00,1.687135690861182817e-144,0.000000000000000000e+00
1.327977444377360650e-01,7.447584728379413876e-02,3.771059417473363875e-145,0.000000000000000000e+00,4.179644843138473398e+00,7.523929209707445405e-143,0.000000000000000000e+00
1.337490508242287490e-01,7.539223279021471658e-02,1.621982404405943859e-143,0.000000000000000000e+00,4.200979117478437885e+00,3.213123763188586511e-141,0.000000000000000000e+00
1.347071719638244514e-01,7.630094568705619862e-02,6.683910002062522032e-142,0.000000000000000000e+00,4.221373971358514332e+00,1.314655307180756096e-139,0.000000000000000000e+00
1.356721566745070495e-01,7.720165724334862589e-02,2.640145978513566631e-140,0.000000000000000000e+00,4.240826650422236277e+00,5.155956396218607739e-138,0.000000000000000000e+00
1.366440541239716810e-01,7.809404592998427097e-02,1.000108184334420661e-138,0.000000000000000000e+00,4.259335115218450873e+00,1.939225291874709201e-136,0.000000000000000000e+00
1.376229138321298506e-01,7.897779759591876114e-02,3.634914056451623544e-137,0.000000000000000000e+00,4.276898029743499308e+00,6.998023914329259198e-135,0.000000000000000000e+00
1.386087856736325785e-01,7.985260563252519206e-02,1.268158461656607944e-135,0.000000000000000000e+00,4.293514749345885839e+00,2.424123764790158352e-133,0.000000000000000000e+00
1.396017198804115345e-01,8.071817112616885836e-02,4.249001468050414027e-134,0.000000000000000000e+00,4.309185308032542849e+00,8.064327126496849957e-132,0.000000000000000000e+00
1.406017670442386569e-01,8.157420299909004524e-02,1.367834950777221370e-132,0.000000000000000000e+00,4.323910405215630526e+00,2.577596550523206222e-130,0.000000000000000000e+00
1.416089781193036468e-01,8.242041813869870059e-02,4.232638546074642119e-131,0.000000000000000000e+00,4.337691391938445662e+00,7.919402529359170303e-129,0.000000000000000000e+00
1.426234044248103072e-01,8.325654151540275161e-02,1.259546810291751074e-129,0.000000000000000000e+00,4.350530256618641012e+00,2.339890518811704285e-127,0.000000000000000000e+00
1.436450976475914243e-01,8.408230628910810800e-02,3.606084047835527258e-128,0.000000000000000000e+00,4.362429610346553410e+00,6.651461167487370563e-126,0.000000000000000000e+00
1.446741098447420215e-01,8.489745390454177254e-02,9.937253056955687771e-127,0.000000000000000000e+00,4.373392671775824248e+00,1.819900124396760939e-124,0.000000000000000000e+00
1.457104934462720436e-01,8.570173417556592455e-02,2.636903475358577097e-125,0.000000000000000000e+00,4.383423251642981633e+00,4.794854442090709175e-123,0.000000000000000000e+00
1.467543012577776917e-01,8.649490535866218022e-02,6.740711818704189366e-124,0.000000000000000000e+00,4.392525736951967019e+00,1.216989820461191838e-121,0.000000000000000000e+00
1.478055864631317995e-01,8.727673421577922253e-02,1.660676668225037730e-122,0.000000000000000000e+00,4.400705074858912269e+00,2.976913799086506181e-120,0.000000000000000000e+00
1.488644026271939980e-01,8.804699606674758205e-02,3.944702573659170488e-121,0.000000000000000000e+00,4.407966756291682664e+00,7.020942698512871420e-119,0.000000000000000000e+00
1.499308036985394776e-01,8.880547483147623045e-02,9.038019854335160676e-120,0.000000000000000000e+00,4.414316799337977493e+00,1.597182143446344525e-117,0.000000000000000000e+00
1.510048440122081503e-01,8.955196306215644497e-02,1.998205340441660580e-118,0.000000000000000000e+00,4.419761732434869472e+00,3.506075471150958068e-116,0.000000000000000000e+00
1.520865782924729626e-01,9.028626196570564699e-02,4.264721386919962283e-117,0.000000000000000000e+00,4.424308577391823150e+00,7.429708915884075285e-115,0.000000000000000000e+00
1.531760616556281096e-01,9.100818141669450578e-02,8.790202240276791540e-116,0.000000000000000000e+00,4.427964832278351359e+00,1.520477480308229072e-113,0.000000000000000000e+00
1.542733496127975945e-01,9.171753996100559525e-02,1.750397480236535515e-114,0.000000000000000000e+00,4.430738454206488264e+00,3.006199473920904259e-112,0.000000000000000000e+00
1.553784980727631881e-01,9.241416481048037035e-02,3.368791270088105618e-113,0.000000000000000000e+00,4.432637842037325804e+00,5.744539340153643749e-111,0.000000000000000000e+00
1.564915633448135113e-01,9.309789182881643421e-02,6.268724868904321008e-112,0.000000000000000000e+00,4.433671819039868289e+00,1.061354105676087019e-109,0.000000000000000000e+00
1.576126021416128786e-01,9.376856550898231280e-02,1.128283303366599417e-110,0.000000000000000000e+00,4.433849615529489974e+00,1.896702629603914497e-108,0.000000000000000000e+00
1.587416715820907376e-01,9.442603894242063145e-02,1.964966882931476479e-109,0.000000000000000000e+00,4.433180851512204868e+00,3.279716541052635650e-107,0.000000000000000000e+00
1.598788291943525341e-01,9.507017378031668020e-02,3.312476771653479153e-108,0.000000000000000000e+00,4.431675519360005921e+00,5.489514118674607047e-106,0.000000000000000000e+00
1.610241329186102022e-01,9.570084018720871610e-02,5.407188954879965177e-107,3.656085779225224427e-322,4.429343966541442690e+00,8.897184594001821165e-105,7.907520661689150940e-320
1.621776411101348014e-01,9.631791678722276262e-02,8.550078311533933105e-106,1.608406006753886062e-318,4.426196878430608272e+00,1.396854391044823058e-103,3.462974688012939793e-316
1.633394125422296395e-01,9.692129060321345857e-02,1.310102937193411768e-104,6.429271017176951821e-315,4.422245261216623646e+00,2.125134663036307488e-102,1.374407460319278133e-312
1.645095064092247372e-01,9.751085698909472965e-02,1.945954527918645740e-103,2.338725833632813949e-311,4.417500424934702075e+00,3.134106228148828629e-101,4.964014866102530598e-309
1.656879823294933329e-01,9.808651955564622049e-02,2.802885072635020210e-102,7.750203755236838651e-308,4.411973966638853994e+00,4.482149162297728433e-100,1.633303417969674770e-305
1.668749003484890081e-01,9.864819009007755324e-02,3.916290357178876752e-101,2.342194112361955694e-304,4.405677753735159463e+00,6.218074026494854446e-99,4.900908851240545166e-302
1.680703209418054622e-01,9.919578846963711394e-02,5.309961809491193311e-100,6.461942885363569706e-301,4.398623907493679930e+00,8.370904595989920578e-98,1.342507886436647426e-298
1.692743050182577702e-01,9.972924256954675271e-02,6.988807246988024935e-99,1.629232850253917462e-297,4.390824786755888276e+00,1.093916183528327734e-96,3.360755195015593917e-295
1.704869139229856501e-01,1.002484881655445331e-01,8.932158578146036154e-98,3.757744593197081800e-294,4.382292971853603447e+00,1.388153202772865552e-95,7.696281941087501785e-292
1.717082094405793513e-01,1.007534688313158483e-01,1.108910167852975408e-96,7.936602254475383997e-291,4.373041248754402588e+00,1.711107639559436218e-94,1.613943460269391658e-288
1.729382537982275259e-01,1.012441358310898071e-01,1.337722777553478687e-95,1.536524334442344665e-287,4.363082593447475510e+00,2.049496007061803783e-93,3.102366720926836626e-285
1.741771096688878862e-01,1.017204480076758927e-01,1.568582276608634017e-94,2.729424087599969234e-284,4.352430156582950183e+00,2.386097843433051368e-92,5.471730518060846143e-282
1.754248401744804842e-01,1.021823716662125375e-01,1.788380445915567728e-93,4.453010859079277436e-281,4.341097248376784457e+00,2.701101146418958795e-91,8.863544399635599344e-279
1.766815088891037222e-01,1.026298804538961079e-01,1.983181037164069021e-92,6.678935238640830311e-278,4.329097323792361784e+00,2.974015897418986488e-90,1.319960371240674125e-275
1.779471798422739559e-01,1.030629552359545176e-01,2.139693115348454299e-91,9.218203190293813735e-275,4.316443968009054721e+00,3.185901936068436324e-89,1.808839057678138027e-272
1.792219175221875516e-01,1.034815839681257066e-01,2.246790523818303117e-90,1.171874215495712485e-271,4.303150882187133597e+00,3.321570601588378240e-88,2.283151019450375418e-269
1.805057868790067299e-01,1.038857615658974887e-01,2.296832865047695707e-89,1.373462646273141375e-268,4.289231869537505126e+00,3.371400045009381643e-87,2.656871087380798773e-266
1.817988533281691965e-01,1.042754897707601908e-01,2.286568157939987946e-88,1.485438542399456126e-265,4.274700821703993014e+00,3.332460695121895483e-86,2.853042942619360980e-263
1.831011827537206982e-01,1.046507770137176385e-01,2.217469146044836501e-87,1.483852743417704542e-262,4.259571705464976432e+00,3.208769051217641440e-85,2.829726188818199387e-260
1.844128415116722819e-01,1.050116382762991962e-01,2.095457910834198248e-86,1.370304226635926864e-259,4.243858549760471277e+00,3.010646786797277872e-84,2.594601097493660229e-257
1.857338964333812570e-01,1.053580949493087421e-01,1.930083053712161592e-85,1.170902185700701935e-256,4.227575433049988618e+00,2.753321030370568894e-83,2.201274521137737369e-254
1.870644148289559439e-01,1.056901746895400063e-01,1.733305354791159159e-84,9.265836059836951953e-254,4.210736471005652959e+00,2.455025023139025141e-82,1.729570192797460025e-251
1.884044644906860133e-01,1.060079112746856039e-01,1.518102435971468121e-83,6.796535414405318215e-251,4.193355804544527388e+00,2.134921503092981678e-81,1.259624659862225605e-248
1.897541136964958075e-01,1.063113444566570337e-01,1.297111967965161191e-82,4.624915848679015699e-248,4.175447588203226701e+00,1.811166141503534940e-80,8.510545445380364908e-246
1.911134312134237234e-01,1.066005198135301368e-01,1.081499487354788985e-81,2.922156125294399958e-245,4.157025978857363135e+00,1.499364183219772215e-79,5.338963672168161641e-243
1.924824863011259379e-01,1.068754886003232957e-01,8.801735566098557791e-81,1.715742760878164182e-242,4.138105124787648137e+00,1.211571701500160874e-78,3.112473877853743994e-240
1.938613487154050852e-01,1.071363075988093494e-01,6.993954096526213211e-80,9.369400590942502938e-240,4.118699155093938025e+00,9.558804334379668903e-78,1.687583761161338285e-237
1.952500887117648853e-01,1.073830389665571539e-01,5.427597829468632461e-79,4.762553862183576762e-237,4.098822169457861264e+00,7.365266138071100373e-77,8.517132829255529623e-235
1.966487770489892539e-01,1.076157500853908294e-01,4.114713339816208804e-78,2.255225530992057130e-234,4.078488228254140147e+00,5.543963454546504957e-76,4.004455661748073185e-232
1.980574849927479453e-01,1.078345134094504110e-01,3.048132536778866217e-77,9.956611386974534232e-232,4.057711343010197425e+00,4.077693800925346622e-75,1.755355387770236335e-229
1.994762843192276203e-01,1.080394063130294263e-01,2.207010672586823100e-76,4.101570441644890555e-229,4.036505467213074461e+00,2.931468200498631878e-74,7.179656467049119469e-227
2.009052473187887544e-01,1.082305109383605163e-01,1.562298573964727741e-75,1.577783653159689061e-226,4.014884487462309082e+00,2.060367925738709092e-73,2.742211400643131298e-224
2.023444467996494411e-01,1.084079140435120076e-01,1.081493885310882572e-74,5.672064079246387177e-224,3.992862214966820478e+00,1.416135475603883153e-72,9.788014373712612599e-222
2.037939560915944248e-01,1.085717068505537564e-01,7.323095140347826320e-74,1.907063296932727466e-221,3.970452377383590470e+00,9.520842932145094351e-72,3.267522356379228402e-219
2.052538490497119172e-01,1.087219848941431560e-01,4.851597428496630697e-73,6.001357553628710862e-219,3.947668610995340277e+00,6.262755705181572431e-71,1.020946423522120725e-216
2.067242000581565597e-01,1.088588478706763868e-01,3.145588948605011323e-72,1.768970845533879074e-216,3.924524453224165654e+00,4.031648623952056340e-70,2.987955430895051228e-214
2.082050840339391140e-01,1.089823994881439911e-01,1.996423866994958923e-71,4.887663342083318589e-214,3.901033335477659847e+00,2.540583347794827654e-69,8.196995831302552613e-212
2.096965764307440472e-01,1.090927473168232381e-01,1.240630158356126383e-70,1.266806616126583369e-211,3.877208576323711853e+00,1.567555832132454550e-68,2.109423318761333929e-209
2.111987532427737624e-01,1.091900026409339391e-01,7.550483224390871358e-70,3.082216645588599800e-209,3.853063374989904588e+00,9.472299491915850906e-68,5.095849243356103183e-207
2.127116910086206680e-01,1.092742803113785910e-01,4.501454282992461644e-69,7.044847395595192203e-207,3.828610805183080057e+00,5.607038107608698074e-67,1.156445018327590860e-204
2.142354668151671415e-01,1.093456985996807823e-01,2.629531082511433138e-68,1.513714102228023296e-204,3.803863809224410364e+00,3.252063093006317375e-66,2.467159610445533639e-202
2.157701583015128322e-01,1.094043790532318178e-01,1.505399167315658424e-67,3.059741317732630917e-202,3.778835192495062056e+00,1.848554739231196594e-65,4.951514905849532083e-200
2.173158436629310242e-01,1.094504463519472420e-01,8.448358212405036828e-67,5.822311542595123563e-200,3.753537618187263725e+00,1.030037304445454820e-64,9.355108090243247691e-198
2.188726016548525333e-01,1.094840281664315740e-01,4.648774850324082663e-66,1.043695738947978413e-197,3.727983602355453563e+00,5.627547077363558737e-64,1.665049963522162564e-195
2.204405115968782747e-01,1.095052550177425948e-01,2.508692285838759586e-65,1.763658946489312037e-195,3.702185509261907814e+00,3.015282507248261276e-63,2.793624014664713683e-193
2.220196533768213076e-01,1.095142601388415099e-01,1.327990610583015254e-64,2.811309537153895950e-193,3.676155547011128899e+00,1.584804180815423853e-62,4.421422382956312053e-191
2.236101074547765521e-01,1.095111793378098636e-01,6.897255159028404862e-64,4.230034645742653123e-191,3.649905763467124142e+00,8.172536831258327607e-62,6.605371586883194817e-189
2.252119548672209537e-01,1.094961508629090502e-01,3.515484040461961222e-63,6.011805844552256789e-189,3.623448042447509287e+00,4.135858905777205727e-61,9.320908953646193502e-187
2.268252772311421528e-01,1.094693152695526417e-01,1.758791361074435324e-62,8.075567749158715237e-187,3.596794100188308807e+00,2.054446789807061242e-60,1.243158129826111258e-184
2.284501567481969087e-01,1.094308152892572716e-01,8.638843839212093731e-62,1.025950527452430015e-184,3.569955482073191355e+00,1.001927247036053491e-59,1.568121533343438080e-182
2.300866762088998874e-01,1.093807957006327075e-01,4.166772023447976279e-61,1.233502371711367665e-182,3.542943559620770788e+00,4.798221509483054679e-59,1.871945835433218043e-180
2.317349189968413714e-01,1.093194032024667472e-01,1.973950925409249093e-60,1.404383220219790875e-180,3.515769527723579202e+00,2.256923793607434583e-58,2.116113272955395584e-178
2.333949690929363330e-01,1.092467862889564129e-01,9.186585476428770309e-60,1.515067974792110746e-178,3.488444402132181654e+00,1.042880756774114300e-57,2.266654817458819193e-176
2.350669110797031225e-01,1.091630951271319316e-01,4.200884106325732094e-59,1.549691198396532762e-176,3.460979017177921779e+00,4.735013527216743118e-57,2.301963461056650195e-174
2.367508301455729658e-01,1.090684814365160127e-01,1.887916363764830843e-58,1.503790985360310208e-174,3.433384023727708456e+00,2.112823722373457403e-56,2.217893695608558152e-172
2.384468120892311305e-01,1.089630983710565132e-01,8.339997994832710236e-58,1.385220045921623443e-172,3.405669887364232373e+00,9.267155487215522910e-56,2.028485964410072192e-170
2.401549433239875686e-01,1.088471004033661066e-01,3.622221371621866445e-57,1.211980986280940231e-170,3.377846886785022651e+00,3.996276067872709221e-55,1.762175001294655668e-168
2.418753108821806441e-01,1.087206432112997334e-01,1.547011770704926321e-56,1.007795572670070684e-168,3.349925112413690620e+00,1.694626922135030797e-54,1.454874947157590208e-166
2.436080024196111415e-01,1.085838835668948010e-01,6.498372819977719378e-56,7.968923467738164548e-167,3.321914465216781132e+00,7.067813762270467884e-54,1.142228166177811778e-164
2.453531062200084711e-01,1.084369792276980160e-01,2.685281714592808149e-55,5.995502049275953677e-165,3.293824655719622907e+00,2.899815173651079053e-53,8.532548293019919726e-163
2.471107111995294314e-01,1.082800888304962100e-01,1.091767670885901320e-54,4.294330322936400470e-163,3.265665203214611179e+00,1.170605831932620907e-52,6.068042820846985316e-161
2.488809069112877526e-01,1.081133717874679101e-01,4.368232549259172894e-54,2.929893592543328411e-161,3.237445435155415385e+00,4.650355927577444986e-52,4.110598194938802150e-159
2.506637835499176958e-01,1.079369881847665052e-01,1.720265614845688144e-53,1.905173444120665813e-159,3.209174486730590026e+00,1.818343557059023358e-51,2.653919151737347227e-157
2.524594319561695444e-01,1.077510986835449047e-01,6.669260756987907877e-53,1.181355211096774526e-157,3.180861300610191567e+00,6.999356616656844752e-51,1.633930804150635403e-155
2.542679436215376509e-01,1.075558644234270583e-01,2.545831316936427028e-52,6.989146470886892434e-156,3.152514626859017621e+00,2.652833773386334988e-50,9.597923656688367128e-154
2.560894106929225700e-01,1.073514469284289063e-01,9.570347703772498890e-52,3.947272673789731079e-154,3.124143023010141462e+00,9.901662515784836215e-50,5.382081465952720868e-152
2.579239259773259407e-01,1.071380080153296610e-01,3.543623182637609382e-51,2.129259115570283693e-152,3.095754854292532166e+00,3.640222482051410110e-49,2.882581826546594535e-150
2.597715829465791493e-01,1.069157097044898946e-01,1.292598892865686928e-50,1.097601666922528768e-150,3.067358294006591102e+00,1.318390797419752852e-48,1.475359566205915306e-148
2.616324757421059632e-01,1.066847141331120075e-01,4.645690855816995674e-50,5.409657122197304010e-149,3.038961324041530965e+00,4.704686399046263050e-48,7.219761452635465123e-147
2.635066991797190283e-01,1.064451834709349565e-01,1.645432724666324339e-49,2.550496899238428553e-147,3.010571735528615012e+00,1.654476083922725402e-47,3.379698032463205774e-145
2.653943487544510593e-01,1.061972798383536004e-01,5.744145563886734947e-49,1.150876618046522895e-145,2.982197129624357679e+00,5.734635121381762390e-47,1.514195167226928164e-143
2.672955206454205590e-01,1.059411652269502679e-01,1.976776604915388825e-48,4.972765525757864013e-144,2.953844918417892540e+00,1.959466918779579282e-46,6.496075457547286170e-142
2.692103117207320651e-01,1.056770014224243659e-01,6.707291065014390953e-48,2.058478479429424685e-142,2.925522325956818825e+00,6.601269848058133381e-46,2.669927078037374810e-140
2.711388195424119241e-01,1.054049499299039572e-01,2.244211963386409241e-47,8.167427163698007476e-141,2.897236389385922983e+00,2.193028099319833235e-45,1.051812503198589532e-138
2.730811423713792041e-01,1.051251719016209896e-01,7.405880759180928572e-47,3.107590998340134690e-139,2.868993960193307213e+00,7.185500574100820297e-45,3.973533727444352700e-137
2.750373791724523564e-01,1.048378280669301360e-01,2.410759344190810024e-46,1.134406655907007748e-137,2.840801705558519963e+00,2.322384701226278856e-44,1.440196678099373081e-135
2.770076296193914600e-01,1.045430786646501936e-01,7.742170100583872126e-46,3.974882891636833921e-136,2.812666109797475222e+00,7.405305879020790543e-44,5.010457316859203724e-134
2.789919940999771031e-01,1.042410833777041163e-01,2.453408723199816158e-45,1.337496285116239407e-134,2.784593475898953674e+00,2.329969243326320043e-43,1.673962031865453791e-132
2.809905737211247367e-01,1.039320012700341161e-01,7.672578323713887270e-45,4.323875944080646715e-133,2.756589927147709229e+00,7.234717933931815388e-43,5.373116214376511889e-131
2.830034703140369423e-01,1.036159907257645924e-01,2.368329474227421861e-44,1.343580560963374921e-131,2.728661408829213819e+00,2.217289410740485129e-42,1.657741121447094989e-129
2.850307864393914481e-01,1.032932093905869209e-01,7.216667037361635963e-44,4.014756906325323033e-130,2.700813690011291790e+00,6.708368659137807471e-42,4.918268595177707997e-128
2.870726253925670046e-01,1.029638141153366160e-01,2.171144054004424282e-43,1.154124987937705063e-128,2.673052365397930341e+00,2.003866950430720460e-41,1.403801889939286485e-126
2.891290912089063414e-01,1.026279609017337890e-01,6.450018713165425036e-43,3.193267371220140891e-127,2.645382857250726527e+00,5.910731173402009734e-41,3.856454858406825977e-125
2.912002886690169268e-01,1.022858048502564565e-01,1.892412899054502633e-42,8.507367745626046873e-126,2.617810417373533927e+00,1.721853202003210395e-40,1.020112724982695703e-123
2.932863233041099194e-01,1.019375001101146677e-01,5.484220830889962515e-42,2.183328606921364724e-124,2.590340129155990212e+00,4.954446543972431357e-40,2.599393650706803727e-122
2.953873014013769782e-01,1.015831998312937551e-01,1.570069578203777622e-41,5.399970089093209217e-123,2.562976909671729420e+00,1.408312719234342083e-39,6.383285848067840898e-121
2.975033300094059863e-01,1.012230561186328870e-01,4.441073123557689551e-41,1.287639332939022028e-121,2.535725511827208845e+00,3.955196974770425111e-39,1.511287753208302543e-119
2.996345169436349654e-01,1.008572199879057135e-01,1.241313438807181348e-40,2.961474220285775960e-120,2.508590526557207045e+00,1.097644334334854900e-38,3.451126472436146584e-118
3.017809707918459594e-01,1.004858413238678555e-01,3.428927247298698974e-40,6.572198692452392755e-119,2.481576385063130274e+00,3.010498696286538440e-38,7.604376187984128793e-117
3.039428009196976088e-01,1.001090688402372086e-01,9.362168843440108679e-40,1.407921886459996126e-117,2.454687361090452935e+00,8.161249067999210596e-38,1.617452214024489789e-115
3.061201174762973043e-01,9.972705004157045305e-02,2.526931667292944633e-39,2.912632719334505748e-116,2.427927573241666970e+00,2.187125231355740292e-37,3.322298211666814939e-114
3.083130313998138083e-01,9.933993118700053249e-02,6.743201690341598506e-39,5.821090337180960578e-115,2.401300987321276281e+00,5.794904623651540187e-37,6.592607461227087461e-113
3.105216544231292897e-01,9.894785725579846591e-02,1.779305708659921719e-38,1.124357999656436699e-113,2.374811418709473099e+00,1.518206004989686404e-36,1.264321381862990331e-111
3.127460990795330464e-01,9.855097191472271534e-02,4.643038399879955788e-38,2.099688281846519773e-112,2.348462534761242893e+00,3.933529378895635348e-36,2.344270286590697442e-110
3.149864787084545314e-01,9.814941748711944469e-02,1.198329193235831135e-37,3.792462843750649695e-111,2.322257857227780331e+00,1.007990066475015148e-35,4.204111086130988692e-109
3.172429074612386768e-01,9.774333492373642185e-02,3.059330673015620089e-37,6.627788170974015059e-110,2.296200764697181373e+00,2.555091890952188756e-35,7.294935528349695527e-108
3.195155003069619637e-01,9.733286377521316313e-02,7.726926127484704090e-37,1.121138553381643404e-108,2.270294495051514705e+00,6.407474004179601565e-35,1.225214465343082577e-106
3.218043730382900702e-01,9.691814216621021105e-02,1.930946266726083239e-36,1.836344245399385507e-107,2.244542147937468091e+00,1.589828475064444877e-34,1.992539395136433505e-105
3.241096422773781516e-01,9.649930677113983946e-02,4.774953375824982784e-36,2.913479646128094364e-106,2.218946687247873140e+00,3.903455277493372221e-34,3.138808331845392460e-104
3.264314254818126426e-01,9.607649279146063259e-02,1.168571887154146108e-35,4.479093083034807036e-105,2.193510943611534092e+00,9.484959845855491921e-34,4.791184402228837112e-103
3.287698409505961927e-01,9.564983393449925930e-02,2.830611912118933840e-35,6.674884312518143691e-104,2.168237616888867070e+00,2.281184345173847686e-33,7.089188614468113001e-102
3.311250078301746225e-01,9.521946239376104237e-02,6.787260002917699808e-35,9.645539765501392884e-103,2.143129278670986793e+00,5.430934046987137295e-33,1.017136675260030095e-100
3.334970461205084558e-01,9.478550883069282451e-02,1.611194574292952503e-34,1.352042378481788559e-101,2.118188374779935934e+00,1.280053210587074462e-32,1.415608209678936318e-99
3.358860766811866405e-01,9.434810235786079968e-02,3.786956901153408893e-34,1.839014537600501041e-100,2.093417227767901068e+00,2.987241850377189933e-32,1.911780029419346902e-98
3.382922212375845117e-01,9.390737052350643654e-02,8.813949509246148991e-34,2.428060584689737522e-99,2.068818039413320875e+00,6.903201824802504803e-32,2.506180042348570868e-97
3.407156023870663297e-01,9.346343929744370393e-02,2.031594268720037724e-33,3.112863649188192093e-98,2.044392893211889106e+00,1.579854099409122884e-31,3.190162724118569752e-96
3.431563436052312288e-01,9.301643305826140518e-02,4.638071887108402519e-33,3.876430097622326803e-97,2.020143756860566686e+00,3.581108406306728248e-31,3.944433921877897407e-95
3.456145692522051283e-01,9.256647458179394217e-02,1.048864426546433284e-32,4.690493150417866324e-96,1.996072484732785979e+00,8.040801452869138192e-31,4.738831037274864102e-94
3.480904045789767198e-01,9.211368503082542625e-02,2.349791837186526685e-32,5.516473387145427152e-95,1.972180820343127916e+00,1.788584089643269774e-30,5.533682474591223157e-93
3.505839757337794182e-01,9.165818394599056784e-02,5.215714602024795691e-32,6.308138099504579531e-94,1.948470398799839298e+00,3.941792706762616008e-30,6.282809482676512296e-92
3.530954097685187199e-01,9.120008923783827492e-02,1.147145103812497979e-31,7.015781926837478489e-93,1.924942749243640616e+00,8.607921705318764402e-30,6.937911718565059503e-91
3.556248346452456910e-01,9.073951718002190581e-02,2.500277402004643223e-31,7.591423154027882181e-92,1.901599297271347355e+00,1.862808186924053091e-29,7.453768121144993379e-90
3.581723792426769748e-01,9.027658240358306385e-02,5.400923436452713131e-31,7.994255040313201073e-91,1.878441367342922996e+00,3.995286732108286537e-29,7.793466401317933972e-89
3.607381733627615383e-01,8.981139789229354575e-02,1.156383818024564665e-30,8.195479936137770369e-90,1.855470185170643438e+00,8.493406847116285624e-29,7.932809942476529984e-88
3.633223477372939381e-01,8.934407497902310813e-02,2.454334902381973881e-30,8.181722919098675114e-89,1.832686880089140713e+00,1.789838046540151116e-28,7.863165483086029305e-87
3.659250340345755470e-01,8.887472334309889921e-02,5.164242778204184185e-30,7.956462429064883135e-88,1.810092487405155826e+00,3.739267656781609404e-28,7.592287657061425657e-86
3.685463648661232994e-01,8.840345100862444239e-02,1.077365774210081389e-29,7.539274209913047895e-87,1.787687950725904695e+00,7.745386013284824714e-28,7.143024951881141216e-85
3.711864737934265079e-01,8.793036434372573928e-02,2.228669127107538253e-29,6.963078137634079102e-86,1.765474124265039801e+00,1.590836252078446687e-27,6.550189833694339311e-84
3.738454953347520315e-01,8.745556806069283706e-02,4.571888606199016270e-29,6.269915448414224157e-85,1.743451775125234748e+00,3.240227566038142053e-27,5.856178315952554211e-83
3.765235649719981814e-01,8.697916521698552395e-02,9.301533478260697676e-29,5.505995209381373187e-84,1.721621585556511347e+00,6.545373225880493534e-27,5.106089548958512594e-82
3.792208191575975884e-01,8.650125721707251081e-02,1.876995006210291709e-28,4.716798532403283870e-83,1.699984155189463664e+00,1.311423522772397659e-26,4.343100854381003597e-81
3.819373953214701967e-01,8.602194381507381749e-02,3.757176943896944253e-28,3.942923910807177075e-82,1.678540003242610101e+00,2.606402542862913925e-26,3.604715335052598249e-80
3.846734318780251627e-01,8.554132311817672085e-02,7.460879183201069138e-28,3.217139325551130959e-81,1.657289570703166959e+00,5.138896127731609572e-26,2.920266168952173627e-79
3.874290682332133806e-01,8.505949159079609356e-02,1.469899358347887142e-27,2.562838299147513492e-80,1.636233222480575344e+00,1.005234585704035252e-25,2.309796735716795420e-78
3.902044447916305780e-01,8.457654405945047582e-02,2.873382132656271290e-27,1.993840930997758020e-79,1.615371249532182585e+00,1.951071562088924657e-25,1.784198027935266979e-77
3.929997029636708716e-01,8.409257371832587480e-02,5.573729448798513023e-27,1.515285740683062138e-78,1.594703870960531233e+00,3.757730986556472593e-25,1.346316207781799885e-76
3.958149851727323920e-01,8.360767213549948063e-02,1.072959109658355654e-26,1.125249240828190829e-77,1.574231236081744312e+00,7.182290440427640806e-25,9.926616783918370915e-76
3.986504348624737015e-01,8.312192925979680624e-02,2.049948242356830269e-26,8.167087503164689009e-77,1.553953426464568022e+00,1.362456602781249462e-24,7.153518858062596865e-75
4.015061965041224479e-01,8.263543342825541149e-02,3.887427276468848246e-26,5.795124965961600833e-76,1.533870457939660259e+00,2.565322967939614105e-24,5.039823336587149415e-74
4.043824156038364204e-01,8.214827137416932934e-02,7.317759178824859234e-26,4.021120304959066765e-75,1.513982282578767213e+00,4.794660653576547175e-24,3.472158678075043616e-73
4.072792387101176192e-01,8.166052823568906160e-02,1.367498257732021679e-25,2.729168015351533719e-74,1.494288790643467424e+00,8.896240878666513370e-24,2.339821679053675527e-72
4.101968134212789496e-01,8.117228756495231679e-02,2.537138930525746676e-25,1.812263955707678067e-73,1.474789812503219055e+00,1.638792588335045466e-23,1.542673184242135101e-71
4.131352883929646502e-01,8.068363133772109286e-02,4.673756406807917593e-25,1.177682974953193466e-72,1.455485120522464593e+00,2.997407608093947022e-23,9.953615592569062446e-71
4.160948133457246789e-01,8.019463996350163770e-02,8.549238012350560670e-25,7.491308309637996529e-72,1.436374430916605327e+00,5.443862281062746095e-23,6.286517497065130462e-70
4.190755390726428331e-01,7.970539229612406962e-02,1.552969790667109568e-24,4.665676594715291475e-71,1.417457405576681984e+00,9.818445174905074532e-23,3.887470259395844050e-69
4.220776174470204922e-01,7.921596564475899549e-02,2.801607117557758623e-24,2.845793868119710551e-70,1.398733653862633375e+00,1.758680441710548869e-22,2.354267876209303762e-68
4.251012014301145947e-01,7.872643578534938014e-02,5.019888271745401900e-24,1.700305931176706165e-69,1.380202734365052919e+00,3.128770749753323959e-22,1.396623988514570482e-67
4.281464450789310705e-01,7.823687697243585093e-02,8.934228355966490093e-24,9.953763806121080434e-69,1.361864156635373524e+00,5.528874479749641190e-22,8.117826192186948097e-67
4.312135035540748396e-01,7.774736195135451000e-02,1.579535632204899157e-23,5.710641205805639403e-68,1.343717382884458411e+00,9.705303011180422900e-22,4.624207163349047797e-66
4.343025331276546552e-01,7.725796197078746430e-02,2.774239895531295834e-23,3.211583433557557299e-67,1.325761829649599655e+00,1.692480503569731420e-21,2.582091371463259715e-65
4.374136911912465675e-01,7.676874679564497927e-02,4.840979659252887735e-23,1.770878284668377636e-66,1.307996869429944864e+00,2.932330444942762652e-21,1.413647403487523342e-64
4.405471362639124533e-01,7.627978472026124279e-02,8.393232362327061887e-23,9.576143519516319991e-66,1.290421832290419957e+00,5.047878441931496550e-21,7.590021806713416172e-64
4.437030280002771665e-01,7.579114258188396347e-02,1.445984703675454839e-22,5.079502370488618345e-65,1.273036007434220629e+00,8.634622005751821478e-21,3.997362506594894736e-63
4.468815271986630311e-01,7.530288577443987330e-02,2.475528749993746889e-22,2.643475808656961824e-64,1.255838644743975552e+00,1.467734815332210067e-20,2.065511882306205552e-62
4.500827958092832315e-01,7.481507826255827387e-02,4.211851756448566468e-22,1.350041599185198451e-63,1.238828956291714301e+00,2.479434777897933670e-20,1.047368475461338453e-61
4.533069969424929346e-01,7.432778259583532054e-02,7.122126087925403410e-22,6.767519508600721572e-63,1.222006117817781901e+00,4.162835596218006125e-20,5.212929525218489478e-61
4.565542948771005305e-01,7.384105992332214152e-02,1.197038230348196167e-21,3.330537286955294177e-62,1.205369270178874075e+00,6.946845055980146317e-20,2.547221005149061903e-60
4.598248550687376035e-01,7.335497000822070734e-02,1.999853235210742723e-21,1.609504968617364217e-61,1.188917520765377933e+00,1.152332223101667782e-19,1.222206640295922673e-59
4.631188441582891335e-01,7.286957124277138043e-02,3.321311347109370056e-21,7.639296552066287072e-61,1.172649944888224827e+00,1.900155577051505815e-19,5.759777096639853164e-59
4.664364299803845371e-01,7.238492066331690677e-02,5.483674860349091248e-21,3.561936819185101892e-60,1.156565587135473416e+00,3.114951277190476942e-19,2.666481095077818886e-58
4.697777815719488270e-01,7.190107396552782026e-02,9.001469144259544420e-21,1.631843889618280549e-59,1.140663462698874087e+00,5.076833827599286505e-19,1.212916479644695252e-57
4.731430691808154454e-01,7.141808551977529840e-02,1.469140436455094938e-20,7.347123276774723723e-59,1.124942558670652071e+00,8.227025695698111673e-19,5.422125980955150798e-57
4.765324642744008243e-01,7.093600838663675912e-02,2.384238731614870611e-20,3.251532822835574977e-58,1.109401835310789286e+00,1.325651202498176215e-18,2.382541145636397258e-56
4.799461395484403980e-01,7.045489433252144496e-02,3.847695109709584949e-20,1.414737484837562325e-57,1.094040227285082656e+00,2.124125500188988423e-18,1.029267163559460724e-55
4.833842689357885081e-01,6.997479384540232494e-02,6.175095913988243379e-20,6.052911492549800307e-57,1.078856644874263360e+00,3.384723673158407128e-18,4.372366625329899552e-55
4.868470276152803144e-01,6.949575615064200462e-02,9.856126091487033859e-20,2.547043841716436521e-56,1.063849975154494754e+00,5.363962736743807442e-18,1.826790134187721983e-54
4.903345920206573227e-01,6.901782922690037625e-02,1.564643189113004745e-19,1.054324016836659127e-55,1.049019083149554943e+00,8.454633872554701343e-18,7.508035658722539047e-54
4.938471398495568598e-01,6.854105982211215753e-02,2.470572612728880497e-19,4.293963798295756394e-55,1.034362812955030853e+00,1.325491979030824333e-17,3.036061716966183670e-53
4.973848500725666644e-01,6.806549346952280033e-02,3.880427731858265805e-19,1.720954369303156334e-54,1.019879988834852202e+00,2.067088500137074397e-17,1.208151958429281459e-52
5.009479029423432594e-01,6.759117450377208347e-02,6.062997189208806326e-19,6.788693752384296123e-54,1.005569416290517326e+00,3.206762734743059541e-17,4.731931122069976863e-52
5.045364800027961616e-01,6.711814607701457880e-02,9.424248956846126705e-19,2.636254014393543672e-53,9.914298831033494519e-01,4.949099683633426329e-17,1.824481403208043241e-51
5.081507640983384810e-01,6.664645017506669322e-02,1.457415157287647922e-18,1.007975241471174599e-52,9.774601603501420488e-01,7.599109858968095945e-17,6.926311856488410085e-51
5.117909393832020815e-01,6.617612763357089145e-02,2.242447088960247454e-18,3.795338976805766354e-52,9.636590033925608312e-01,1.160918242492061899e-16,2.589421427073009413e-50
5.154571913308215736e-01,6.570721815416689926e-02,3.433115968763213717e-18,1.407553863052988152e-51,9.500251528406570278e-01,1.764687847765135193e-16,9.534922773383644795e-50
5.191497067432839785e-01,6.523976032066154673e-02,5.230061097916528798e-18,5.142425576791914878e-51,9.365573354908789394e-01,2.669231082363009659e-16,3.458757882911094588e-49
5.228686737608468915e-01,6.477379161518793949e-02,7.928690442446749121e-18,1.851115384417432637e-50,9.232542652389443827e-01,4.017731066886739152e-16,1.236191141150984480e-48
5.266142818715242591e-01,6.430934843434600590e-02,1.196180417952095616e-17,6.566509123178505671e-50,9.101146439679653755e-01,6.018331137080962914e-16,4.353982496211148150e-48
5.303867219207415440e-01,6.384646610531581612e-02,1.796041150342416029e-17,2.295849810480350006e-49,8.971371624121994293e-01,8.972132195874938361e-16,1.511456284888505422e-47
5.341861861210591700e-01,6.338517890193649806e-02,2.684008060914203133e-17,7.912827701190252269e-49,8.843205009968205799e-01,1.331260931037623943e-15,5.172301302852964612e-47
5.380128680619665760e-01,6.292552006074290938e-02,3.992294683158267008e-17,2.688870577400723676e-48,8.716633306540921833e-01,1.966083467678269112e-15,1.745106739221071176e-46
5.418669627197456595e-01,6.246752179695309881e-02,5.910927667175734152e-17,9.010064137062444464e-48,8.591643136163366057e-01,2.890247244429835083e-15,5.806039273091343146e-46
5.457486664674051635e-01,6.201121532040002049e-02,8.711757061014800944e-17,2.977657250311620802e-47,8.468221041860898302e-01,4.229461703927832706e-15,1.905139504548535597e-45
5.496581770846861170e-01,6.155663085140041652e-02,1.278190077924414666e-16,9.706856990699902683e-47,8.346353494838342213e-01,6.161334294350919221e-15,6.166385871765221599e-45
5.535956937681395518e-01,6.110379763655519880e-02,1.867011379700304680e-16,3.121814874528928357e-46,8.226026901737016894e-01,8.935652805039550574e-15,1.969061143872374405e-44
5.575614171412756059e-01,6.065274396447527250e-02,2.715078150647474323e-16,9.906653410418831060e-46,8.107227611675404955e-01,1.290213689798180588e-14,6.204103235807778034e-44
5.615555492647854585e-01,6.020349718142684742e-02,3.931183450962788645e-16,3.102444814536313861e-45,7.989941923077390484e-01,1.854823594372460930e-14,1.929106043980144174e-43
5.655782936468367605e-01,5.975608370689146354e-02,5.667498395228437933e-16,9.589669658800366800e-45,7.874156090291972721e-01,2.655037727124435336e-14,5.920463030534777661e-43
5.696298552534431181e-01,5.931052904903478390e-02,8.135942822917498827e-16,2.926106899329146985e-44,7.759856330008334524e-01,3.784314036543100656e-14,1.793668596812696211e-42
5.737104405189071832e-01,5.886685782008019979e-02,1.163037675762719717e-15,8.815103778796650758e-44,7.647028827470252477e-01,5.371221401799406046e-14,5.365119949419470628e-42
5.778202573563390176e-01,5.842509375158187052e-02,1.655655137641012491e-15,2.622275929406358242e-43,7.535659742493630020e-01,7.591876625920517958e-14,1.584639163024096648e-41
5.819595151682489531e-01,5.798525970959340220e-02,2.347235863724296161e-15,7.703806511217269002e-43,7.425735215291103808e-01,1.068651212632553082e-13,4.622291740922453203e-41
5.861284248572181665e-01,5.754737770972748190e-02,3.314169035389383861e-15,2.235475722850789918e-42,7.317241372107480268e-01,1.498145161605281097e-13,1.331747635118290783e-40
5.903271988366435297e-01,5.711146893210308079e-02,4.660620469893215354e-15,6.408155725131432405e-42,7.210164330669920352e-01,2.091813536009162216e-13,3.790399826005638830e-40
5.945560510415612843e-01,5.667755373617611864e-02,6.528055540306832018e-15,1.814909054478230275e-41,7.104490205456569507e-01,2.909129547175255441e-13,1.065876344241470223e-39
5.988151969395468788e-01,5.624565167545031441e-02,9.107823307621279032e-15,5.079195252909144589e-41,7.000205112787492023e-01,4.029895711452486193e-13,2.961739480017962586e-39
6.031048535416929646e-01,5.581578151206510741e-02,1.265771804416974724e-14,1.404791992968761766e-40,6.897295175741605666e-01,5.560765972297518788e-13,8.133246959833129482e-39
6.074252394136679944e-01,5.538796123125687421e-02,1.752368724419020142e-14,3.840293239147060827e-40,6.795746528903268135e-01,7.643718489237675038e-13,2.207579304655719439e-38
6.117765746868509824e-01,5.496220805569169976e-02,2.416817170564954463e-14,1.037790083550353680e-39,6.695545322942333399e-01,1.046701817599745594e-12,5.923268681555969581e-38
6.161590810695484199e-01,5.453853845966587927e-02,3.320695759954087344e-14,2.772708866832804476e-39,6.596677729031176218e-01,1.427934406450513421e-12,1.571289388351695552e-37
6.205729818582907953e-01,5.411696818317243002e-02,4.545690966375587462e-14,7.324953427089189727e-39,6.499129943102346374e-01,1.940792333050705334e-12,4.121513853777942893e-37
6.250185019492090488e-01,5.369751224583086541e-02,6.199755902463224347e-14,1.913669272520294511e-38,6.402888189950463049e-01,2.628171740495445455e-12,1.069101083663793420e-36
6.294958678494946280e-01,5.328018496067830900e-02,8.425026261410173197e-14,4.944760541649376767e-38,6.307938727181771066e-01,3.546095306562193960e-12,2.742818949260844637e-36
6.340053076889397010e-01,5.286499994781973522e-02,1.140795618999659448e-13,1.263846513085708416e-37,6.214267849014954992e-01,4.767459091193336234e-12,6.960592364217572590e-36
6.385470512315609692e-01,5.245197014793575446e-02,1.539224796825330360e-13,3.195713209197566381e-37,6.121861889936578427e-01,6.386768455407333555e-12,1.747509936824161777e-35
6.431213298873061923e-01,5.204110783564611792e-02,2.069528434793051117e-13,7.995005195396190555e-37,6.030707228214610138e-01,8.526101692550179125e-12,4.340808196136298824e-35
6.477283767238456447e-01,5.163242463272726956e-02,2.772893570865643514e-13,1.979245584912368502e-36,5.940790289273344404e-01,1.134259175600925858e-11,1.066968310741236881e-34
6.523684264784469500e-01,5.122593152118302268e-02,3.702581096707803280e-13,4.849115158380897434e-36,5.852097548933068438e-01,1.503777802618692647e-11,2.595459904198973448e-34
6.570417155699351808e-01,5.082163885616660520e-02,4.927225731799774970e-13,1.175867798099572905e-35,5.764615536517757599e-01,1.986925298512895674e-11,6.248996956661661386e-34
6.617484821107393334e-01,5.041955637875318585e-02,6.534969612988008239e-13,2.822528960851800515e-35,5.678330837833963640e-01,2.616511469340569279e-11,1.489327514009663870e-33
6.664889659190236237e-01,5.001969322856209682e-02,8.638621830521800400e-13,6.707371721999720337e-35,5.593230098024182251e-01,3.434183701602702028e-11,3.514019535922726908e-33
6.712634085309080456e-01,4.962205795622743471e-02,1.138207607850973831e-12,1.578156188643407597e-34,5.509300024297698606e-01,4.492628774707999218e-11,8.209217621660363513e-33
6.760720532127737492e-01,4.922665853571681072e-02,1.494826563295228982e-12,3.676886671468814592e-34,5.426527388542139452e-01,5.858276246566204742e-11,1.899030851382938512e-32
6.809151449736589035e-01,4.883350237649719539e-02,1.956899020825785020e-12,8.483823404021230377e-34,5.344899029818657166e-01,7.614606165468448831e-11,4.350542201414320338e-32
6.857929305777415996e-01,4.844259633554773292e-02,2.553701407810337000e-12,1.938795569009767307e-33,5.264401856743816666e-01,9.866182307068965059e-11,9.871514196526703956e-32
6.907056585569130158e-01,4.805394672921879662e-02,3.322091050960780212e-12,4.388830470423496481e-33,5.185022849761078412e-01,1.274355335082344521e-10,2.218710053983754552e-31
6.956535792234412874e-01,4.766755934493714653e-02,4.308321551278914577e-12,9.842123447211006189e-33,5.106749063304797387e-01,1.640918870868078322e-10,4.940154641672813626e-31
7.006369446827245273e-01,4.728343945275711308e-02,5.570255574586634670e-12,2.186745903238032842e-32,5.029567627859601320e-01,2.106464343045583508e-10,1.089808140032614378e-30
7.056560088461366620e-01,4.690159181675733480e-02,7.180053287204611062e-12,4.814188776074899795e-32,4.953465751917903170e-01,2.695917808039915506e-10,2.382181413662330163e-30
7.107110274439638609e-01,4.652202070628352892e-02,9.227428160022671353e-12,1.050288091515723787e-31,4.878430723838367289e-01,3.440009506529205347e-10,5.160124108447556977e-30
7.158022580384353351e-01,4.614472990703684385e-02,1.182357730567415330e-11,2.270905351462052007e-31,4.804449913607949929e-01,4.376509296146888172e-10,1.107772882015312299e-29
7.209299600368461736e-01,4.576972273200845959e-02,1.510591111485153194e-11,4.866750938885613792e-31,4.731510774510240824e-01,5.551698530569592884e-10,2.357169467896201806e-29
7.260943947047746594e-01,4.539700203226020719e-02,1.924372694254935228e-11,1.033885465600688524e-30,4.659600844702686540e-01,7.022118045031153712e-10,4.971919699089178251e-29
7.312958251793943987e-01,4.502657020755192890e-02,2.444499419690482831e-11,2.177419907453600844e-30,4.588707748705238010e-01,8.856637479584099664e-10,1.039666032041127765e-28
7.365345164828808189e-01,4.465842921681568989e-02,3.096444364445582858e-11,4.546645955833519303e-30,4.518819198802979109e-01,1.113889733485392310e-09,2.155474021756026505e-28
7.418107355359156996e-01,4.429258058847737600e-02,3.911318231442749650e-11,9.413725437477879284e-30,4.449922996365135441e-01,1.397018194266623658e-09,4.431116548436648660e-28
7.471247511712867384e-01,4.392902543062623955e-02,4.927008731302856336e-11,1.932836564924262164e-29,4.382007033082941927e-01,1.747278897458060380e-09,9.033306967087347925e-28
7.524768341475848166e-01,4.356776444103298979e-02,6.189526739911980468e-11,3.935802095338659424e-29,4.315059292128709534e-01,2.179396922962239313e-09,1.826353655552865821e-27
7.578672571630000743e-01,4.320879791701699724e-02,7.754592057421857398e-11,7.949077231016635046e-29,4.249067849238412076e-01,2.711051925763350243e-09,3.662421561217467723e-27
7.632962948692155747e-01,4.285212576516340965e-02,9.689495944447031642e-11,1.592523650843574384e-28,4.184020873720082911e-01,3.363411889949025835e-09,7.285133194686475595e-27
7.687642238854025534e-01,4.249774751089080427e-02,1.207528239497939091e-10,3.165050789529688110e-28,4.119906629390225339e-01,4.161751606516639417e-09,1.437580850595204363e-26
7.742713228123134783e-01,4.214566230787038931e-02,1.500929534384375330e-10,6.240804086175350459e-28,4.056713475440466010e-01,5.136167202156548359e-09,2.814440908904910422e-26
7.798178722464784718e-01,4.179586894729742791e-02,1.860814471833249441e-10,1.220968598414080575e-27,3.994429867236536924e-01,6.322399211040671794e-09,5.467088071389800763e-26
7.854041547945003199e-01,4.144836586701596687e-02,2.301115044503902887e-10,2.370342390725658004e-27,3.933044357051734830e-01,7.762777913701247717e-09,1.053810809162799260e-25
7.910304550874559526e-01,4.110315116049757800e-02,2.838433022635811849e-10,4.566657506889675636e-27,3.872545594736848118e-01,9.507305962577699222e-09,2.015811863529896396e-25
7.966970597953975108e-01,4.076022258567540274e-02,3.492500411485762949e-10,8.731809680293519836e-27,3.812922328328614552e-01,1.161489466756334772e-08,3.826976599108163218e-25
8.024042576419591066e-01,4.041957757363429798e-02,4.286709664104507745e-10,1.657165211983255385e-26,3.754163404598629961e-01,1.415477172023786543e-08,7.211362766413576341e-25
8.081523394190681664e-01,4.008121323715831824e-02,5.248722548847003111e-10,3.121906721336364593e-26,3.696257769544649130e-01,1.720807958414211372e-08,1.348874200532523676e-24
8.139415980017602470e-01,3.974512637913653335e-02,6.411167445073956762e-10,5.838523455467275885e-26,3.639194468826154050e-01,2.086968526048270839e-08,2.504693245758017478e-24
8.197723283631045410e-01,3.941131350082833357e-02,7.812435763175503248e-10,1.084054550955005304e-25,3.582962648145989193e-01,2.525022364230699905e-08,4.617454688217872931e-24
8.256448275892299682e-01,3.907977080998945724e-02,9.497589153919759337e-10,1.998480185095883202e-25,3.527551553579932886e-01,3.047839818188968241e-08,8.451841459617843120e-24
8.315593948944638436e-01,3.875049422885994133e-02,1.151939018394316527e-09,3.658342433567089553e-25,3.472950531855871215e-01,3.670356410044348527e-08,1.536157833412808013e-23
8.375163316365785704e-01,3.842347940201502193e-02,1.393947020473661911e-09,6.650272749105195243e-25,3.419149030584321958e-01,4.409862084896148377e-08,2.772623709961209041e-23
8.435159413321432487e-01,3.809872170408066389e-02,1.682964922656591395e-09,1.200603367317696400e-24,3.366136598442021621e-01,5.286324196493165080e-08,4.969938588215054297e-23
8.495585296719918578e-01,3.777621624731439254e-02,2.027342372016319085e-09,2.152775113396638572e-24,3.313902885310114899e-01,6.322747184089971625e-08,8.848101979238895261e-23
8.556444045367961326e-01,3.745595788905341228e-02,2.436763940039660358e-09,3.834161514588275597e-24,3.262437642368634094e-01,7.545572020468097304e-08,1.564666732648456968e-22
8.617738760127531261e-01,3.713794123903072647e-02,2.922436718906299685e-09,6.783409232557140573e-24,3.211730722148765094e-01,8.985118628329052796e-08,2.748523492429677411e-22
8.679472564073867913e-01,3.682216066656086861e-02,3.497300169883592984e-09,1.192241879730944962e-23,3.161772078544413667e-01,1.067607456575635358e-07,4.796404462151676248e-22
8.741648602654571443e-01,3.650861030759675746e-02,4.176260271652478948e-09,2.081862108626492295e-23,3.112551766784626972e-01,1.265803336850544425e-07,8.315787366174847040e-22
8.804270043849902194e-01,3.619728407165855727e-02,4.976450127930979002e-09,3.611959767537562971e-23,3.064059943368191985e-01,1.497608600471931903e-07,1.432498940154170537e-21
8.867340078334168263e-01,3.588817564863655551e-02,5.917519301947677234e-09,6.226857996941538146e-23,3.016286865961947949e-01,1.768146894339035283e-07,2.451999384772138931e-21
8.930861919638306556e-01,3.558127851546889764e-02,7.021954248739676438e-09,1.066747248301310060e-22,2.969222893264087948e-01,2.083227235859056132e-07,4.170738071190419433e-21
8.994838804313631808e-01,3.527658594269576092e-02,8.315432313394475282e-09,1.816149744011550940e-22,2.922858484833824599e-01,2.449421198421289231e-07,7.050225838494475759e-21
9.059273992096718020e-01,3.497409100089170914e-02,9.827211852626260180e-09,3.073052771534468002e-22,2.877184200888750487e-01,2.874146809579618515e-07,1.184462684539432408e-20
9.124170766075503369e-01,3.467378656697702594e-02,1.159056111679191872e-08,5.168291070366177138e-22,2.832190702071109567e-01,3.365759502408857276e-07,1.977872624531122054e-20
9.189532432856577504e-01,3.437566533041001848e-02,1.364322859785219929e-08,8.639975051157186124e-22,2.787868749184249095e-01,3.933650449656896136e-07,3.282946711773228201e-20
9.255362322733633462e-01,3.407971979926151251e-02,1.602795760405689677e-08,1.435807590613725813e-21,2.744209202900474431e-01,4.588352595558010025e-07,5.416859608808518445e-20
9.321663789857185245e-01,3.378594230617274624e-02,1.879304786243408745e-08,2.372070281122808345e-21,2.701203023441416939e-01,5.341654681262537509e-07,8.885438747129084721e-20
9.388440212405436691e-01,3.349432501419867536e-02,2.199296697359603738e-08,3.896147554724375889e-21,2.658841270232144560e-01,6.206723536550243663e-07,1.449061143469480258e-19
9.455694992756416006e-01,3.320485992253751489e-02,2.568901454807786034e-08,6.362802340829732108e-21,2.617115101530052002e-01,7.198234882643648555e-07,2.349631398320870469e-19
9.523431557661354852e-01,3.291753887214832891e-02,2.995004183751691923e-08,1.033225203535728976e-20,2.576015774029630778e-01,8.332512858360312891e-07,3.788316767892136095e-19
9.591653358419247599e-01,3.263235355125819470e-02,3.485322963562655802e-08,1.668411147131368993e-20,2.535534642444225994e-01,9.627678444415550449e-07,6.073714415888751506e-19
9.660363871052739526e-01,3.234929550076000998e-02,4.048492716138520872e-08,2.679170776454299950e-20,2.495663159065702186e-01,1.110380691833751827e-06,9.683930685383311787e-19
9.729566596485208496e-01,3.206835611950276804e-02,4.694155454841399087e-08,4.278724379665829502e-20,2.456392873303115953e-01,1.278309442513381009e-06,1.535555707121612996e-18
9.799265060719150044e-01,3.178952666947563316e-02,5.433057144864022274e-08,6.796289830008088143e-20,2.417715431201293563e-01,1.469003369657981629e-06,2.421715636887270125e-18
9.869462815015855872e-01,3.151279828088703744e-02,6.277151411356419387e-08,1.073741884412870187e-19,2.379622574940265245e-01,1.685159889483708810e-06,3.798841196919249560e-18
9.940163436076314696e-01,3.123816195714078370e-02,7.239710314150527068e-08,1.687426151548580550e-19,2.342106142316519590e-01,1.929743949417715567e-06,5.927560703057775894e-18
1.001137052622349977e+00,3.096560857970987249e-02,8.335442387303200714e-08,2.637987228150642759e-19,2.305158066206877687e-01,2.206008304806164224e-06,9.200764468369004983e-18
1.008308771358586986e+00,3.069512891291023907e-02,9.580618117845062413e-08,4.102697442329127815e-19,2.268770374015940949e-01,2.517514661793332080e-06,1.420759947109545316e-17
1.015531865228224806e+00,3.042671360857523294e-02,1.099320301101726202e-07,6.348055938646321192e-19,2.232935187107880082e-01,2.868155656511611282e-06,2.182689452219515253e-17
1.022806702260802725e+00,3.016035321063245331e-02,1.259299835885476958e-07,9.772636043762327628e-19,2.197644720223397574e-01,3.262177632853935040e-06,3.336283284376469895e-17
1.030133653122263793e+00,2.989603815958476879e-02,1.440178979522298169e-07,1.496950419236052577e-18,2.162891280882697498e-01,3.704204172900507337e-06,5.074095079316103648e-17
1.037513091133846377e+00,2.963375879689609041e-02,1.644350368336347666e-07,2.281668366942578752e-18,2.128667268775133181e-01,4.199260325590234307e-06,7.678982820368607019e-17
1.044945392291101172e+00,2.937350536928423281e-02,1.874437134168010495e-07,3.460759838127525648e-18,2.094965175136379587e-01,4.752797470510546544e-06,1.156438726396828950e-16
1.052430935283050539e+00,2.911526803292151244e-02,2.133310107001124913e-07,5.223822156346984347e-18,2.061777582113769602e-01,5.370718744792811307e-06,1.733163513171067606e-16
1.059970101511485074e+00,2.885903685754489384e-02,2.424105789207338568e-07,7.847424651158939665e-18,2.029097162120526154e-01,6.059404952099700992e-06,2.585105662371509158e-16
1.067563275110392729e+00,2.860480183047704392e-02,2.750245088028811213e-07,1.173306226561904526e-17,1.996916677179584043e-01,6.825740863646786134e-06,3.837624781380983406e-16
1.075210842965536040e+00,2.835255286055935950e-02,3.115452787701277860e-07,1.746080962758026741e-17,1.965228978257599624e-01,7.677141812186608343e-06,5.670423579283140102e-16
1.082913194734160367e+00,2.810227978199879642e-02,3.523777737146429724e-07,2.586480606664369788e-17,1.934027004589857768e-01,8.621580470966152307e-06,8.339890353190280166e-16
1.090670722864849118e+00,2.785397235812945432e-02,3.979613723465798873e-07,3.813894953960472113e-17,1.903303782996627058e-01,9.667613700937193383e-06,1.221011717070138039e-15
1.098483822617521533e+00,2.760762028509040206e-02,4.487720995571767426e-07,5.598419331155333620e-17,1.873052427191585767e-01,1.082440934102319512e-05,1.779575914316091480e-15
1.106352892083569017e+00,2.736321319542120781e-02,5.053248396228409602e-07,8.181286636638582013e-17,1.843266137082907596e-01,1.210177280811189850e-05,2.582097832352680113e-15
1.114278332206139366e+00,2.712074066157632232e-02,5.681756054581089169e-07,1.190307898023891493e-16,1.813938198067542862e-01,1.351017336573353021e-05,3.730013379629127520e-15
1.122260546800568193e+00,2.688019219935956425e-02,6.379238584964768242e-07,1.724250380245177372e-16,1.785061980319226083e-01,1.506076991317895127e-05,5.364773548648237885e-15
1.130299942574949590e+00,2.664155727128038678e-02,7.152148731436054413e-07,2.486945069156753261e-16,1.756630938070785353e-01,1.676543614018904743e-05,7.682759656134427232e-15
1.138396929150862436e+00,2.640482528983268545e-02,8.007421391120476217e-07,3.571726503763098836e-16,1.728638608891178430e-01,1.863678488639710306e-05,1.095542526960760153e-14
1.146551919084239479e+00,2.616998562069787829e-02,8.952497943140442613e-07,5.108076509224912216e-16,1.701078612957817870e-01,2.068819153948795397e-05,1.555637586548329457e-14
1.154765327886386750e+00,2.593702758587328877e-02,9.995350803644633571e-07,7.274859283389699985e-16,1.673944652324612092e-01,2.293381630164182002e-05,2.199761625043276847e-14
1.163037574045158840e+00,2.570594046672701471e-02,1.114450812134073627e-06,1.031811548398462098e-15,1.647230510186174501e-01,2.538862515031990938e-05,3.097785899151300980e-14
1.171369079046275852e+00,2.547671350698089976e-02,1.240907852198220271e-06,1.457488369904158568e-15,1.620930050138688350e-01,2.806840931687203564e-05,4.344663067569456874e-14
1.179760267394804218e+00,2.524933591562227714e-02,1.379877580454335451e-06,2.050495640318821769e-15,1.595037215437782874e-01,3.098980310490275457e-05,6.068898084690812928e-14
1.188211566636782068e+00,2.502379686974627940e-02,1.532394348635653303e-06,2.873303652215340431e-15,1.569546028253890058e-01,3.417029986981109067e-05,8.443694446702147003e-14
1.196723407381004689e+00,2.480008551732945307e-02,1.699557908936017770e-06,4.010446986216923721e-15,1.544450588925441181e-01,3.762826598153355066e-05,1.170155973390398650e-13
1.205296223320966975e+00,2.457819097993607649e-02,1.882535805483921302e-06,5.575862424725602825e-15,1.519745075210290064e-01,4.138295259424828548e-05,1.615336527384467290e-13
1.213930451256956422e+00,2.435810235535847135e-02,2.082565716969125035e-06,7.722511231383956970e-15,1.495423741535751860e-01,4.545450504970469660e-05,2.221311692707519502e-13
1.222626531118313986e+00,2.413980872019210952e-02,2.300957738336789490e-06,1.065494647188594234e-14,1.471480918247567715e-01,4.986396974494014490e-05,3.043001849505467886e-13
1.231384905985844824e+00,2.392329913234714223e-02,2.539096589125009549e-06,1.464566178843263071e-14,1.447911010858187464e-01,5.463329830042168710e-05,4.152980910197248589e-13
1.240206022114396234e+00,2.370856263349701773e-02,2.798443735738399813e-06,2.005627616352041808e-14,1.424708499294655428e-01,5.978534887115178654e-05,5.646784643787233580e-13
1.249090328955596352e+00,2.349558825146563432e-02,3.080539414724231825e-06,2.736487879189834651e-14,1.401867937146432097e-01,6.534388445094496494e-05,7.649700690097976800e-13
1.258038279180750729e+00,2.328436500255405203e-02,3.387004543953559619e-06,3.720118995726953364e-14,1.379383950913465884e-01,7.133356802893084739e-05,1.032542023060676789e-12
1.267050328703911655e+00,2.307488189380774157e-02,3.719542508511295939e-06,5.039160042083421031e-14,1.357251239254777531e-01,7.777995446734611710e-05,1.388701950764804454e-12
1.276126936705102910e+00,2.286712792522568524e-02,4.079940808066420416e-06,6.801664807711973088e-14,1.335464572237874681e-01,8.470947898075695834e-05,1.861084574955265400e-12
1.285268565653718165e+00,2.266109209191214877e-02,4.470072552533145563e-06,9.148409377605382432e-14,1.314018790589228658e-01,9.214944210904390176e-05,2.485400974587832268e-12
1.294475681332087014e+00,2.245676338617230705e-02,4.891897792942848627e-06,1.226214882633777061e-13,1.292908804946091561e-01,1.001279910896297700e-04,3.307633994315601098e-12
1.303748752859202220e+00,2.225413079955284798e-02,5.347464674629613581e-06,1.637930022498064539e-13,1.272129595109913469e-01,1.086740975485431194e-04,4.386783459244600401e-12
1.313088252714625481e+00,2.205318332482840427e-02,5.838910400090345110e-06,2.180463481979104751e-13,1.251676209301565978e-01,1.178175314449080193e-04,5.798286378183987665e-12
1.322494656762561949e+00,2.185390995793487848e-02,6.368461989210802109e-06,2.892968857986272691e-13,1.231543763418619652e-01,1.275888312192006600e-04,7.638262728050593800e-12
1.331968444276102836e+00,2.165629969985084780e-02,6.938436824954816293e-06,3.825575077065643490e-13,1.211727440294902841e-01,1.380192701120882355e-04,1.002876727300664652e-11
1.341510097961649439e+00,2.146034155842768687e-02,7.551242973094588742e-06,5.042246868059763073e-13,1.192222488962520754e-01,1.491408186377687916e-04,1.312426281650406678e-11
1.351120103983504128e+00,2.126602455016974799e-02,8.209379265109995039e-06,6.624331748075127397e-13,1.173024223916567521e-01,1.609861032132861504e-04,1.711957100611665095e-11
1.360798951988642758e+00,2.107333770196532369e-02,8.915435134009697663e-06,8.674943232122445363e-13,1.154128024382699291e-01,1.735883609633293685e-04,2.225960406546724197e-11
1.370547135131665373e+00,2.088227005276933890e-02,9.672090193517202136e-06,1.132435905970843738e-12,1.135529333587753237e-01,1.869813907383006469e-04,2.885123543208953960e-11
1.380365150099918337e+00,2.069281065523893848e-02,1.048211355182285069e-05,1.473664718592882436e-12,1.117223658033608819e-01,2.011995004019232359e-04,3.727773011240050144e-11
1.390253497138807193e+00,2.050494857732254941e-02,1.134836285192453104e-05,1.911777177052278865e-12,1.099206566774416916e-01,2.162774504632404289e-04,4.801622756002173364e-11
1.400212680077279837e+00,2.031867290380365634e-02,1.227378303145769688e-05,2.472547713712139780e-12,1.081473690697400403e-01,2.322503941463396513e-04,6.165885202881475252e-11
1.410243206353499978e+00,2.013397273779994959e-02,1.326140479585354697e-05,3.188130044949194079e-12,1.064020721807338726e-01,2.491538140095492238e-04,7.893811868053301893e-11
1.420345587040703794e+00,1.995083720221877202e-02,1.431434279964856491e-05,4.098512450616379482e-12,1.046843412514898569e-01,2.670234552439163162e-04,1.007574093092111571e-10
1.430520336873235543e+00,1.976925544116988828e-02,1.543579353180128048e-05,5.253275149364060511e-12,1.029937574928951188e-01,2.858952557984922914e-04,1.282274104768678367e-10
1.440767974272779250e+00,1.958921662133619387e-02,1.662903290194836368e-05,6.713705772286500704e-12,1.013299080152985226e-01,3.058052734972159536e-04,1.627095402470032579e-10
1.451089021374768917e+00,1.941070993330342234e-02,1.789741352563742680e-05,8.555337931795101515e-12,9.969238575857615470e-02,3.267896103287377084e-04,2.058675386592931624e-10
1.461484004054993457e+00,1.923372459284954789e-02,1.924436170771765887e-05,1.087098805919478014e-11,9.808078942263077915e-02,3.488843341065204335e-04,2.597285626948183517e-10
1.471953451956394376e+00,1.905824984219464668e-02,2.067337412423097474e-05,1.377437715321112775e-11,9.649472339833649326e-02,3.721253977116343020e-04,3.267553097759468719e-10
1.482497898516045964e+00,1.888427495121232022e-02,2.218801420432655266e-05,1.740443695571450937e-11,9.493379769894057241e-02,3.965485561448598047e-04,4.099308958010235650e-10
1.493117880992341551e+00,1.871178921860301714e-02,2.379190821491998403e-05,2.193041446493367058e-11,9.339762789192931902e-02,4.221892816280316653e-04,5.128584352094153332e-10
1.503813940492361390e+00,1.854078197303050263e-02,2.548874105201153389e-05,2.755790472568312945e-11,9.188583503137050246e-02,4.490826770066301261e-04,6.398775123599731082e-10
1.514586621999446603e+00,1.837124257422186741e-02,2.728225174378212867e-05,3.453595961450316282e-11,9.039804559073788548e-02,4.772633877167610007e-04,7.961999961844853927e-10
1.525436474400968523e+00,1.820316041403202689e-02,2.917622867177386517e-05,4.316543997583612438e-11,8.893389139622773221e-02,5.067655125894437139e-04,9.880679340537687459e-10
1.536364050516290547e+00,1.803652491747346001e-02,3.117450451763957640e-05,5.380880006898242819e-11,8.749300956057504131e-02,5.376225137736993353e-04,1.222936566250728332e-09
1.547369907124941157e+00,1.787132554371178086e-02,3.328095094410918960e-05,6.690151695250084621e-11,8.607504241737495843e-02,5.698671260672690886e-04,1.509685829301676983e-09
1.558454604994977233e+00,1.770755178702805230e-02,3.549947301994696252e-05,8.296540325062506393e-11,8.467963745591804148e-02,6.035312659496066623e-04,1.858864064292422201e-09
1.569618708911558969e+00,1.754519317774836176e-02,3.783400339978184354e-05,1.026240697900357375e-10,8.330644725654372251e-02,6.386459406164296570e-04,2.282968014471869141e-09
1.580862787705729300e+00,1.738423928314145397e-02,4.028849627075419134e-05,1.266208349236966164e-10,8.195512942651800303e-02,6.752411573181951818e-04,2.796763583825068018e-09
1.592187414283390945e+00,1.722467970828516631e-02,4.286692107894195139e-05,1.558394100112923436e-10,8.062534653644240490e-02,7.133458333065615525e-04,3.417652233373256071e-09
1.603593165654500607e+00,1.706650409690218043e-02,4.557325604950957637e-05,1.913277255205938719e-10,7.931676605719585604e-02,7.529877066932853715e-04,4.166088312776203168e-09
1.615080622962470347e+00,1.690970213216584292e-02,4.841148151543881698e-05,2.343252995424352807e-10,7.802906029741626948e-02,7.941932485248066409e-04,5.066053058935314202e-09
1.626650371513772564e+00,1.675426353747680452e-02,5.138557307056361542e-05,2.862945901366894517e-10,7.676190634152546544e-02,8.369875763732481481e-04,6.145591437787055987e-09
1.638303000807768584e+00,1.660017807721082470e-02,5.449949456344160614e-05,3.489568147778984183e-10,7.551498598829965714e-02,8.813943697407568625e-04,7.437418456867571154e-09
1.650039104566739523e+00,1.644743555743877553e-02,5.775719094932028940e-05,4.243327641409634050e-10,7.428798568999089857e-02,9.274357875687048048e-04,8.979602030496963532e-09
1.661859280766139424e+00,1.629602582661907051e-02,6.116258101813560309e-05,5.147891834152772769e-10,7.308059649200046581e-02,9.751323881368449036e-04,1.081632993201278470e-08
1.673764131665065991e+00,1.614593877626337853e-02,6.471955001707028826e-05,6.230913420724491596e-10,7.189251397310740532e-02,1.024503051629589668e-03,1.299876881323083849e-08
1.685754263836940492e+00,1.599716434157617481e-02,6.843194218672190741e-05,7.524624623066755495e-10,7.072343818625555223e-02,1.075564905637515492e-03,1.558602370453862158e-08
1.697830288200421034e+00,1.584969250206857624e-02,7.230355323038357128e-05,9.066507269390702681e-10,6.957307359989849116e-02,1.128333253852075021e-03,1.864620682350563090e-08
1.709992820050524109e+00,1.570351328214725922e-02,7.633812273629721331e-05,1.090004639098387556e-09,6.844112903990678953e-02,1.182821508200042945e-03,2.225762490885191225e-08
1.722242479089976408e+00,1.555861675167885712e-02,8.053932657303725800e-05,1.307557558082264332e-09,6.732731763203683717e-02,1.239041124651993125e-03,2.651009465283668195e-08
1.734579889460794000e+00,1.541499302653040644e-02,8.491076927838747690e-05,1.565122288032960920e-09,6.623135674496270775e-02,1.297001542925777136e-03,3.150639612091159561e-08
1.747005679776076237e+00,1.527263226908653557e-02,8.945597646219695116e-05,1.869396647945915266e-09,6.515296793387298502e-02,1.356710130291739324e-03,3.736387431476620053e-08
1.759520483152041903e+00,1.513152468874369785e-02,9.417838724375835943e-05,2.228081002533410954e-09,6.409187688463101329e-02,1.418172129671568717e-03,4.421619924530854771e-08
1.772124937240281639e+00,1.499166054238222807e-02,9.908134674420504009e-05,2.650008783000308548e-09,6.304781335850091761e-02,1.481390612206842693e-03,5.221529502700452815e-08
1.784819684260250616e+00,1.485303013481651009e-02,1.041680986543278128e-04,3.145291074221065455e-09,6.202051113743751315e-02,1.546366434457234701e-03,6.153344857562081010e-08
1.797605371031991917e+00,1.471562381922391846e-02,1.094417778980055029e-04,3.725476389451031752e-09,6.100970796994101275e-02,1.613098200371310565e-03,7.236560847887041594e-08
1.810482649009088618e+00,1.457943199755300234e-02,1.149054034111880523e-04,4.403726794838027224e-09,6.001514551747609560e-02,1.681582228155715716e-03,8.493188450502491743e-08
1.823452174311863017e+00,1.444444512091130721e-02,1.205618710560294566e-04,5.195011582857132542e-09,5.903656930145352588e-02,1.751812522150908392e-03,9.948025800958348721e-08
1.836514607760799889e+00,1.431065368993348491e-02,1.264139466893461074e-04,6.116319725573282222e-09,5.807372865077518181e-02,1.823780749803596921e-03,1.162895131862125285e-07
1.849670614910221111e+00,1.417804825512999044e-02,1.324642594041110363e-04,7.186892364523895802e-09,5.712637664993955311e-02,1.897476223808183295e-03,1.356723986775765284e-07
1.862920866082197646e+00,1.404661941721691530e-02,1.387152949621308945e-04,8.428476613156597969e-09,5.619427008770772058e-02,1.972885889471162266e-03,1.579790285068847488e-07
1.876266036400698889e+00,1.391635782742746928e-02,1.451693894354476539e-04,9.865601959303727311e-09,5.527716940632821513e-02,2.049994317334365677e-03,1.836005306053897137e-07
1.889706805825997371e+00,1.378725418780536900e-02,1.518287230733470850e-04,1.152588055826880768e-08,5.437483865131818861e-02,2.128783701075004017e-03,2.129729503888809138e-07
1.903243859189308385e+00,1.365929925148082723e-02,1.586953144111062110e-04,1.344033270087699848e-08,5.348704542180058447e-02,2.209233860682256485e-03,2.465814158723373943e-07
1.916877886227686067e+00,1.353248382292932678e-02,1.657710146358655132e-04,1.564373872448327103e-08,5.261356082139399121e-02,2.291322250892935918e-03,2.849645697028610932e-07
1.930609581619169290e+00,1.340679875821372893e-02,1.730575022241599714e-04,1.817501860760960000e-08,5.175415940965360367e-02,2.375023974851066168e-03,3.287192722338776032e-07
1.944439645018170904e+00,1.328223496521017087e-02,1.805562778647867731e-04,2.107764044983735371e-08,5.090861915406175858e-02,2.460311802939489818e-03,3.785055783573576608e-07
1.958368781091129884e+00,1.315878340381802618e-02,1.882686596797809148e-04,2.440005898709133276e-08,5.007672138256422795e-02,2.547156196715120828e-03,4.350519892556725905e-07
1.972397699552417505e+00,1.303643508615439338e-02,1.961957787553260412e-04,2.819618522784593282e-08,4.925825073665072301e-02,2.635525337863563623e-03,4.991609785322386896e-07
1.986527115200492410e+00,1.291518107673357563e-02,2.043385749934457137e-04,3.252588821748043431e-08,4.845299512497719396e-02,2.725385162073321217e-03,5.717147903338146658e-07
2.000757747954327925e+00,1.279501249263174760e-02,2.126977932943418918e-04,3.745552984551318496e-08,4.766074567752602575e-02,2.816699397715361711e-03,6.536815050924388438e-07
2.015090322890087382e+00,1.267592050363740806e-02,2.212739800782046221e-04,4.305853350331327243e-08,4.688129670030258961e-02,2.909429609199515755e-03,7.461213663978032455e-07
2.029525570278070123e+00,1.255789633238780373e-02,2.300674801543050739e-04,4.941598727786525049e-08,4.611444563056420198e-02,3.003535244866212262e-03,8.501933602707869875e-07
2.044064225619923736e+00,1.244093125449174768e-02,2.390784339441139495e-04,5.661728223000524613e-08,4.535999299257866685e-02,3.098973689259239186e-03,9.671620357553395757e-07
2.058707029686110523e+00,1.232501659863927818e-02,2.483067750641389042e-04,6.476078615323163303e-08,4.461774235390993104e-02,3.195700319613696723e-03,1.098404553291807973e-06
2.073454728553662196e+00,1.221014374669827582e-02,2.577522282731331787e-04,7.395455304178754586e-08,4.388750028222589139e-02,3.293668566382577153e-03,1.245417944793941396e-06
2.088308073644183693e+00,1.209630413379867743e-02,2.674143077872269641e-04,8.431706831436753845e-08,4.316907630262737522e-02,3.392829977615020171e-03,1.409826566738895695e-06
2.103267821762144330e+00,1.198348924840433351e-02,2.772923159655274515e-04,9.597802964298567508e-08,4.246228285549253495e-02,3.493134286990650164e-03,1.593389724913534623e-06
2.118334735133440727e+00,1.187169063237301057e-02,2.873853423676554124e-04,1.090791630256298299e-07,4.176693525483454045e-02,3.594529485305905225e-03,1.798009446757809613e-06
2.133509581444226200e+00,1.176089988100485588e-02,2.976922631836583606e-04,1.237750735170772267e-07,4.108285164716894700e-02,3.696961895200949737e-03,2.025738374528579487e-06
2.148793133880034567e+00,1.165110864307947192e-02,3.082117410357438020e-04,1.402341297954569275e-07,4.040985297088609679e-02,3.800376248909635799e-03,2.278787749795932746e-06
2.164186171165168648e+00,1.154230862088215931e-02,3.189422251502510466e-04,1.586393814937238592e-07,3.974776291612616003e-02,3.904715768809180389e-03,2.559535457100268789e-06
2.179689477602377856e+00,1.143449157021942525e-02,3.298819518973278016e-04,1.791895079663925323e-07,3.909640788515218734e-02,4.009922250541878008e-03,2.870534091966963899e-06
2.195303843112827558e+00,1.132764930042406276e-02,3.410289456948283841e-04,2.020997968938619754e-07,3.845561695321711437e-02,4.115936148477514732e-03,3.214519015919190349e-06
2.211030063276334889e+00,1.122177367435030909e-02,3.523810202720096293e-04,2.276031508508409342e-07,3.782522182992226201e-02,4.222696663282108666e-03,3.594416358672146153e-06
2.226868939371917655e+00,1.111685660835900168e-02,3.639357802877597704e-04,2.559511196835253550e-07,3.720505682106129558e-02,4.330141831357222672e-03,4.013350925361612072e-06
2.242821278418609676e+00,1.101289007229338743e-02,3.756906232971780066e-04,2.874149562535765535e-07,3.659495879094785270e-02,4.438208615912362688e-03,4.474653964474738239e-06
2.258887893216585674e+00,1.090986608944556624e-02,3.876427420595781183e-04,3.222866928179473450e-07,3.599476712522111516e-02,4.546832999433515765e-03,4.981870750143830101e-06
2.275069602388577916e+00,1.080777673651394863e-02,3.997891271801582813e-04,3.608802350235909710e-07,3.540432369412602198e-02,4.655950077310947420e-03,5.538767930650610818e-06
2.291367230421577084e+00,1.070661414355206405e-02,4.121265700768508692e-04,4.035324702074034030e-07,3.482347281626454322e-02,4.765494152390900573e-03,6.149340593396845854e-06
2.307781607708851990e+00,1.060637049390877711e-02,4.246516662632024430e-04,4.506043864065340984e-07,3.425206122281246324e-02,4.875398830218211424e-03,6.817818995250275949e-06
2.324313570592251299e+00,1.050703802416037141e-02,4.373608189374300495e-04,5.024821982041608437e-07,3.368993802219922423e-02,4.985597114739346095e-03,7.548674906086836612e-06
2.340963961404819660e+00,1.040860902403460513e-02,4.502502428672344281e-04,5.595784752638492400e-07,3.313695466524536198e-02,5.096021504239223350e-03,8.346627512550396620e-06
2.357733628513720259e+00,1.031107583632698103e-02,4.633159685593672629e-04,6.223332691432832873e-07,3.259296491075391183e-02,5.206604087289266186e-03,9.216648828548183283e-06
2.374623426363451806e+00,1.021443085680959380e-02,4.765538467024125579e-04,6.912152337279870564e-07,3.205782479155178111e-02,5.317276638488726420e-03,1.016396855881340075e-05
2.391634215519390594e+00,1.011866653413259938e-02,4.899595528708206200e-04,7.667227343901748123e-07,3.153139258097625158e-02,5.427970713787202799e-03,1.119407836201414817e-05
2.408766862711638534e+00,1.002377536971865539e-02,5.035285924777520208e-04,8.493849407584790137e-07,3.101352875980283030e-02,5.538617745181640371e-03,1.231273546036962248e-05
2.426022240879178060e+00,9.929749917650556104e-03,5.172563059639318254e-04,9.397628977839834867e-07,3.050409598361027846e-02,5.649149134587783637e-03,1.352596554357154206e-05
2.443401229214358761e+00,9.836582784552129824e-03,5.311378742094029952e-04,1.038450569608459378e-06,3.000295905057796461e-02,5.759496346693020012e-03,1.484006491600165152e-05
2.460904713207684669e+00,9.744266629462842652e-03,5.451683241547286216e-04,1.146075850583565027e-06,2.950998486971218027e-02,5.869591000604431827e-03,1.626160183778355045e-05
2.478533584692937275e+00,9.652794163706075736e-03,5.593425346180014518e-04,1.263301537657847933e-06,2.902504242949622074e-02,5.979364960113919825e-03,1.779741701212277948e-05
2.496288741892618290e+00,9.562158150751429858e-03,5.736552422937983694e-04,1.390826258242382765e-06,2.854800276696045983e-02,6.088750422410022303e-03,1.945462317365612118e-05
2.514171089463705933e+00,9.472351406071222168e-03,5.881010479200514439e-04,1.529385347587926225e-06,2.807873893716840430e-02,6.197680005074219373e-03,2.124060373515237283e-05
2.532181538543762045e+00,9.383366796991286091e-03,6.026744225987401646e-04,1.679751669658426777e-06,2.761712598311349617e-02,6.306086831208318998e-03,2.316301045287933391e-05
2.550321006797343859e+00,9.295197242536421336e-03,6.173697142561811006e-04,1.842736375467441142e-06,2.716304090602364094e-02,6.413904612547776177e-03,2.522976007424632147e-05
2.568590418462766589e+00,9.207835713270483627e-03,6.321811542287355742e-04,2.019189592858605554e-06,2.671636263606810141e-02,6.521067730425249113e-03,2.744902993496130665e-05
2.586990704399198648e+00,9.121275231131431571e-03,6.471028639597074718e-04,2.210001041757568355e-06,2.627697200346298945e-02,6.627511314457132201e-03,2.982925247686307065e-05
2.605522802134081051e+00,9.035508869261502443e-03,6.621288617932811604e-04,2.416100569002707000e-06,2.584475170997138985e-02,6.733171318835229520e-03,3.237910866180031115e-05
2.624187655910905637e+00,8.950529751832565425e-03,6.772530698514600675e-04,2.638458596976120311e-06,2.541958630079300258e-02,6.837984596114957819e-03,3.510752026141160322e-05
2.642986216737319705e+00,8.866331053866980186e-03,6.924693209800432446e-04,2.878086480403188638e-06,2.500136213684003156e-02,6.941888968400394822e-03,3.802364100736538359e-05
2.661919442433581917e+00,8.782906001053997214e-03,7.077713657498740148e-04,3.136036765871134827e-06,2.458996736739441774e-02,7.044823295835850145e-03,4.113684659155690201e-05
2.680988297681371257e+00,8.700247869561920228e-03,7.231528794997828073e-04,3.413403348831997769e-06,2.418529190314235369e-02,7.146727542322864855e-03,4.445672351087262168e-05
2.700193754072929941e+00,8.618349985846202391e-03,7.386074694078277776e-04,3.711321523103257322e-06,2.378722738958227029e-02,7.247542838390260041e-03,4.799305675639912690e-05
2.719536790160577144e+00,8.537205726453542254e-03,7.541286815777550239e-04,4.030967918160908216e-06,2.339566718080134805e-02,7.347211541154387120e-03,5.175581635236173566e-05
2.739018391506559347e+00,8.456808517822258717e-03,7.697100081278047999e-04,4.373560319830998284e-06,2.301050631361728840e-02,7.445677291315024558e-03,5.575514275555782648e-05
2.758639550733271051e+00,8.377151836078965824e-03,7.853448942693495383e-04,4.740357370328933082e-06,2.263164148208035228e-02,7.542885067141527622e-03,6.000133113161053170e-05
2.778401267573833433e+00,8.298229206831736482e-03,8.010267453631407129e-04,5.132658143966655490e-06,2.225897101233203362e-02,7.638781235412091600e-03,6.450481452994008286e-05
2.798304548923024271e+00,8.220034204959963259e-03,8.167489339412969734e-04,5.551801595246272188e-06,2.189239483781628068e-02,7.733313599277472604e-03,6.927614598491689600e-05
2.818350408888591563e+00,8.142560454400897194e-03,8.325048066835532591e-04,5.999165876483736679e-06,2.153181447483868208e-02,7.826431443028700544e-03,7.432597957619899599e-05
2.838539868842913982e+00,8.065801627933173387e-03,8.482876913366268123e-04,6.476167522552064376e-06,2.117713299847027303e-02,7.918085573755975076e-03,7.966505048668495910e-05
2.858873957475046357e+00,7.989751446957304298e-03,8.640909035660166880e-04,6.984260500804248950e-06,2.082825501879122937e-02,8.008228359893966239e-03,8.530415410187359082e-05
2.879353710843137737e+00,7.914403681273340235e-03,8.799077537299276235e-04,7.524935124722620413e-06,2.048508665747068511e-02,8.096813766655859904e-03,9.125412419959981405e-05
2.899980172427210956e+00,7.839752148855839292e-03,8.957315535654379341e-04,8.099716830345966365e-06,2.014753552467902359e-02,8.183797388365703779e-03,9.752581028413519768e-05
2.920754393182334319e+00,7.765790715626214383e-03,9.115556227774966559e-04,8.710164815044856330e-06,1.981551069632799672e-02,8.269136477705519087e-03,1.041300541234578797e-04
2.941677431592175207e+00,7.692513295222560589e-03,9.273732955217623341e-04,9.357870538744682856e-06,1.948892269163508828e-02,8.352789971900139582e-03,1.110776655530598287e-04
2.962750353722919172e+00,7.619913848767199613e-03,9.431779267727360408e-04,1.004445608823354994e-05,1.916768345100845067e-02,8.434718515868919533e-03,1.183793976139578714e-04
2.983974233277602472e+00,7.547986384631851994e-03,9.589628985691576101e-04,1.077157240573833838e-05,1.885170631424777643e-02,8.514884482379629638e-03,1.260459210966093622e-04
3.005350151650806545e+00,7.476724958200775366e-03,9.747216261290186489e-04,1.154089738349572714e-05,1.854090599905811043e-02,8.593251989245100433e-03,1.340877985660913921e-04
3.026879197983761927e+00,7.406123671631776803e-03,9.904475638270971924e-04,1.235413382659535119e-05,1.823519857987202300e-02,8.669786913608925130e-03,1.425154579472963899e-04
3.048562469219847859e+00,7.336176673615297031e-03,1.006134211028333371e-03,1.321300728691373840e-05,1.793450146697665032e-02,8.744456903371165477e-03,1.513391657518652045e-04
3.070401070160470702e+00,7.266878159131709598e-03,1.021775117770840112e-03,1.411926377149606616e-05,1.763873338594201118e-02,8.817231385809792127e-03,1.605690000312010078e-04
3.092396113521370449e+00,7.198222369206793390e-03,1.037363890292858880e-03,1.507466732927448127e-05,1.734781435734624594e-02,8.888081573458078699e-03,1.702148231421561284e-04
3.114548719989301606e+00,7.130203590665650827e-03,1.052894196398359780e-03,1.608099752052599070e-05,1.706166567679479051e-02,8.956980467301825510e-03,1.802862544137655960e-04
3.136860018279141737e+00,7.062816155885007566e-03,1.068359770656524335e-03,1.714004677398158451e-05,1.678020989522911732e-02,9.023902857364414151e-03,1.907926428048585890e-04
3.159331145191404122e+00,6.996054442544067178e-03,1.083754419430762181e-03,1.825361763698209918e-05,1.650337079952169175e-02,9.088825320750790540e-03,2.017430396433263782e-04
3.181963245670150098e+00,6.929912873374037899e-03,1.099072025733357702e-03,1.942351992454533876e-05,1.623107339335368160e-02,9.151726217224527213e-03,2.131461715384007209e-04
3.204757472861337497e+00,6.864385915906301081e-03,1.114306553902347837e-03,2.065156777365788167e-05,1.596324387837125616e-02,9.212585682395184328e-03,2.250104135574505077e-04
3.227714988171566546e+00,6.799468082219455554e-03,1.129452054097579905e-03,2.193957660952378414e-05,1.569980963561752596e-02,9.271385618595197678e-03,2.373437627584756512e-04
3.250836961327256969e+00,6.735153928685197987e-03,1.144502666613417177e-03,2.328936003090309405e-05,1.544069920723612800e-02,9.328109683528111942e-03,2.501538121688024548e-04
3.274124570434255865e+00,6.671438055713159801e-03,1.159452626005919029e-03,2.470272662204025868e-05,1.518584227844300104e-02,9.382743276771545599e-03,2.634477252993353349e-04
3.297579002037851037e+00,6.608315107494843778e-03,1.174296265032744469e-03,2.618147669902077458e-05,1.493516965976323697e-02,9.435273524219996502e-03,2.772322112821732666e-04
3.321201451183240394e+00,6.545779771746597885e-03,1.189028018404458256e-03,2.772739899870673531e-05,1.468861326952892489e-02,9.485689260553948482e-03,2.915135007175045402e-04
3.344993121476411257e+00,6.483826779451851846e-03,1.203642426346257770e-03,2.934226731867223465e-05,1.444610611663519478e-02,9.533981009822686467e-03,3.062973223133254146e-04
3.368955225145471744e+00,6.422450904602575693e-03,1.218134137969556410e-03,3.102783711680665236e-05,1.420758228355060125e-02,9.580140964229107159e-03,3.215888803988953184e-04
3.393088983102418688e+00,6.361646963940067838e-03,1.232497914453194740e-03,3.278584207945716089e-05,1.397297690957871076e-02,9.624162961205334418e-03,3.373928333897640436e-04
3.417395625005337223e+00,6.301409816695188910e-03,1.246728632034415371e-03,3.461799066715499657e-05,1.374222617436762772e-02,9.666042458868295481e-03,3.537132732788631547e-04
3.441876389321058216e+00,6.241734364328019660e-03,1.260821284810071437e-03,3.652596264710618692e-05,1.351526728166395006e-02,9.705776509944424521e-03,3.705537062244767133e-04
3.466532523388265563e+00,6.182615550267059161e-03,1.274770987348866885e-03,3.851140562172515700e-05,1.329203844330801437e-02,9.743363734252687841e-03,3.879170343019305378e-04
3.491365283481038251e+00,6.124048359648061324e-03,1.288572977115719264e-03,4.057593156255031528e-05,1.307247886346733778e-02,9.778804289834564650e-03,4.058055384815968994e-04
3.516375934872874698e+00,6.066027819052451607e-03,1.302222616709664471e-03,4.272111335891145694e-05,1.285652872310469493e-02,9.812099842819362386e-03,4.242208628913837808e-04
3.541565751901146974e+00,6.008548996245544234e-03,1.315715395916970069e-03,4.494848139069945573e-05,1.264412916467814833e-02,9.843253536112315724e-03,4.431640004171165511e-04
3.566936018032035527e+00,5.951606999914484455e-03,1.329046933581418512e-03,4.725952013454940673e-05,1.243522227706947425e-02,9.872269956992104842e-03,4.626352796894135340e-04
3.592488025925932416e+00,5.895196979406012137e-03,1.342212979293972049e-03,4.965566481266173377e-05,1.222975108073805044e-02,9.899155103703521225e-03,4.826343535005821737e-04
3.618223077503288199e+00,5.839314124464172438e-03,1.355209414904238801e-03,5.213829809336374216e-05,1.202765951309734890e-02,9.923916351129442870e-03,5.031601886898461919e-04
3.644142484010964189e+00,5.783953664967889444e-03,1.368032255856455309e-03,5.470874685237423472e-05,1.182889241411052596e-02,9.946562415625493161e-03,5.242110575300348938e-04
3.670247566089028801e+00,5.729110870668590108e-03,1.380677652352820710e-03,5.736827900353350991e-05,1.163339551210264972e-02,9.967103319098648273e-03,5.457845306433570590e-04
3.696539653838053940e+00,5.674781050927845544e-03,1.393141890347308984e-03,6.011810040755945331e-05,1.144111540978615116e-02,9.985550352410036204e-03,5.678774714685880720e-04
3.723020086886887903e+00,5.620959554455086903e-03,1.405421392373196231e-03,6.295935186713371497e-05,1.125199957049681510e-02,1.000191603818006633e-02,5.904860322964598698e-04
3.749690214460902560e+00,5.567641769045496465e-03,1.417512718207748811e-03,6.589310621634977621e-05,1.106599630463738805e-02,1.001621409307242722e-02,6.136056518846183657e-04
3.776551395450752135e+00,5.514823121318040110e-03,1.429412565377672110e-03,6.892036551225495463e-05,1.088305475632576555e-02,1.002845938963147464e-02,6.372310546581055543e-04
3.803604998481597832e+00,5.462499076453769531e-03,1.441117769509038526e-03,7.204205833588249680e-05,1.070312489024519316e-02,1.003866791774564969e-02,6.613562514958816170e-04
3.830852401982847599e+00,5.410665137934360380e-03,1.452625304525593467e-03,7.525903720982798440e-05,1.052615747869339174e-02,1.004685674580745210e-02,6.859745420986733530e-04
3.858294994258395505e+00,5.359316847280970464e-03,1.463932282699391060e-03,7.857207613904007928e-05,1.035210408882799270e-02,1.005304398163829604e-02,7.110785189281374104e-04
3.885934173557344273e+00,5.308449783793481314e-03,1.475035954557876727e-03,8.198186828110744088e-05,1.018091707010560475e-02,1.005724873324461213e-02,7.366600727022787516e-04
3.913771348145264728e+00,5.258059564290081499e-03,1.485933708651589712e-03,8.548902375191249963e-05,1.001254954191151819e-02,1.005949106946905057e-02,7.627103994271040160e-04
3.941807936375936183e+00,5.208141842847333058e-03,1.496623071186752117e-03,8.909406757208670417e-05,9.846955381377760219e-03,1.005979198059863203e-02,7.892200089396321115e-04
3.970045366763617967e+00,5.158692310540673349e-03,1.507101705527093835e-03,9.279743775927120101e-05,9.684089211386512352e-03,1.005817333898921355e-02,8.161787349328329926e-04
3.998485078055843633e+00,5.109706695185423433e-03,1.517367411569290735e-03,9.659948357072313844e-05,9.523906388756379904e-03,1.005465785976336103e-02,8.435757464285580142e-04
4.027128519306710785e+00,5.061180761078362851e-03,1.527418124996475198e-03,1.005004639003461326e-04,9.366362992609121238e-03,1.004926906163647153e-02,8.713995606603075917e-04
4.055977149950732219e+00,5.013110308739828283e-03,1.537251916414300026e-03,1.045005458337573895e-04,9.211415812913873943e-03,1.004203122792343694e-02,8.996380573237066757e-04
4.085032439877179122e+00,4.965491174656480947e-03,1.546866990374055591e-03,1.085998033645155448e-04,9.059022339206813587e-03,1.003296936777596862e-02,9.282784941487034472e-04
4.114295869504982051e+00,4.918319231024658594e-03,1.556261684287391480e-03,1.127982162741637524e-04,8.909140749483382762e-03,1.002210917769827403e-02,9.573075237440479288e-04
4.143768929858170580e+00,4.871590385494403187e-03,1.565434467237160950e-03,1.170956691782513070e-04,8.761729899260758958e-03,1.000947700338633561e-02,9.867112116612542037e-04
4.173453122641823221e+00,4.825300580914224091e-03,1.574383938688930134e-03,1.214919507400125348e-04,8.616749310808267948e-03,9.995099801933847797e-03,1.016475055622223381e-03
4.203349960318598200e+00,4.779445795076535212e-03,1.583108827107704546e-03,1.259867530529126941e-04,8.474159162543046936e-03,9.979005104445456617e-03,1.046584005852008691e-03
4.233460966185792707e+00,4.734022040463876230e-03,1.591607988484365415e-03,1.305796711927795489e-04,8.333920278588816816e-03,9.961220979095649838e-03,1.077022486455623358e-03
4.263787674452951038e+00,4.689025363995911848e-03,1.599880404776314819e-03,1.352702029397712948e-04,8.195994118495355737e-03,9.941775994669357214e-03,1.107774417775579277e-03
4.294331630320045612e+00,4.644451846777220352e-03,1.607925182266804363e-03,1.400577486699782165e-04,8.060342767116255788e-03,9.920699184618133118e-03,1.138823239664995277e-03
4.325094390056198002e+00,4.600297603845938249e-03,1.615741549847358365e-03,1.449416114159807721e-04,7.926928924642848151e-03,9.898020011663503925e-03,1.170151935609275952e-03
4.356077521078977277e+00,4.556558783923228030e-03,1.623328857227674749e-03,1.499209970952582757e-04,7.795715896791892419e-03,9.873768332976913184e-03,1.201743057628110308e-03
4.387282602034268564e+00,4.513231569163647997e-03,1.630686573077354783e-03,1.549950149049031064e-04,7.666667585144827830e-03,9.847974365963595156e-03,1.233578751888341667e-03
4.418711222876696709e+00,4.470312174906411126e-03,1.637814283103701096e-03,1.601626778806668173e-04,7.539748477636489150e-03,9.820668654675528478e-03,1.265640784957359263e-03
4.450364984950648584e+00,4.427796849427563346e-03,1.644711688069845331e-03,1.654229036179780533e-04,7.414923639190931434e-03,9.791882036876699627e-03,1.297910570626201448e-03
4.482245501071854044e+00,4.385681873693115899e-03,1.651378601757315856e-03,1.707745151521576144e-04,7.292158702502401710e-03,9.761645611781747875e-03,1.330369197231036273e-03
4.514354395609567305e+00,4.343963561113121409e-03,1.657814948877154009e-03,1.762162419947038521e-04,7.171419858959186822e-03,9.729990708487267978e-03,1.362997455401783681e-03
4.546693304569338068e+00,4.302638257296732653e-03,1.664020762933580456e-03,1.817467213221514140e-04,7.052673849708304341e-03,9.696948855113039778e-03,1.395775866166666310e-03
4.579263875676350182e+00,4.261702339808289171e-03,1.669996184044120853e-03,1.873644993136655318e-04,6.935887956859064160e-03,9.662551748668651505e-03,1.428684709341897447e-03
4.612067768459398920e+00,4.221152217924368372e-03,1.675741456720073125e-03,1.930680326332330726e-04,6.821029994823227423e-03,9.626831225659186406e-03,1.461704052136421133e-03
4.645106654335428686e+00,4.180984332391924317e-03,1.681256927611050151e-03,1.988556900519866677e-04,6.708068301790033258e-03,9.589819233441959634e-03,1.494813777902324805e-03
4.678382216694701334e+00,4.141195155187436978e-03,1.686543043217288021e-03,2.047257542059360152e-04,6.596971731333894570e-03,9.551547802344489968e-03,1.527993614962675026e-03
4.711896150986577325e+00,4.101781189277137023e-03,1.691600347573309028e-03,2.106764234841172398e-04,6.487709644152848606e-03,9.512049018552421603e-03,1.561223165449770675e-03
4.745650164805879534e+00,4.062738968378334752e-03,1.696429479906416422e-03,2.167058140419196534e-04,6.380251899935992024e-03,9.471354997774470222e-03,1.594481934088141277e-03
4.779645977979925853e+00,4.024065056721794209e-03,1.701031172273442240e-03,2.228119619341587432e-04,6.274568849357659191e-03,9.429497859689892417e-03,1.627749356858375481e-03
4.813885322656132004e+00,3.985756048815269556e-03,1.705406247179042881e-03,2.289928253622324091e-04,6.170631326196863130e-03,9.386509703182851702e-03,1.661004829479440208e-03
4.848369943390282266e+00,3.947808569208123911e-03,1.709555615178742121e-03,2.352462870295534087e-04,6.068410639579781274e-03,9.342422582366116668e-03,1.694227735649210358e-03
4.883101597235419256e+00,3.910219272257089637e-03,1.713480272469848414e-03,2.415701565992805328e-04,5.967878566343678796e-03,9.297268483395839875e-03,1.727397474984919325e-03
4.918082053831354550e+00,3.872984841893195671e-03,1.717181298473239746e-03,2.479621732482318501e-04,5.869007343520406435e-03,9.251079302077408820e-03,1.760493490607345024e-03
4.953313095494856100e+00,3.836101991389812005e-03,1.720659853408938820e-03,2.544200083107750758e-04,5.771769660937601902e-03,9.203886822261394055e-03,1.793495296314995529e-03
4.988796517310439604e+00,3.799567463131904577e-03,1.723917175868274962e-03,2.609412680063648705e-04,5.676138653936005016e-03,9.155722695027438199e-03,1.826382503296733375e-03
5.024534127221839341e+00,3.763378028386437247e-03,1.726954580385360594e-03,2.675234962443566217e-04,5.582087896200965335e-03,9.106618418652786401e-03,1.859134846333940346e-03
5.060527746124137138e+00,3.727530487073963360e-03,1.729773455010477851e-03,2.741641774996558963e-04,5.489591392706537690e-03,9.056605319361173481e-03,1.891732209445764904e-03
5.096779207956521951e+00,3.692021667541434213e-03,1.732375258887878557e-03,2.808607397527253485e-04,5.398623572770503733e-03,9.005714532846787260e-03,1.924154650933570035e-03
5.133290359795740443e+00,3.656848426336194082e-03,1.734761519840428328e-03,2.876105574874804880e-04,5.309159283218545765e-03,8.953976986567113369e-03,1.956382427783520412e-03
5.170063061950216365e+00,3.622007647981183038e-03,1.736933831963379448e-03,2.944109547405857389e-04,5.221173781655989894e-03,8.901423382797561332e-03,1.988396019388771318e-03
5.207099188054820083e+00,3.587496244751390076e-03,1.738893853229500326e-03,3.012592081956938766e-04,5.134642729845561616e-03,8.848084182440077786e-03,2.020176150555571745e-03
5.244400625166351304e+00,3.553311156451495392e-03,1.740643303107665537e-03,3.081525503162168178e-04,5.049542187189389603e-03,8.793989589576969162e-03,2.051703813760314115e-03
5.281969273859674630e+00,3.519449350194780307e-03,1.742183960196916565e-03,3.150881725102554730e-04,4.965848604313880324e-03,8.739169536760692941e-03,2.082960290627291350e-03
5.319807048324560306e+00,3.485907820183264082e-03,1.743517659877928758e-03,3.220632283214038124e-04,4.883538816755746137e-03,8.683653671029512716e-03,2.113927172599747682e-03
5.357915876463224869e+00,3.452683587489077579e-03,1.744646291983691219e-03,3.290748366392197096e-04,4.802590038747722723e-03,8.627471340638442204e-03,2.144586380779527676e-03
5.396297699988545027e+00,3.419773699837119329e-03,1.745571798491139977e-03,3.361200849232462515e-04,4.722979857102511773e-03,8.570651582494235449e-03,2.174920184913308949e-03
5.434954474523009615e+00,3.387175231388931968e-03,1.746296171235380522e-03,3.431960324346020812e-04,4.644686225193326960e-03,8.513223110282696487e-03,2.204911221506219553e-03
5.473888169698343908e+00,3.354885282527878855e-03,1.746821449648048794e-03,3.502997134692562107e-04,4.567687457029741271e-03,8.455214303276170629e-03,2.234542511046185790e-03
5.513100769255876443e+00,3.322900979645558410e-03,1.747149718521267148e-03,3.574281405872681934e-04,4.491962221427232838e-03,8.396653195808458439e-03,2.263797474325090174e-03
5.552594271147619054e+00,3.291219474929498248e-03,1.747283105798569641e-03,3.645783078323973272e-04,4.417489536269074424e-03,8.337567467404223553e-03,2.292659947845295584e-03
5.592370687638049453e+00,3.259837946152139079e-03,1.747223780394086597e-03,3.717471939366545131e-04,4.344248762859215240e-03,8.277984433549528259e-03,2.321114198302675485e-03
5.632432045406660315e+00,3.228753596461064138e-03,1.746973950041178728e-03,3.789317655045399596e-04,4.272219600364599024e-03,8.217931037089658969e-03,2.349144936139717886e-03
5.672780385651202018e+00,3.197963654170547440e-03,1.746535859171657228e-03,3.861289801718687594e-04,4.201382080345767399e-03,8.157433840240467873e-03,2.376737328164647226e-03
5.713417764191696335e+00,3.167465372554356239e-03,1.745911786826620299e-03,3.933357897342890596e-04,4.131716561374197683e-03,8.096519017198832574e-03,2.403877009234841201e-03
5.754346251575190863e+00,3.137256029639845858e-03,1.745104044599874067e-03,4.005491432407712847e-04,4.063203723735159083e-03,8.035212347337917019e-03,2.430550093005048613e-03
5.795567933181236420e+00,3.107332928003358596e-03,1.744114974614821307e-03,4.077659900475405150e-04,3.995824564214794060e-03,7.973539208972669004e-03,2.456743181743028560e-03
5.837084909328166482e+00,3.077693394566880306e-03,1.742946947535636100e-03,4.149832828281422074e-04,3.929560390970011918e-03,7.911524573680677255e-03,2.482443375217380580e-03
5.878899295380088930e+00,3.048334780396021876e-03,1.741602360613459964e-03,4.221979805355043774e-04,3.864392818480080066e-03,7.849193001163731406e-03,2.507638278664204527e-03
5.921013221854678044e+00,3.019254460499271823e-03,1.740083635768299025e-03,4.294070513121020049e-04,3.800303762578516494e-03,7.786568634634997987e-03,2.532316009841233898e-03
5.963428834531736555e+00,2.990449833628536051e-03,1.738393217707217891e-03,4.366074753445097823e-04,3.737275435564118165e-03,7.723675196716892934e-03,2.556465205179781972e-03
6.006148294562507317e+00,2.961918322080995571e-03,1.736533572079374281e-03,4.437962476588544068e-04,3.675290341389936179e-03,7.660535985834692960e-03,2.580075025046596124e-03
6.049173778579809202e+00,2.933657371502226222e-03,1.734507183668369508e-03,4.509703808538991182e-04,3.614331270928881033e-03,7.597173873090745135e-03,2.603135158129320312e-03
6.092507478808921739e+00,2.905664450690639833e-03,1.732316554622324433e-03,4.581269077686848717e-04,3.554381297314919332e-03,7.533611299604407209e-03,2.625635824960730665e-03
6.136151603179290426e+00,2.877937051403202124e-03,1.729964202722044297e-03,4.652628840818921990e-04,3.495423771358577812e-03,7.469870274302680378e-03,2.647567780598384518e-03
6.180108375437035839e+00,2.850472688162435618e-03,1.727452659687558033e-03,4.723753908402868683e-04,3.437442317035643152e-03,7.405972372146655755e-03,2.668922316477594352e-03
6.224380035258237243e+00,2.823268898064740500e-03,1.724784469523285959e-03,4.794615369138214363e-04,3.380420827047972941e-03,7.341938732779023334e-03,2.689691261456838081e-03
6.268968838363057294e+00,2.796323240589983997e-03,1.721962186902021262e-03,4.865184613751937664e-04,3.324343458455220404e-03,7.277790059577864470e-03,2.709866982075912357e-03
6.313877056630684770e+00,2.769633297412378656e-03,1.718988375587860796e-03,4.935433358018588004e-04,3.269194628376405603e-03,7.213546619102159663e-03,2.729442382048095309e-03
6.359106978215070427e+00,2.743196672212668170e-03,1.715865606898184714e-03,5.005333664986914757e-04,3.214959009760294875e-03,7.149228240914606500e-03,2.748410901008517104e-03
6.404660907661535063e+00,2.717010990491574782e-03,1.712596458204717915e-03,5.074857966397257683e-04,3.161621527223420613e-03,7.084854317767362575e-03,2.766766512541846568e-03
6.450541166024169826e+00,2.691073899384554668e-03,1.709183511473681303e-03,5.143979083275635432e-04,3.109167352954801157e-03,7.020443806136658638e-03,2.784503721513048331e-03
6.496750090984107828e+00,2.665383067477817072e-03,1.705629351844981708e-03,5.212670245692717017e-04,3.057581902686227603e-03,6.956015227092260216e-03,2.801617560725718197e-03
6.543290036968642198e+00,2.639936184625630167e-03,1.701936566250360433e-03,5.280905111677584515e-04,3.006850831727145637e-03,6.891586667488010069e-03,2.818103586933010194e-03
6.590163375271163915e+00,2.614730961768917551e-03,1.698107742070378151e-03,5.348657785278125663e-04,2.956960031063141439e-03,6.827175781459956204e-03,2.833957876226688224e-03
6.637372494172013582e+00,2.589765130755103308e-03,1.694145465830065042e-03,5.415902833761820001e-04,2.907895623516966975e-03,6.762799792218582295e-03,2.849177018830246436e-03
6.684919799060142331e+00,2.565036444159257689e-03,1.690052321933057733e-03,5.482615303952252184e-04,2.859643959971222560e-03,6.698475494122112760e-03,2.863758113322327752e-03
6.732807712555681334e+00,2.540542675106497415e-03,1.685830891433977557e-03,5.548770737698585555e-04,2.812191615651658035e-03,6.634219255017934080e-03,2.877698760316963617e-03
6.781038674633387942e+00,2.516281617095649306e-03,1.681483750848794491e-03,5.614345186476854327e-04,2.765525386470165780e-03,6.570047018839425546e-03,2.890997055627315872e-03
6.829615142746947143e+00,2.492251083824193261e-03,1.677013471002896609e-03,5.679315225123428897e-04,2.719632285426569138e-03,6.505974308445869846e-03,2.903651582939682785e-03
6.878539591954204724e+00,2.468448909014446004e-03,1.672422615916521142e-03,5.743657964702691531e-04,2.674499539068212698e-03,6.442016228693123528e-03,2.915661406024595403e-03
6.927814515043255739e+00,2.444872946241022880e-03,1.667713741727236409e-03,5.807351064512401590e-04,2.630114584006532173e-03,6.378187469723276340e-03,2.927026060511798804e-03
6.977442422659465571e+00,2.421521068759533053e-03,1.662889395649067405e-03,5.870372743231569608e-04,2.586465063489632853e-03,6.314502310461485995e-03,2.937745545255775713e-03
7.027425843433402264e+00,2.398391169336530192e-03,1.657952114967899213e-03,5.932701789217213143e-04,2.543538824030038351e-03,6.250974622308674497e-03,2.947820313318402774e-03
7.077767324109649927e+00,2.375481160080722583e-03,1.652904426072731312e-03,5.994317569957362648e-04,2.501323912086760026e-03,6.187617873018948222e-03,2.957251262595011858e-03
7.128469429676599134e+00,2.352788972275394498e-03,1.647748843522340396e-03,6.055200040689272863e-04,2.459808570800772060e-03,6.124445130750795670e-03,2.966039726109973539e-03
7.179534743497112181e+00,2.330312556212101299e-03,1.642487869146915663e-03,6.115329752192657196e-04,2.418981236783124961e-03,6.061469068281579060e-03,2.974187462007547769e-03
7.230965867440160899e+00,2.308049881025566689e-03,1.637123991184173026e-03,6.174687857769035372e-04,2.378830536954811090e-03,5.998701967374899316e-03,2.981696643263401138e-03
7.282765422013406820e+00,2.285998934529819872e-03,1.631659683449471644e-03,6.233256119419304910e-04,2.339345285437584212e-03,5.936155723290810309e-03,2.988569847141810641e-03
7.334936046496697060e+00,2.264157723055567825e-03,1.626097404539429692e-03,6.291016913232481793e-04,2.300514480494969365e-03,5.873841849429167934e-03,2.994810044423102443e-03
7.387480399076566506e+00,2.242524271288761500e-03,1.620439597068513765e-03,6.347953233999749411e-04,2.262327301522587888e-03,5.811771482096493233e-03,3.000420588425451330e-03
7.440401156981654829e+00,2.221096622110404518e-03,1.614688686938084948e-03,6.404048699068436244e-04,2.224773106087112821e-03,5.749955385387256132e-03,3.005405203844582328e-03
7.493701016619123578e+00,2.199872836437554487e-03,1.608847082637348191e-03,6.459287551451656229e-04,2.187841427013017225e-03,5.688403956170513288e-03,3.009767975434447622e-03
7.547382693712058277e+00,2.178850993065524749e-03,1.602917174575659411e-03,6.513654662209881346e-04,2.151521969516376025e-03,5.627127229173252421e-03,3.013513336551334760e-03
7.601448923437812866e+00,2.158029188511309104e-03,1.596901334445638681e-03,6.567135532121390340e-04,2.115804608385022257e-03,5.566134882152118206e-03,3.016646057583305309e-03
7.655902460567387102e+00,2.137405536858177045e-03,1.590801914616505990e-03,6.619716292659227029e-04,2.080679385204254120e-03,5.505436241145219081e-03,3.019171234286189588e-03
7.710746079605793390e+00,2.116978169601469416e-03,1.584621247557077735e-03,6.671383706292789576e-04,2.046136505627411950e-03,5.445040285796252065e-03,3.021094276046813222e-03
7.765982574933402383e+00,2.096745235495584524e-03,1.578361645287840653e-03,6.722125166132595980e-04,2.012166336690626028e-03,5.384955654743321489e-03,3.022420894093383586e-03
7.821614760948346401e+00,2.076704900402123917e-03,1.572025398861513377e-03,6.771928694937394497e-04,1.978759404170988851e-03,5.325190651065051309e-03,3.023157089672377437e-03
7.877645472209895416e+00,2.056855347139239457e-03,1.565614777871513191e-03,6.820782943502908023e-04,1.945906389987517825e-03,5.265753247776952355e-03,3.023309142210529443e-03
7.934077563582890846e+00,2.037194775332125309e-03,1.559132029987731665e-03,6.868677188452046835e-04,1.913598129644187608e-03,5.206651093371179352e-03,3.022883597479867745e-03
7.990913910383221186e+00,2.017721401264678267e-03,1.552579380519019401e-03,6.915601329446625749e-04,1.881825609714369869e-03,5.147891517393069286e-03,3.021887255783034087e-03
8.048157408524295064e+00,1.998433457732328583e-03,1.545959032001797441e-03,6.961545885840734506e-04,1.850579965366060944e-03,5.089481536048204822e-03,3.020327160175413465e-03
8.105810974664624524e+00,1.979329193896000975e-03,1.539273163814181477e-03,7.006501992796339544e-04,1.819852477927183130e-03,5.031427857833794225e-03,3.018210584739902235e-03
8.163877546356410164e+00,1.960406875137240060e-03,1.532523931815031430e-03,7.050461396881528347e-04,1.789634572490390830e-03,4.973736889188612800e-03,3.015545022929428873e-03
8.222360082195221409e+00,1.941664782914468562e-03,1.525713468007332480e-03,7.093416451172169677e-04,1.759917815556701331e-03,4.916414740155848964e-03,3.012338175991630378e-03
8.281261561970739038e+00,1.923101214620377220e-03,1.518843880225293451e-03,7.135360109877614482e-04,1.730693912717358235e-03,4.859467230053441701e-03,3.008597941489386460e-03
8.340584986818614155e+00,1.904714483440438566e-03,1.511917251844592481e-03,7.176285922511219453e-04,1.701954706373292421e-03,4.802899893146763376e-03,3.004332401930200677e-03
8.400333379373321918e+00,1.886502918212566281e-03,1.504935641515166723e-03,7.216188027626231280e-04,1.673692173491647108e-03,4.746717984318815815e-03,2.999549813516724697e-03
8.460509783922214311e+00,1.868464863287864174e-03,1.497901082915950415e-03,7.255061146137810335e-04,1.645898423398676601e-03,4.690926484733010451e-03,2.994258595030019690e-03
8.521117266560617409e+00,1.850598678392499034e-03,1.490815584530989736e-03,7.292900574251581130e-04,1.618565695608519765e-03,4.635530107484221729e-03,2.988467316856481450e-03
8.582158915348047756e+00,1.832902738490680035e-03,1.483681129446345935e-03,7.329702176019112052e-04,1.591686357687242164e-03,4.580533303233724068e-03,2.982184690168650665e-03
8.643637840465586919e+00,1.815375433648721464e-03,1.476499675167206906e-03,7.365462375540563194e-04,1.565252903151571591e-03,4.525940265823911492e-03,2.975419556269501796e-03
8.705557174374305873e+00,1.798015168900222180e-03,1.469273153454644281e-03,7.400178148834415806e-04,1.539257949401820437e-03,4.471754937868987860e-03,2.968180876109098414e-03
8.767920071974893759e+00,1.780820364112313233e-03,1.462003470181442956e-03,7.433847015394190417e-04,1.513694235688389485e-03,4.417981016317836483e-03,2.960477719981918256e-03
8.830729710768405738e+00,1.763789453852987943e-03,1.454692505206435981e-03,7.466467029451587939e-04,1.488554621111350075e-03,4.364621957985586644e-03,2.952319257412455624e-03
8.893989291018145948e+00,1.746920887259516188e-03,1.447342112266805777e-03,7.498036770965352564e-04,1.463832082652577254e-03,4.311680985050611419e-03,2.943714747236149745e-03
8.957702035912772587e+00,1.730213127907902129e-03,1.439954118887780930e-03,7.528555336354849498e-04,1.439519713239878615e-03,4.259161090513685979e-03,2.934673527882050194e-03
9.021871191730459927e+00,1.713664653683443688e-03,1.432530326309212074e-03,7.558022328996924499e-04,1.415610719842675357e-03,4.207065043616512595e-03,2.925205007863056726e-03
9.086500028004344642e+00,1.697273956652307295e-03,1.425072509428466309e-03,7.586437849504471236e-04,1.392098421598642532e-03,4.155395395216626882e-03,2.915318656478993638e-03
9.151591837689105446e+00,1.681039542934172504e-03,1.417582416759121484e-03,7.613802485804540502e-04,1.368976247970876952e-03,4.104154483116169080e-03,2.905023994737208470e-03
9.217149937328732889e+00,1.664959932575919193e-03,1.410061770404949250e-03,7.640117303033702820e-04,1.346237736935083180e-03,4.053344437342016292e-03,2.894330586494894397e-03
9.283177667225551488e+00,1.649033659426335638e-03,1.402512266048651715e-03,7.665383833267772062e-04,1.323876533196274331e-03,4.002967185374912973e-03,2.883248029826743653e-03
9.349678391610359185e+00,1.633259271011882393e-03,1.394935572954868804e-03,7.689604065102755926e-04,1.301886386434569819e-03,3.953024457325531905e-03,2.871785948621096568e-03
9.416655498813877756e+00,1.617635328413455365e-03,1.387333333986940026e-03,7.712780433103412318e-04,1.280261149579552940e-03,3.903517791055310243e-03,2.859953984407220384e-03
9.484112401439384499e+00,1.602160406144180396e-03,1.379707165636939910e-03,7.734915807135396039e-04,1.258994777112778900e-03,3.854448537240282979e-03,2.847761788415894505e-03
9.552052536536578486e+00,1.586833092028215510e-03,1.372058658068505289e-03,7.756013481596554055e-04,1.238081323397969028e-03,3.805817864376126198e-03,2.835219013875049047e-03
9.620479365776750669e+00,1.571651987080547371e-03,1.364389375171975441e-03,7.776077164562515687e-04,1.217514941038420851e-03,3.757626763722768208e-03,2.822335308541718251e-03
9.689396375629096170e+00,1.556615705387810137e-03,1.356700854631389275e-03,7.795110966861137436e-04,1.197289879261254119e-03,3.709876054187182057e-03,2.809120307471208236e-03
9.758807077538396157e+00,1.541722873990073166e-03,1.348994608002875538e-03,7.813119391090212612e-04,1.177400482327991453e-03,3.662566387142871926e-03,2.795583626023941375e-03
9.828715008103927175e+00,1.526972132763622500e-03,1.341272120803990199e-03,7.830107320592077404e-04,1.157841187971095451e-03,3.615698251184886781e-03,2.781734853110068382e-03
9.899123729259653004e+00,1.512362134304723110e-03,1.333534852613564104e-03,7.846080008398474042e-04,1.138606525856033537e-03,3.569271976819218990e-03,2.767583544671580516e-03
9.970036828455702604e+00,1.497891543814353034e-03,1.325784237181630663e-03,7.861043066158576297e-04,1.119691116068455977e-03,3.523287741085572196e-03,2.753139217401306960e-03
1.004145791884119632e+01,1.483559038983896803e-03,1.318021682549007931e-03,7.875002453062543732e-04,1.101089667626071588e-03,3.477745572112533098e-03,2.738411342697835444e-03
1.011339063944828709e+01,1.469363309881813141e-03,1.310248571176129148e-03,7.887964464772527669e-04,1.082796977014858575e-03,3.432645353604458008e-03,2.723409340855117988e-03
1.018583865537760502e+01,1.455303058841244399e-03,1.302466260080715164e-03,7.899935722372707081e-04,1.064807926749174226e-03,3.387986829259223304e-03,2.708142575485187904e-03
1.025880565798500221e+01,1.441377000348575098e-03,1.294676080983887378e-03,7.910923161349295079e-04,1.047117483955403282e-03,3.343769607116300283e-03,2.692620348172158808e-03
1.033229536506962098e+01,1.427583860932933948e-03,1.286879340464348225e-03,7.920934020611145520e-04,1.029720698978761617e-03,3.299993163834624450e-03,2.676851893355408803e-03
1.040631152106335477e+01,1.413922379056623945e-03,1.279077320120237168e-03,7.929975831561076422e-04,1.012612704012873363e-03,3.256656848899780032e-03,2.660846373439602723e-03
1.048085789722158623e+01,1.400391305006494849e-03,1.271271276738309818e-03,7.938056407227588865e-04,9.957887117517717247e-04,3.213759888760204814e-03,2.644612874128993759e-03
1.055593829181536769e+01,1.386989400786220765e-03,1.263462442470066364e-03,7.945183831466224190e-04,9.792440140639366384e-04,3.171301390892070082e-03,2.628160399983192445e-03
1.063155653032494641e+01,1.373715440009500369e-03,1.255652025014484304e-03,7.951366448239343722e-04,9.629739806880290454e-04,3.129280347792661766e-03,2.611497870191411934e-03
1.070771646563466639e+01,1.360568207794169392e-03,1.247841207807014402e-03,7.956612850982715127e-04,9.469740579499707264e-04,3.087695640902158711e-03,2.594634114562036683e-03
1.078442197822932691e+01,1.347546500657202358e-03,1.240031150214499422e-03,7.960931872066837446e-04,9.312397675010083238e-04,3.046546044453679689e-03,2.577577869724127085e-03
1.086167697639183061e+01,1.334649126410632214e-03,1.232222987735706208e-03,7.964332572360510731e-04,9.157667050764585221e-04,3.005830229251714534e-03,2.560337775537403163e-03
1.093948539640235929e+01,1.321874904058341002e-03,1.224417832207133714e-03,7.966824230903778907e-04,9.005505392747522025e-04,2.965546766378882558e-03,2.542922371707000227e-03
1.101785120273892993e+01,1.309222663693740667e-03,1.216616772013800335e-03,7.968416334696908293e-04,8.855870103564824529e-04,2.925694130831230349e-03,2.525340094599239950e-03
1.109677838827937890e+01,1.296691246398334234e-03,1.208820872304712394e-03,7.969118568611747609e-04,8.708719290631235840e-04,2.886270705082236761e-03,2.507599274254523718e-03
1.117627097450484719e+01,1.284279504141138490e-03,1.201031175212712585e-03,7.968940805431339340e-04,8.564011754550918771e-04,2.847274782575730679e-03,2.489708131593301992e-03
1.125633301170461564e+01,1.271986299678987912e-03,1.193248700078438414e-03,7.967893096023298885e-04,8.421706977688625962e-04,2.808704571148089735e-03,2.471674775811060019e-03
1.133696857918252476e+01,1.259810506457681445e-03,1.185474443678100065e-03,7.965985659652186253e-04,8.281765112927955575e-04,2.770558196379958090e-03,2.453507201958079337e-03
1.141818178546480489e+01,1.247751008513988845e-03,1.177709380454818131e-03,7.963228874435546471e-04,8.144146972613967991e-04,2.732833704877944692e-03,2.435213288699745841e-03
1.149997676850940387e+01,1.235806700378503558e-03,1.169954462753263619e-03,7.959633267948149592e-04,8.008814017677068093e-04,2.695529067486707956e-03,2.416800796253067152e-03
1.158235769591687259e+01,1.223976486979328274e-03,1.162210621057337395e-03,7.955209507978445093e-04,7.875728346935091358e-04,2.658642182431860106e-03,2.398277364495004366e-03
1.166532876514263606e+01,1.212259283546608755e-03,1.154478764230660974e-03,7.949968393441011289e-04,7.744852686571043711e-04,2.622170878394289219e-03,2.379650511238228048e-03
1.174889420371091120e+01,1.200654015517882769e-03,1.146759779759626242e-03,7.943920845448409563e-04,7.616150379783195911e-04,2.586112917516329626e-03,2.360927630669800315e-03
1.183305826943009542e+01,1.189159618444253236e-03,1.139054533998778811e-03,7.937077898545510631e-04,7.489585376605068087e-04,2.550465998340436385e-03,2.342115991948323043e-03
1.191782525060970066e+01,1.177775037897381893e-03,1.131363872418321643e-03,7.929450692109144298e-04,7.365122223892419349e-04,2.515227758680948448e-03,2.323222737955050153e-03
1.200319946627888790e+01,1.166499229377282020e-03,1.123688619853504753e-03,7.921050461915483953e-04,7.242726055474476687e-04,2.480395778429557614e-03,2.304254884194434187e-03
1.208918526640646895e+01,1.155331158220930824e-03,1.116029580755718191e-03,7.911888531877428552e-04,7.122362582466947424e-04,2.445967582295216665e-03,2.285219317839630709e-03
1.217578703212258873e+01,1.144269799511662012e-03,1.108387539445060844e-03,7.901976305953859912e-04,7.003998083743864051e-04,2.411940642479079491e-03,2.266122796918409489e-03
1.226300917594193685e+01,1.133314137989361540e-03,1.100763260364210272e-03,7.891325260232445000e-04,6.887599396565967239e-04,2.378312381285273367e-03,2.246971949635009468e-03
1.235085614198856341e+01,1.122463167961443775e-03,1.093157488333393887e-03,7.879946935187339546e-04,6.773133907362928474e-04,2.345080173668197265e-03,2.227773273823444120e-03
1.243933240622236802e+01,1.111715893214601557e-03,1.085570948806282351e-03,7.867852928112960666e-04,6.660569542666867687e-04,2.312241349717095162e-03,2.208533136527795517e-03
1.252844247666707389e+01,1.101071326927347514e-03,1.078004348126641258e-03,7.855054885734706702e-04,6.549874760194975779e-04,2.279793197078747429e-03,2.189257773705122982e-03
1.261819089363998359e+01,1.090528491583300872e-03,1.070458373785551599e-03,7.841564496997256370e-04,6.441018540078398196e-04,2.247732963318965511e-03,2.169953290046513789e-03
1.270858222998328912e+01,1.080086418885252506e-03,1.062933694679055012e-03,7.827393486030936182e-04,6.333970376235373767e-04,2.216057858223791522e-03,2.150625658912011951e-03
1.279962109129706249e+01,1.069744149669978528e-03,1.055430961366058372e-03,7.812553605296342638e-04,6.228700267886049489e-04,2.184765056041180781e-03,2.131280722375069204e-03
1.289131211617396922e+01,1.059500733823798280e-03,1.047950806326342901e-03,7.797056628907190990e-04,6.125178711206719388e-04,2.153851697663981737e-03,2.111924191372268559e-03
1.298365997643553449e+01,1.049355230198893880e-03,1.040493844218553111e-03,7.780914346131350464e-04,6.023376691121348292e-04,2.123314892755137889e-03,2.092561645954162282e-03
1.307666937737023005e+01,1.039306706530350758e-03,1.033060672137994926e-03,7.764138555069527090e-04,5.923265673227904237e-04,2.093151721815857645e-03,2.073198535633014993e-03
1.317034505797321131e+01,1.029354239353938265e-03,1.025651869874135867e-03,7.746741056511160465e-04,5.824817595857477437e-04,2.063359238197699699e-03,2.053840179823410422e-03
1.326469179118775799e+01,1.019496913924618220e-03,1.018268000167667220e-03,7.728733647966800442e-04,5.728004862263985988e-04,2.033934470059407459e-03,2.034491768371697248e-03
1.335971438414851953e+01,1.009733824135767080e-03,1.010909608967002415e-03,7.710128117876047585e-04,5.632800332942244611e-04,2.004874422269358608e-03,2.015158362170284614e-03
1.345541767842636638e+01,1.000064072439128208e-03,1.003577225684106457e-03,7.690936239990082707e-04,5.539177318072517489e-04,1.976176078254563914e-03,1.995844893852962224e-03
1.355180655027512948e+01,9.904867697654593309e-04,9.962713634495260796e-04,7.671169767927563587e-04,5.447109570089222032e-04,1.947836401797027822e-03,1.976556168567357094e-03
1.364888591088004333e+01,9.810010354458910224e-04,9.889925193665241327e-04,7.650840429902601913e-04,5.356571276371936046e-04,1.919852338778404955e-03,1.957296864820834599e-03
1.374666070660796713e+01,9.716059971339847078e-04,9.817411747642139017e-04,7.629959923623371972e-04,5.267537052056680885e-04,1.892220818873840277e-03,1.938071535396152737e-03
1.384513591925945697e+01,9.623007907284771879e-04,9.745177954495861305e-04,7.608539911359795240e-04,5.179981932965440098e-04,1.864938757195853773e-03,1.918884608333281793e-03
1.394431656632252725e+01,9.530845602967253413e-04,9.673228319583492777e-04,7.586592015178611698e-04,5.093881368652145242e-04,1.838003055889216811e-03,1.899740387973882861e-03
1.404420770122834838e+01,9.439564579988197774e-04,9.601567198044775112e-04,7.564127812344051101e-04,5.009211215563014663e-04,1.811410605677638962e-03,1.880643056064990959e-03
1.414481441360871372e+01,9.349156440123827317e-04,9.530198797283895729e-04,7.541158830882250218e-04,4.925947730309540888e-04,1.785158287363213967e-03,1.861596672918564271e-03
1.424614182955535213e+01,9.259612864580369718e-04,9.459127179436776318e-04,7.517696545307384244e-04,4.844067563052230894e-04,1.759242973279484838e-03,1.842605178623620433e-03
1.434819511188117502e+01,9.170925613255318399e-04,9.388356263822988457e-04,7.493752372507474094e-04,4.763547750993218704e-04,1.733661528698995664e-03,1.823672394307745883e-03
1.445097946038323578e+01,9.083086524005468121e-04,9.317889829381773752e-04,7.469337667787761875e-04,4.684365711976170633e-04,1.708410813196278378e-03,1.804802023444919933e-03
1.455450011210773020e+01,8.996087511921331114e-04,9.247731517091190533e-04,7.444463721069350618e-04,4.606499238191467103e-04,1.683487681967054880e-03,1.785997653206555791e-03
1.465876234161682135e+01,8.909920568608144069e-04,9.177884832369967525e-04,7.419141753240876980e-04,4.529926489985129602e-04,1.658888987104604725e-03,1.767262755852860466e-03
1.476377146125738093e+01,8.824577761473304449e-04,9.108353147461297969e-04,7.393382912660869614e-04,4.454625989769731486e-04,1.634611578834126253e-03,1.748600690161633683e-03
1.486953282143165644e+01,8.740051233020191667e-04,9.039139703798081951e-04,7.367198271808337489e-04,4.380576616035620802e-04,1.610652306705968309e-03,1.730014702891725063e-03
1.497605181086993653e+01,8.656333200148296153e-04,8.970247614348934992e-04,7.340598824079161725e-04,4.307757597460784354e-04,1.587008020748562585e-03,1.711507930278434930e-03
1.508333385690503370e+01,8.573415953459733287e-04,8.901679865944649552e-04,7.313595480725800521e-04,4.236148507117859009e-04,1.563675572581955855e-03,1.693083399558282034e-03
1.519138442574886660e+01,8.491291856571901503e-04,8.833439321584385211e-04,7.286199067937707257e-04,4.165729256776534348e-04,1.540651816492721177e-03,1.674744030520552594e-03
1.530020902277096617e+01,8.409953345436357213e-04,8.765528722721286107e-04,7.258420324059920411e-04,4.096480091299889523e-04,1.517933610471121526e-03,1.656492637083201809e-03
1.540981319277897121e+01,8.329392927663838240e-04,8.697950691527067029e-04,7.230269896947184166e-04,4.028381583133115512e-04,1.495517817211339641e-03,1.638331928890734111e-03
1.552020252030119707e+01,8.249603181855325170e-04,8.630707733135101938e-04,7.201758341450966187e-04,3.961414626883049067e-04,1.473401305075583987e-03,1.620264512931744120e-03
1.563138262987109250e+01,8.170576756939239293e-04,8.563802237861784005e-04,7.172896117036724932e-04,3.895560433987160396e-04,1.451580949022908493e-03,1.602292895173943821e-03
1.574335918631388331e+01,8.092306371514503905e-04,8.497236483405652989e-04,7.143693585528691076e-04,3.830800527470354161e-04,1.430053631503500457e-03,1.584419482214479390e-03
1.585613789503518234e+01,8.014784813199608837e-04,8.431012637024080719e-04,7.114161008979493720e-04,3.767116736788286022e-04,1.408816243319264061e-03,1.566646582943518424e-03
1.596972450231167784e+01,7.938004937987567632e-04,8.365132757687206762e-04,7.084308547661949092e-04,3.704491192755719666e-04,1.387865684451468655e-03,1.548976410219109418e-03
1.608412479558398545e+01,7.861959669606631822e-04,8.299598798208784921e-04,7.054146258180192790e-04,3.642906322558487199e-04,1.367198864856220735e-03,1.531411082551377943e-03
1.619934460375142748e+01,7.786641998886919538e-04,8.234412607353864665e-04,7.023684091697578440e-04,3.582344844847831561e-04,1.346812705228559760e-03,1.513952625794268668e-03
1.631538979746908069e+01,7.712044983132684134e-04,8.169575931922877076e-04,6.992931892278477207e-04,3.522789764915580006e-04,1.326704137735879941e-03,1.496602974843014560e-03
1.643226628944690404e+01,7.638161745500291139e-04,8.105090418812083012e-04,6.961899395341320787e-04,3.464224369948961995e-04,1.306870106721453630e-03,1.479363975335665129e-03
1.654998003475096269e+01,7.564985474381881849e-04,8.040957617050150394e-04,6.930596226220190389e-04,3.406632224363737916e-04,1.287307569378782742e-03,1.462237385357050652e-03
1.666853703110692919e+01,7.492509422794553335e-04,7.977178979810677388e-04,6.899031898832170715e-04,3.349997165214282859e-04,1.268013496397476852e-03,1.445224877143597717e-03
1.678794331920557070e+01,7.420726907775200163e-04,7.913755866400653876e-04,6.867215814447871205e-04,3.294303297679514121e-04,1.248984872581419521e-03,1.428328038787553874e-03
1.690820498301060582e+01,7.349631309780748929e-04,7.850689544224533816e-04,6.835157260562309701e-04,3.239534990623230224e-04,1.230218697439858407e-03,1.411548375939137775e-03
1.702932815006866463e+01,7.279216072093917887e-04,7.787981190724021455e-04,6.802865409863585733e-04,3.185676872227787525e-04,1.211711985752157066e-03,1.394887313505300533e-03
1.715131899182150477e+01,7.209474700234352060e-04,7.725631895293373023e-04,6.770349319296633996e-04,3.132713825699830743e-04,1.193461768106862230e-03,1.378346197343774046e-03
1.727418372392050117e+01,7.140400761375106714e-04,7.663642661170172671e-04,6.737617929219437505e-04,3.080630985046911878e-04,1.175465091415761783e-03,1.361926295951182029e-03
1.739792860654325324e+01,7.071987883764531239e-04,7.602014407301624973e-04,6.704680062649125442e-04,3.029413730923888911e-04,1.157719019403603052e-03,1.345628802144041266e-03
1.752255994471261857e+01,7.004229756153323603e-04,7.540747970186151457e-04,6.671544424595285318e-04,2.979047686547848270e-04,1.140220633074085941e-03,1.329454834731516643e-03
1.764808408861795286e+01,6.937120127226869193e-04,7.479844105690466828e-04,6.638219601478020709e-04,2.929518713680519942e-04,1.122967031152793341e-03,1.313405440178890210e-03
1.777450743393863775e+01,6.870652805042764318e-04,7.419303490842001515e-04,6.604714060628143809e-04,2.880812908677043071e-04,1.105955330507675093e-03,1.297481594260726416e-03
1.790183642217002813e+01,6.804821656473421373e-04,7.359126725596732343e-04,6.571036149867026492e-04,2.832916598599951176e-04,1.089182666547682671e-03,1.281684203702778335e-03
1.803007754095155235e+01,6.739620606653874907e-04,7.299314334582495062e-04,6.537194097163669332e-04,2.785816337397422921e-04,1.072646193600196220e-03,1.266014107811768395e-03
1.815923732439733129e+01,6.675043638434534918e-04,7.239866768817700658e-04,6.503196010366443965e-04,2.739498902144591169e-04,1.056343085267784105e-03,1.250472080092145024e-03
1.828932235342909252e+01,6.611084791839004450e-04,7.180784407405609417e-04,6.469049877007199438e-04,2.693951289346976268e-04,1.040270534764910996e-03,1.235058829849062546e-03
1.842033925611147183e+01,6.547738163526846573e-04,7.122067559204186583e-04,6.434763564175289847e-04,2.649160711304996254e-04,1.024425755235153744e-03,1.219775003776812396e-03
1.855229470798977687e+01,6.484997906261249796e-04,7.063716464471584073e-04,6.400344818459179205e-04,2.605114592538520157e-04,1.008805980049473638e-03,1.204621187532005670e-03
1.868519543243002090e+01,6.422858228381643931e-04,7.005731296487429293e-04,6.365801265953357569e-04,2.561800566270550994e-04,9.934084630861203264e-04,1.189597907290868874e-03
1.881904820096156072e+01,6.361313393281074540e-04,6.948112163149887475e-04,6.331140412328242805e-04,2.519206470968969407e-04,9.782304789926659153e-04,1.174705631290007745e-03
1.895385983362210069e+01,6.300357718888416163e-04,6.890859108548681809e-04,6.296369642960839962e-04,2.477320346945452163e-04,9.632693234307259907e-04,1.159944771350097286e-03
1.908963719930517300e+01,6.239985577155333267e-04,6.833972114514189587e-04,6.261496223123986593e-04,2.436130433010601931e-04,9.485223133038730081e-04,1.145315684381955018e-03
1.922638721611017942e+01,6.180191393547919540e-04,6.777451102142645779e-04,6.226527298231973335e-04,2.395625163184349682e-04,9.339867869692392716e-04,1.130818673874507425e-03
1.936411685169478858e+01,6.120969646543090309e-04,6.721295933297764119e-04,6.191469894140487354e-04,2.355793163460771571e-04,9.196601044333291590e-04,1.116453991364218037e-03
1.950283312363000121e+01,6.062314867129525373e-04,6.665506412088691157e-04,6.156330917498703753e-04,2.316623248626352384e-04,9.055396475324942228e-04,1.102221837885534843e-03
1.964254309975771662e+01,6.004221638313238111e-04,6.610082286324602246e-04,6.121117156151550595e-04,2.278104419130859610e-04,8.916228200985653468e-04,1.088122365401998333e-03
1.978325389855081085e+01,5.946684594627699334e-04,6.555023248946034893e-04,6.085835279590098412e-04,2.240225858009970566e-04,8.779070481101053456e-04,1.074155678217666955e-03
1.992497268947592204e+01,5.889698421648442142e-04,6.500328939433091743e-04,6.050491839448144315e-04,2.202976927858748863e-04,8.643897798297228447e-04,1.060321834368537506e-03
2.006770669335863388e+01,5.833257855512195486e-04,6.445998945190758219e-04,6.015093270043032642e-04,2.166347167855219144e-04,8.510684859279184179e-04,1.046620846993706350e-03
2.021146318275145859e+01,5.777357682440399005e-04,6.392032802911423728e-04,5.979645888958841880e-04,2.130326290833117720e-04,8.379406595938670640e-04,1.033052685685996062e-03
2.035624948230437070e+01,5.721992738267131636e-04,6.338429999914805928e-04,5.944155897670089315e-04,2.094904180403075317e-04,8.250038166335826309e-04,1.019617277821852335e-03
2.050207296913800192e+01,5.667157907971400897e-04,6.285189975465504649e-04,5.908629382204148199e-04,2.060070888121413380e-04,8.122554955558732546e-04,1.006314509870311459e-03
2.064894107321958217e+01,5.612848125213716925e-04,6.232312122068294977e-04,5.873072313840596104e-04,2.025816630705752435e-04,7.996932576464907058e-04,9.931442286808781113e-04
2.079686127774139237e+01,5.559058371877019598e-04,6.179795786741450062e-04,5.837490549845828023e-04,1.992131787296720722e-04,7.873146870308872633e-04,9.801062427501933301e-04
2.094584111950214123e+01,5.505783677611764647e-04,6.127640272268185815e-04,5.801889834241158320e-04,1.959006896764911468e-04,7.751173907259386632e-04,9.672003234673509772e-04
2.109588818929093534e+01,5.453019119385265267e-04,6.075844838426489860e-04,5.766275798602840501e-04,1.926432655062427157e-04,7.630989986810404573e-04,9.544262063378100916e-04
2.124701013227407032e+01,5.400759821035178631e-04,6.024408703197535334e-04,5.730653962892377426e-04,1.894399912618222319e-04,7.512571638089283023e-04,9.417835921858168412e-04
2.139921464838451826e+01,5.349000952827151403e-04,5.973331043952868165e-04,5.695029736315540114e-04,1.862899671776562058e-04,7.395895620065980752e-04,9.292721483353095059e-04
2.155250949271435346e+01,5.297737731016496313e-04,5.922610998620561921e-04,5.659408418208572910e-04,1.831923084277833306e-04,7.280938921666577947e-04,9.168915097692707144e-04
2.170690247590976441e+01,5.246965417414021235e-04,5.872247666830629704e-04,5.623795198950152802e-04,1.801461448781088920e-04,7.167678761794855089e-04,9.046412802675504608e-04
2.186240146456908562e+01,5.196679318955801496e-04,5.822240111039815591e-04,5.588195160897557875e-04,1.771506208427551317e-04,7.056092589264975927e-04,8.925210335231516636e-04
2.201901438164361835e+01,5.146874787276972413e-04,5.772587357636022607e-04,5.552613279345708103e-04,1.742048948444454106e-04,6.946158082648711462e-04,8.805303142370294375e-04
2.217674920684127216e+01,5.097547218289478089e-04,5.723288398022631984e-04,5.517054423507686354e-04,1.713081393788550087e-04,6.837853150040406605e-04,8.686686391914643637e-04
2.233561397703325824e+01,5.048692051763688628e-04,5.674342189682838418e-04,5.481523357515368086e-04,1.684595406828594407e-04,6.731155928742660203e-04,8.569354983020539916e-04
2.249561678666342956e+01,5.000304770913989883e-04,5.625747657224393784e-04,5.446024741438959538e-04,1.656582985066233421e-04,6.626044784876004672e-04,8.453303556484510501e-04
2.265676578816080777e+01,4.952380901988132121e-04,5.577503693404774502e-04,5.410563132324058789e-04,1.629036258894582848e-04,6.522498312915231758e-04,8.338526504839018213e-04
2.281906919235493802e+01,4.904916013860435202e-04,5.529609160137179125e-04,5.375142985245095865e-04,1.601947489393924415e-04,6.420495335155470672e-04,8.225017982237304995e-04
2.298253526889422105e+01,4.857905717628767319e-04,5.482062889477479738e-04,5.339768654373958177e-04,1.575309066163903780e-04,6.320014901110742114e-04,8.112771914128881490e-04
2.314717234666735735e+01,4.811345666215243637e-04,5.434863684592374389e-04,5.304444394062589156e-04,1.549113505191593331e-04,6.221036286847654237e-04,8.001782006726963640e-04
2.331298881422758740e+01,4.765231553970691457e-04,5.388010320709041940e-04,5.269174359938542029e-04,1.523353446754896988e-04,6.123538994257105017e-04,7.892041756269604046e-04
2.347999312022019325e+01,4.719559116282736602e-04,5.341501546046413182e-04,5.233962610012293922e-04,1.498021653360626169e-04,6.027502750266300379e-04,7.783544458075837558e-04
2.364819377381294174e+01,4.674324129187566344e-04,5.295336082728378064e-04,5.198813105795346704e-04,1.473111007716745738e-04,5.932907505993820262e-04,7.676283215398819765e-04
2.381759934512962928e+01,4.629522408985300552e-04,5.249512627679127439e-04,5.163729713428062869e-04,1.448614510738193903e-04,5.839733435850113542e-04,7.570250948077635652e-04
2.398821846568682759e+01,4.585149811858921730e-04,5.204029853500840739e-04,5.128716204816243353e-04,1.424525279585710919e-04,5.747960936585722481e-04,7.465440400989683352e-04
2.416005982883354264e+01,4.541202233496805700e-04,5.158886409334035097e-04,5.093776258775556051e-04,1.400836545737180032e-04,5.657570626289774819e-04,7.361844152305816597e-04
2.433313219019425233e+01,4.497675608718711420e-04,5.114080921700676734e-04,5.058913462182786135e-04,1.377541653090881373e-04,5.568543343340729779e-04,7.259454621549997922e-04
2.450744436811498872e+01,4.454565911105287418e-04,5.069611995330402642e-04,5.024131311133124295e-04,1.354634056100176330e-04,5.480860145311754542e-04,7.158264077465886907e-04
2.468300524411262131e+01,4.411869152631033041e-04,5.025478213970032554e-04,4.989433212102564828e-04,1.332107317939088432e-04,5.394502307832810695e-04,7.058264645692436442e-04
2.485982376332750476e+01,4.369581383300647826e-04,4.981678141176564163e-04,4.954822483114591737e-04,1.309955108698255980e-04,5.309451323411441262e-04,6.959448316250716393e-04
2.503790893497908243e+01,4.327698690788836229e-04,4.938210321093999648e-04,4.920302354910410184e-04,1.288171203610800268e-04,5.225688900214470059e-04,6.861806950844519032e-04
2.521726983282502488e+01,4.286217200083414832e-04,4.895073279214093472e-04,4.885875972121856998e-04,1.266749481307555616e-04,5.143196960812315612e-04,6.765332289976823572e-04
2.539791559562353029e+01,4.245133073131778412e-04,4.852265523121344556e-04,4.851546394446310992e-04,1.245683922101218060e-04,5.061957640887986085e-04,6.670015959884741412e-04
2.557985542759894670e+01,4.204442508490663605e-04,4.809785543222415524e-04,4.817316597822878313e-04,1.224968606298921820e-04,4.981953287912550691e-04,6.575849479295364178e-04
2.576309859891082255e+01,4.164141740979166806e-04,4.767631813460215351e-04,4.783189475609118794e-04,1.204597712542763250e-04,4.903166459788812527e-04,6.482824266004932369e-04
2.594765444612610494e+01,4.124227041335044495e-04,4.725802792012909984e-04,4.749167839757740335e-04,1.184565516177845502e-04,4.825579923465080209e-04,6.390931643284054582e-04
2.613353237269494755e+01,4.084694715874185385e-04,4.684296921978008382e-04,4.715254421992508315e-04,1.164866387647338922e-04,4.749176653520498161e-04,6.300162846111295387e-04
2.632074184942980821e+01,4.045541106153279355e-04,4.643112632041807475e-04,4.681451874982840949e-04,1.145494790914149949e-04,4.673939830723727222e-04,6.210509027237898693e-04
2.650929241498797850e+01,4.006762588635654409e-04,4.602248337134406410e-04,4.647762773516485616e-04,1.126445281908746788e-04,4.599852840566520011e-04,6.121961263086219459e-04
2.669919367635770158e+01,3.968355574360200909e-04,4.561702439070472741e-04,4.614189615669661397e-04,1.107712507002691520e-04,4.526899271773638452e-04,6.034510559484393150e-04
2.689045530934751227e+01,3.930316508613455168e-04,4.521473327176066324e-04,4.580734823974224397e-04,1.089291201507500400e-04,4.455062914790783681e-04,5.948147857240122620e-04
2.708308705907931824e+01,3.892641870604698212e-04,4.481559378901630425e-04,4.547400746581238941e-04,1.071176188198357307e-04,4.384327760251762406e-04,5.862864037555966549e-04
2.727709874048494498e+01,3.855328173144113618e-04,4.441958960421437340e-04,4.514189658420501437e-04,1.053362375862303482e-04,4.314677997426408663e-04,5.778649927288964649e-04
2.747250023880616254e+01,3.818371962323973529e-04,4.402670427219694538e-04,4.481103762355571852e-04,1.035844757870498439e-04,4.246098012650609743e-04,5.695496304057258083e-04
2.766930151009847805e+01,3.781769817202775864e-04,4.363692124663478829e-04,4.448145190333778281e-04,1.018618410774130040e-04,4.178572387739650580e-04,5.613393901196285507e-04
2.786751258173825363e+01,3.745518349492395617e-04,4.325022388562801598e-04,4.415316004530885617e-04,1.001678492923623943e-04,4.112085898386300706e-04,5.532333412567431129e-04
2.806714355293372520e+01,3.709614203248115787e-04,4.286659545717900512e-04,4.382618198489875920e-04,9.850202431107194065e-05,4.046623512544668877e-04,5.452305497221532782e-04
2.826820459523954554e+01,3.674054054561590003e-04,4.248601914454048253e-04,4.350053698253550458e-04,9.686389792330684571e-05,3.982170388801164920e-04,5.373300783920158946e-04
2.847070595307501861e+01,3.638834611256687489e-04,4.210847805144059372e-04,4.317624363490550642e-04,9.525300969809728292e-05,3.918711874733639975e-04,5.295309875517194981e-04
2.867465794424618508e+01,3.603952612588161297e-04,4.173395520718661648e-04,4.285331988614402661e-04,9.366890685458830162e-05,3.856233505259783916e-04,5.218323353203391636e-04
2.888007096047135747e+01,3.569404828943197267e-04,4.136243357165035020e-04,4.253178303895344581e-04,9.211114413503321329e-05,3.794721000975976384e-04,5.142331780616661140e-04
2.908695546791071251e+01,3.535188061545713602e-04,4.099389604013587460e-04,4.221164976564497902e-04,9.057928367989061453e-05,3.734160266487434915e-04,5.067325707820551648e-04
2.929532200769954287e+01,3.501299142163455521e-04,4.062832544813252942e-04,4.189293611910171046e-04,8.907289490499327987e-05,3.674537388730797515e-04,4.993295675153670192e-04
2.950518119648529236e+01,3.467734932817854087e-04,4.026570457595500703e-04,4.157565754365978214e-04,8.759155438075421610e-05,3.615838635290065579e-04,4.920232216952637790e-04
2.971654372696863788e+01,3.434492325496565717e-04,3.990601615327183174e-04,4.125982888590478152e-04,8.613484571337416749e-05,3.558050452706757708e-04,4.848125865151069278e-04
2.992942036844811327e+01,3.401568241868780209e-04,3.954924286352533226e-04,4.094546440538145257e-04,8.470235942802154222e-05,3.501159464785337494e-04,4.776967152757337722e-04
3.014382196736893604e+01,3.368959633003142237e-04,3.919536734824373599e-04,4.063257778521364044e-04,8.329369285394730080e-05,3.445152470894581511e-04,4.706746617213463648e-04
3.035975944787563208e+01,3.336663479088352994e-04,3.884437221124806315e-04,4.032118214263249621e-04,8.190845001150615665e-05,3.390016444265849731e-04,4.637454803637795146e-04
3.057724381236861078e+01,3.304676789156399939e-04,3.849624002275544177e-04,4.001129003941111513e-04,8.054624150105138634e-05,3.335738530289017868e-04,4.569082267953950829e-04
3.079628614206487214e+01,3.272996600808361525e-04,3.815095332338050210e-04,3.970291349220299521e-04,7.920668439367164516e-05,3.282306044806810523e-04,4.501619579908458057e-04
3.101689759756244058e+01,3.241619979942841662e-04,3.780849462803726846e-04,3.939606398278339464e-04,7.788940212374146320e-05,3.229706472408381342e-04,4.435057325979678750e-04
3.123908941940912598e+01,3.210544020486907598e-04,3.746884642974239411e-04,3.909075246819091018e-04,7.659402438325242147e-05,3.177927464722712122e-04,4.369386112180286604e-04
3.146287292867523178e+01,3.179765844129588148e-04,3.713199120332236832e-04,3.878698939076840354e-04,7.532018701789760498e-05,3.126956838712616356e-04,4.304596566755819194e-04
3.168825952753038422e+01,3.149282600057870464e-04,3.679791140902593702e-04,3.848478468810152494e-04,7.406753192487988300e-05,3.076782574969984187e-04,4.240679342781641958e-04
3.191526069982444724e+01,3.119091464695189931e-04,3.646658949604379175e-04,3.818414780285361398e-04,7.283570695241521750e-05,3.027392816012898155e-04,4.177625120660702265e-04
3.214388801167278586e+01,3.089189641442360596e-04,3.613800790593669219e-04,3.788508769249541671e-04,7.162436580090240381e-05,2.978775864585199245e-04,4.115424610524314603e-04
3.237415311204539137e+01,3.059574360420983007e-04,3.581214907597466790e-04,3.758761283892927182e-04,7.043316792573373780e-05,2.930920181959178138e-04,4.054068554538437495e-04
3.260606773336051845e+01,3.030242878219238916e-04,3.548899544238789017e-04,3.729173125800582531e-04,6.926177844171667189e-05,2.883814386241842715e-04,3.993547729117499952e-04
3.283964369208248968e+01,3.001192477640080990e-04,3.516852944353140932e-04,3.699745050893288333e-04,6.810986802908148272e-05,2.837447250685360268e-04,3.933852947048155661e-04
3.307489288932367799e+01,2.972420467451821315e-04,3.485073352296557910e-04,3.670477770357573636e-04,6.697711284104868555e-05,2.791807702002200827e-04,3.874975059525132231e-04
3.331182731145106857e+01,2.943924182141029796e-04,3.453559013245298122e-04,3.641371951564755069e-04,6.586319441292900914e-05,2.746884818685409288e-04,3.816904958101272343e-04
3.355045903069675006e+01,2.915700981667809126e-04,3.422308173487456054e-04,3.612428218979021758e-04,6.476779957273320345e-05,2.702667829334599978e-04,3.759633576554076689e-04
3.379080020577316645e+01,2.887748251223346040e-04,3.391319080706541012e-04,3.583647155054414755e-04,6.369062035326326053e-05,2.659146110987968526e-04,3.703151892670645531e-04
3.403286308249260372e+01,2.860063400989751856e-04,3.360589984257232555e-04,3.555029301120703157e-04,6.263135390566318839e-05,2.616309187460884853e-04,3.647450929953236594e-04
3.427665999439106770e+01,2.832643865902182020e-04,3.330119135433472796e-04,3.526575158258129800e-04,6.158970241440425209e-05,2.574146727691423967e-04,3.592521759247463507e-04
3.452220336335688700e+01,2.805487105413172829e-04,3.299904787728985003e-04,3.498285188160947393e-04,6.056537301367979963e-05,2.532648544093189097e-04,3.538355500295046249e-04
3.476950570026335896e+01,2.778590603259249573e-04,3.269945197090464621e-04,3.470159813989804167e-04,5.955807770518955390e-05,2.491804590915938926e-04,3.484943323213283073e-04
3.501857960560640493e+01,2.751951867229687895e-04,3.240238622163468200e-04,3.442199421212870092e-04,5.856753327728594043e-05,2.451604962614192915e-04,3.432276449902956416e-04
3.526943777014651005e+01,2.725568428937485835e-04,3.210783324531243607e-04,3.414404358435762740e-04,5.759346122546355184e-05,2.412039892224299370e-04,3.380346155386767474e-04
3.552209297555531720e+01,2.699437843592491278e-04,3.181577568946579622e-04,3.386774938220253280e-04,5.663558767416771366e-05,2.373099749750233239e-04,3.329143769080088362e-04
3.577655809506702411e+01,2.673557689776659310e-04,3.152619623556832096e-04,3.359311437891727677e-04,5.569364329990014224e-05,2.334775040558404976e-04,3.278660675995870690e-04
3.603284609413406514e+01,2.647925569221470390e-04,3.123907760122303411e-04,3.332014100335492523e-04,5.476736325560212476e-05,2.297056403781867545e-04,3.228888317885624144e-04
3.629097003108790886e+01,2.622539106587400376e-04,3.095440254228014809e-04,3.304883134781833368e-04,5.385648709629114545e-05,2.259934610734069826e-04,3.179818194318084898e-04
3.655094305780430375e+01,2.597395949245515589e-04,3.067215385489107412e-04,3.277918717579945875e-04,5.296075870593268913e-05,2.223400563332528842e-04,3.131441863697467386e-04
3.681277842037341941e+01,2.572493767061108882e-04,3.039231437749934268e-04,3.251120992960713249e-04,5.207992622552539569e-05,2.187445292532602410e-04,3.083750944222924686e-04
3.707648945977485511e+01,2.547830252179380519e-04,3.011486699276987077e-04,3.224490073788366796e-04,5.121374198237961626e-05,2.152059956771612949e-04,3.036737114790913719e-04
3.734208961255719572e+01,2.523403118813167113e-04,2.983979462945816441e-04,3.198026042301105516e-04,5.036196242057067532e-05,2.117235840423583183e-04,2.990392115842190794e-04
3.760959241152276178e+01,2.499210103032652478e-04,2.956708026422018819e-04,3.171728950840667122e-04,4.952434803254558839e-05,2.082964352264715473e-04,2.944707750154919594e-04
3.787901148641709881e+01,2.475248962557078844e-04,2.929670692336445222e-04,3.145598822570924236e-04,4.870066329186544088e-05,2.049237023949871468e-04,2.899675883585594877e-04
3.815036056462338365e+01,2.451517476548429144e-04,2.902865768454748752e-04,3.119635652185564286e-04,4.789067658706433922e-05,2.016045508500215785e-04,2.855288445759282447e-04
3.842365347186203905e+01,2.428013445407045960e-04,2.876291567841364211e-04,3.093839406604869378e-04,4.709416015660560862e-05,1.983381578802166016e-04,2.811537430710676455e-04
3.869890413289493836e+01,2.404734690569211250e-04,2.849946409018093278e-04,3.068210025661724624e-04,4.631089002491886570e-05,1.951237126117888682e-04,2.768414897477559141e-04
3.897612657223503163e+01,2.381679054306620443e-04,2.823828616117341839e-04,3.042747422776837570e-04,4.554064593949798309e-05,1.919604158607387200e-04,2.725912970647999842e-04
3.925533491486091009e+01,2.358844399527756876e-04,2.797936519030162382e-04,3.017451485623290157e-04,4.478321130904354039e-05,1.888474799862391394e-04,2.684023840862806258e-04
3.953654338693642956e+01,2.336228609581155987e-04,2.772268453549213635e-04,2.992322076780475808e-04,4.403837314263245518e-05,1.857841287452162383e-04,2.642739765274610894e-04
3.981976631653575538e+01,2.313829588060510221e-04,2.746822761506709579e-04,2.967359034377470956e-04,4.330592198989680281e-05,1.827695971481290110e-04,2.602053067964911590e-04
4.010501813437313245e+01,2.291645258611655831e-04,2.721597790907535615e-04,2.942562172725980891e-04,4.258565188219691749e-05,1.798031313159680815e-04,2.561956140320523320e-04
4.039231337453831827e+01,2.269673564741352687e-04,2.696591896057555764e-04,2.917931282942851242e-04,4.187736027477017360e-05,1.768839883384727425e-04,2.522441441370606237e-04
4.068166667523710345e+01,2.247912469627889333e-04,2.671803437687267010e-04,2.893466133562295258e-04,4.118084798984062090e-05,1.740114361335826565e-04,2.483501498085646342e-04
4.097309277953709028e+01,2.226359955933487282e-04,2.647230783070894568e-04,2.869166471137885141e-04,4.049591916067334601e-05,1.711847533081301280e-04,2.445128905639626956e-04
4.126660653611905616e+01,2.205014025618461440e-04,2.622872306140997477e-04,2.845032020834389278e-04,3.982238117655712787e-05,1.684032290197781515e-04,2.407316327636567347e-04
4.156222290003326236e+01,2.183872699757175441e-04,2.598726387598751476e-04,2.821062487009588196e-04,3.916004462870165158e-05,1.656661628402169466e-04,2.370056496302710839e-04
4.185995693346161062e+01,2.162934018355711628e-04,2.574791415019923261e-04,2.797257553786092546e-04,3.850872325703200117e-05,1.629728646196162436e-04,2.333342212645437685e-04
4.215982380648506478e+01,2.142196040171277403e-04,2.551065782956679780e-04,2.773616885613289966e-04,3.786823389786715660e-05,1.603226543523450824e-04,2.297166346580099914e-04
4.246183879785650817e+01,2.121656842533333821e-04,2.527547893035334481e-04,2.750140127819533588e-04,3.723839643246728236e-05,1.577148620439606434e-04,2.261521837025887301e-04
4.276601729577944155e+01,2.101314521166394939e-04,2.504236154050069538e-04,2.726826907154600364e-04,3.661903373643487938e-05,1.551488275794682512e-04,2.226401691971773966e-04
4.307237479869175445e+01,2.081167190014543737e-04,2.481128982052804291e-04,2.703676832322609506e-04,3.600997162995715599e-05,1.526239005928608442e-04,2.191798988513686986e-04
4.338092691605557150e+01,2.061212981067581107e-04,2.458224800439214757e-04,2.680689494505403194e-04,3.541103882887372729e-05,1.501394403379333867e-04,2.157706872863836235e-04
4.369168936915255586e+01,2.041450044188833140e-04,2.435522040031048432e-04,2.657864467876548936e-04,3.482206689655728337e-05,1.476948155603778027e-04,2.124118560333281220e-04
4.400467799188486140e+01,2.021876546944600971e-04,2.413019139154800772e-04,2.635201310106044894e-04,3.424289019659353123e-05,1.452894043711601435e-04,2.091027335288710176e-04
4.431990873158211741e+01,2.002490674435206033e-04,2.390714543716820049e-04,2.612699562855811124e-04,3.367334584624629562e-05,1.429225941211760824e-04,2.058426551084352712e-04
4.463739764981367131e+01,1.983290629127671637e-04,2.368606707274979349e-04,2.590358752266121211e-04,3.311327367069652347e-05,1.405937812771920574e-04,2.026309629970050310e-04
4.495716092320715518e+01,1.964274630689958766e-04,2.346694091106916525e-04,2.568178389433001425e-04,3.256251615804022973e-05,1.383023712990631422e-04,1.994670062976289693e-04
4.527921484427265852e+01,1.945440915826796447e-04,2.324975164274987397e-04,2.546157970876760561e-04,3.202091841503442756e-05,1.360477785182324993e-04,1.963501409777174578e-04
4.560357582223279849e+01,1.926787738117063898e-04,2.303448403687982876e-04,2.524296979001731771e-04,3.148832812357786300e-05,1.338294260175086191e-04,1.932797298532164146e-04
4.593026038385902865e+01,1.908313367852704917e-04,2.282112294159672626e-04,2.502594882547314221e-04,3.096459549791424844e-05,1.316467455121172287e-04,1.902551425707411426e-04
4.625928517431339060e+01,1.890016091879197560e-04,2.260965328464301040e-04,2.481051137030466361e-04,3.044957324254705787e-05,1.294991772320295772e-04,1.872757555877591475e-04
4.659066695799680247e+01,1.871894213437514873e-04,2.240006007389045816e-04,2.459665185179700118e-04,2.994311651085253151e-05,1.273861698055586147e-04,1.843409521508925951e-04
4.692442261940322368e+01,1.853946052007594012e-04,2.219232839783551365e-04,2.438436457360711846e-04,2.944508286438039999e-05,1.253071801442229825e-04,1.814501222724249790e-04
4.726056916397988772e+01,1.836169943153295606e-04,2.198644342606604523e-04,2.417364371993758955e-04,2.895533223283073732e-05,1.232616733288758616e-04,1.786026627050868877e-04
4.759912371899379480e+01,1.818564238368830586e-04,2.178239040970006792e-04,2.396448335962869528e-04,2.847372687469537899e-05,1.212491224970918335e-04,1.757979769151924560e-04
4.794010353440447858e+01,1.801127304926643095e-04,2.158015468179719817e-04,2.375687745016995223e-04,2.800013133855304282e-05,1.192690087318086783e-04,1.730354750541996853e-04
4.828352598374271309e+01,1.783857525726752192e-04,2.137972165774368652e-04,2.355081984163243005e-04,2.753441242500776119e-05,1.173208209512213317e-04,1.703145739287671376e-04
4.862940856499586317e+01,1.766753299147509799e-04,2.118107683561129670e-04,2.334630428052234202e-04,2.707643914925909477e-05,1.154040557999186763e-04,1.676346969693694264e-04
4.897776890149942375e+01,1.749813038897782204e-04,2.098420579649107180e-04,2.314332441355747847e-04,2.662608270429425825e-05,1.135182175412610667e-04,1.649952741975418979e-04
4.932862474283488297e+01,1.733035173870540752e-04,2.078909420480234277e-04,2.294187379136730686e-04,2.618321642469180374e-05,1.116628179509920833e-04,1.623957421918180064e-04
4.968199396573431414e+01,1.716418147997829748e-04,2.059572780857768656e-04,2.274194587211769280e-04,2.574771575102613864e-05,1.098373762120767084e-04,1.598355440524187475e-04
5.003789457499092919e+01,1.699960420107135962e-04,2.040409243972464708e-04,2.254353402506170006e-04,2.531945819486405849e-05,1.080414188107637567e-04,1.573141293647609335e-04
5.039634470437664504e+01,1.683660463779102000e-04,2.021417401426441420e-04,2.234663153401696850e-04,2.489832330434212080e-05,1.062744794338611477e-04,1.548309541618359203e-04
5.075736261756597401e+01,1.667516767206603061e-04,2.002595853254838230e-04,2.215123160077110904e-04,2.448419263031614222e-05,1.045360988672206068e-04,1.523854808855212080e-04
5.112096670906655049e+01,1.651527833055163228e-04,1.983943207945301117e-04,2.195732734841603193e-04,2.407694969307306801e-05,1.028258248954237969e-04,1.499771783468782313e-04
5.148717550515658559e+01,1.635692178324686620e-04,1.965458082455349086e-04,2.176491182461209189e-04,2.367647994959549997e-05,1.011432122026613303e-04,1.476055216854890587e-04
5.185600766482847490e+01,1.620008334212529435e-04,1.947139102227710204e-04,2.157397800478349213e-04,2.328267076137072091e-05,9.948782227480117786e-05,1.452699923278892742e-04
5.222748198073973214e+01,1.604474845977846742e-04,1.928984901203628828e-04,2.138451879524545947e-04,2.289541136273388176e-05,9.785922330263351781e-05,1.429700779451403543e-04
5.260161738017044541e+01,1.589090272807246553e-04,1.910994121834240511e-04,2.119652703626457039e-04,2.251459282973743674e-05,9.625699008628838080e-05,1.407052724095966725e-04
5.297843292598761167e+01,1.573853187681716471e-04,1.893165415090047388e-04,2.100999550505310866e-04,2.214010804953772264e-05,9.468070394081634492e-05,1.384750757509122074e-04
5.335794781761664041e+01,1.558762177244808018e-04,1.875497440468536323e-04,2.082491691869835465e-04,2.177185169028995776e-05,9.312995260292364884e-05,1.362789941113320838e-04
5.374018139201926658e+01,1.543815841672096254e-04,1.857988866000026551e-04,2.064128393702817507e-04,2.140972017154388471e-05,9.160433013885632876e-05,1.341165397003185491e-04
5.412515312467903783e+01,1.529012794541860748e-04,1.840638368251745467e-04,2.045908916541343346e-04,2.105361163513073982e-05,9.010343685342047737e-05,1.319872307485476788e-04
5.451288263059352346e+01,1.514351662707006882e-04,1.823444632330218750e-04,2.027832515750854162e-04,2.070342591653427137e-05,8.862687920013403032e-05,1.298905914613250850e-04
5.490338966527375675e+01,1.499831086168204705e-04,1.806406351882003825e-04,2.009898441793094871e-04,2.035906451673727532e-05,8.717426969249922471e-05,1.278261519714572205e-04
5.529669412575094611e+01,1.485449717948228280e-04,1.789522229092811929e-04,1.992105940488064417e-04,2.002043057453585246e-05,8.574522681638711028e-05,1.257934482916193140e-04
5.569281605159001458e+01,1.471206223967507702e-04,1.772790974685082481e-04,1.974454253270063666e-04,1.968742883931395686e-05,8.433937494352697090e-05,1.237920222662593759e-04
5.609177562591080601e+01,1.457099282920848806e-04,1.756211307914028186e-04,1.956942617437930083e-04,1.935996564426998882e-05,8.295634424608898795e-05,1.218214215230716945e-04
5.649359317641643941e+01,1.443127586155334117e-04,1.739781956562207513e-04,1.939570266399552698e-04,1.903794888008838169e-05,8.159577061235270487e-05,1.198811994240782977e-04
5.689828917642896755e+01,1.429289837549387954e-04,1.723501656932670647e-04,1.922336429910773343e-04,1.872128796904875574e-05,8.025729556345230790e-05,1.179709150163520728e-04
5.730588424593275221e+01,1.415584753392980764e-04,1.707369153840697861e-04,1.905240334308744906e-04,1.840989383956494123e-05,7.894056617118752844e-05,1.160901329824133788e-04
5.771639915262476705e+01,1.402011062268997349e-04,1.691383200604216802e-04,1.888281202739874268e-04,1.810367890114762641e-05,7.764523497689431234e-05,1.142384235903363092e-04
5.812985481297295109e+01,1.388567504935712873e-04,1.675542559032881589e-04,1.871458255382403861e-04,1.780255701978251579e-05,7.637095991136193403e-05,1.124153626435904637e-04
5.854627229328190907e+01,1.375252834210396167e-04,1.659845999415890719e-04,1.854770709663735922e-04,1.750644349371790692e-05,7.511740421578979286e-05,1.106205314306520153e-04
5.896567281076618627e+01,1.362065814854027329e-04,1.644292300508572776e-04,1.838217780472607883e-04,1.721525502965456036e-05,7.388423636377345596e-05,1.088535166744120992e-04
5.938807773463160089e+01,1.349005223457097895e-04,1.628880249517763253e-04,1.821798680366162242e-04,1.692890971933103236e-05,7.267112998430978353e-05,1.071139104814086126e-04
5.981350858716365337e+01,1.336069848326520146e-04,1.613608642086043776e-04,1.805512619772064618e-04,1.664732701649853099e-05,7.147776378581392634e-05,1.054013102909130565e-04
6.024198704482438416e+01,1.323258489373597589e-04,1.598476282274829637e-04,1.789358807185681367e-04,1.637042771427794661e-05,7.030382148113513104e-05,1.037153188238924362e-04
6.067353493935674180e+01,1.310569958003066614e-04,1.583481982546383420e-04,1.773336449362463937e-04,1.609813392289341911e-05,6.914899171356448195e-05,1.020555440318758345e-04
6.110817425889693766e+01,1.298003077003199329e-04,1.568624563744769091e-04,1.757444751505589028e-04,1.583036904777583489e-05,6.801296798382369679e-05,1.004215990457479765e-04
6.154592714909495754e+01,1.285556680436945594e-04,1.553902855075773117e-04,1.741682917448949966e-04,1.556705776803014475e-05,6.689544857802509647e-05,9.881310212449250115e-05
6.198681591424261939e+01,1.273229613534125918e-04,1.539315694085854143e-04,1.726050149835590356e-04,1.530812601526075660e-05,6.579613649659464460e-05,9.722967660390990322e-05
6.243086301841022134e+01,1.261020732584636737e-04,1.524861926640116603e-04,1.710545650291643181e-04,1.505350095274854844e-05,6.471473938414594072e-05,9.567095084532814357e-05
6.287809108659108404e+01,1.248928904832683775e-04,1.510540406899364674e-04,1.695168619595871019e-04,1.480311095497407044e-05,6.365096946029737449e-05,9.413655818432934590e-05
6.332852290585425692e+01,1.236953008372019928e-04,1.496349997296258225e-04,1.679918257844880834e-04,1.455688558748105779e-05,6.260454345142203269e-05,9.262613687951152695e-05
6.378218142650582223e+01,1.225091932042176278e-04,1.482289568510594365e-04,1.664793764614088431e-04,1.431475558707441828e-05,6.157518252332012661e-05,9.113933006130368300e-05
6.423908976325787989e+01,1.213344575325697879e-04,1.468357999443766621e-04,1.649794339114528776e-04,1.407665284234766984e-05,6.056261221480609309e-05,8.967578568085546949e-05
6.469927119640652791e+01,1.201709848246341924e-04,1.454554177192400122e-04,1.634919180345564252e-04,1.384251037453363475e-05,5.956656237219814490e-05,8.823515645901521594e-05
6.516274917301795711e+01,1.190186671268256968e-04,1.440876997021209142e-04,1.620167487243580817e-04,1.361226231867359616e-05,5.858676708470259942e-05,8.681709983541614436e-05
6.562954730812310800e+01,1.178773975196120455e-04,1.427325362335100847e-04,1.605538458826745256e-04,1.338584390509935711e-05,5.762296462068242856e-05,8.542127791768588843e-05
6.609968938592108145e+01,1.167470701076223972e-04,1.413898184650547749e-04,1.591031294335893190e-04,1.316319144122299095e-05,5.667489736480031258e-05,8.404735743079458734e-05
6.657319936099067093e+01,1.156275800098513685e-04,1.400594383566266274e-04,1.576645193371635652e-04,1.294424229362947389e-05,5.574231175602790359e-05,8.269500966655822386e-05
6.705010135951110328e+01,1.145188233499553026e-04,1.387412886733209840e-04,1.562379356027728699e-04,1.272893487046669554e-05,5.482495822650963020e-05,8.136391043330876681e-05
6.753041968049126353e+01,1.134206972466416573e-04,1.374352629823912767e-04,1.548232983020803618e-04,1.251720860412829210e-05,5.392259114127323689e-05,8.005374000574686617e-05
6.801417879700777291e+01,1.123330998041497910e-04,1.361412556501207253e-04,1.534205275816511414e-04,1.230900393422424042e-05,5.303496873877674479e-05,7.876418307498940638e-05
6.850140335745184927e+01,1.112559301028231203e-04,1.348591618386339968e-04,1.520295436752163961e-04,1.210426229083458293e-05,5.216185307228287543e-05,7.749492869882463014e-05
6.899211818678548980e+01,1.101890881897699652e-04,1.335888775026493965e-04,1.506502669155915198e-04,1.190292607804127247e-05,5.130300995205042092e-05,7.624567025218551215e-05
6.948634828780592443e+01,1.091324750696153042e-04,1.323302993861775806e-04,1.492826177462589974e-04,1.170493865773409327e-05,5.045820888833533698e-05,7.501610537785577545e-05
6.998411884241981795e+01,1.080859926953391174e-04,1.310833250191644329e-04,1.479265167326183298e-04,1.151024433368540309e-05,4.962722303518959184e-05,7.380593593741534037e-05
7.048545521292626859e+01,1.070495439592030368e-04,1.298478527140836886e-04,1.465818845729124074e-04,1.131878833588976966e-05,4.880982913505046636e-05,7.261486796243860932e-05
7.099038294330900101e+01,1.060230326837633948e-04,1.286237815624801176e-04,1.452486421088356686e-04,1.113051680516385626e-05,4.800580746411022898e-05,7.144261160595408503e-05
7.149892776053815169e+01,1.050063636129693279e-04,1.274110114314644078e-04,1.439267103358296302e-04,1.094537677800217740e-05,4.721494177845663776e-05,7.028888109417402285e-05
7.201111557588068024e+01,1.039994424033474814e-04,1.262094429601646529e-04,1.426160104130750022e-04,1.076331617168483655e-05,4.643701926097682913e-05,6.915339467850550132e-05
7.252697248622088466e+01,1.030021756152690182e-04,1.250189775561327636e-04,1.413164636731821251e-04,1.058428376963255015e-05,4.567183046901303990e-05,6.803587458784768143e-05
7.304652477539001154e+01,1.020144707043010873e-04,1.238395173917103040e-04,1.400279916315894026e-04,1.040822920700520195e-05,4.491916928276310162e-05,6.693604698118597461e-05
7.356979891550537332e+01,1.010362360126405693e-04,1.226709654003548347e-04,1.387505159956741515e-04,1.023510295653982488e-05,4.417883285441599690e-05,6.585364190048952993e-05
7.409682156831946997e+01,1.000673807606289887e-04,1.215132252729275231e-04,1.374839586735809611e-04,1.006485631462382082e-05,4.345062155801307225e-05,6.478839322391857260e-05
7.462761958657799255e+01,9.910781503834978367e-05,1.203662014539468055e-04,1.362282417827762114e-04,9.897441387599957446e-06,4.273433894002771780e-05,6.374003861935034895e-05
7.516222001538832842e+01,9.815744979730439896e-05,1.192297991378057269e-04,1.349832876583305916e-04,9.732811078298747638e-06,4.202979167065247539e-05,6.270831949822705228e-05
7.570065009359747421e+01,9.721619684216852692e-05,1.181039242649581112e-04,1.337490188609382388e-04,9.570919072794830166e-06,4.133678949578658873e-05,6.169298096973391537e-05
7.624293725517981102e+01,9.628396882262710320e-05,1.169884835180733432e-04,1.325253581846765896e-04,9.411719827383497616e-06,4.065514518971470533e-05,6.069377179531212501e-05
7.678910913063528199e+01,9.536067922528640244e-05,1.158833843181614572e-04,1.313122286645117970e-04,9.255168555773583640e-06,3.998467450846760927e-05,5.971044434351104431e-05
7.733919354839667903e+01,9.444624236566503679e-05,1.147885348206720421e-04,1.301095535835579517e-04,9.101221216493494189e-06,3.932519614385810038e-05,5.874275454518704774e-05
7.789321853624788616e+01,9.354057338025973734e-05,1.137038439115652957e-04,1.289172564800912199e-04,8.949834500506364399e-06,3.867653167818136046e-05,5.779046184905008003e-05
7.845121232275189982e+01,9.264358821868766663e-05,1.126292212033592951e-04,1.277352611543270007e-04,8.800965819031173235e-06,3.803850553957309146e-05,5.685332917756459343e-05
7.901320333868899581e+01,9.175520363590397479e-05,1.115645770311540780e-04,1.265634916749644966e-04,8.654573291566358310e-06,3.741094495801638607e-05,5.593112288320804126e-05
7.957922021850566807e+01,9.087533718449267487e-05,1.105098224486330237e-04,1.254018723855022987e-04,8.510615734112400419e-06,3.679367992198892122e-05,5.502361270508976702e-05
8.014929180177317392e+01,9.000390720703266691e-05,1.094648692240454913e-04,1.242503279103330128e-04,8.369052647590370861e-06,3.618654313574320384e-05,5.413057172593536449e-05
8.072344713465717803e+01,8.914083282853540069e-05,1.084296298361688980e-04,1.231087831606180632e-04,8.229844206452865336e-06,3.558936997721053085e-05,5.325177632943745080e-05
8.130171547139772770e+01,8.828603394895519359e-05,1.074040174702534919e-04,1.219771633399497485e-04,8.092951247484305620e-06,3.500199845652131146e-05,5.238700615797678932e-05
8.188412627579964465e+01,8.743943123577137678e-05,1.063879460139512400e-04,1.208553939498050090e-04,7.958335258787478374e-06,3.442426917513391140e-05,5.153604407071625619e-05
8.247070922273414340e+01,8.660094611664038609e-05,1.053813300532280473e-04,1.197434007947938194e-04,7.825958368953034756e-06,3.385602528556323038e-05,5.069867610206881588e-05
8.306149419965032621e+01,8.577050077211951856e-05,1.043840848682639418e-04,1.186411099877098760e-04,7.695783336409245430e-06,3.329711245170276506e-05,4.987469142054354462e-05
8.365651130809828828e+01,8.494801812845870919e-05,1.033961264293387024e-04,1.175484479543843541e-04,7.567773538948614358e-06,3.274737880973054195e-05,4.906388228796903730e-05
8.425579086526281003e+01,8.413342185046207610e-05,1.024173713927066466e-04,1.164653414383497247e-04,7.441892963428718789e-06,3.220667492959256424e-05,4.826604401909731534e-05
8.485936340550792067e+01,8.332663633441749927e-05,1.014477370964608327e-04,1.153917175053168593e-04,7.318106195644251562e-06,3.167485377705574927e-05,4.748097494158931933e-05
8.546725968193311473e+01,8.252758670109306761e-05,1.004871415563869349e-04,1.143275035474690399e-04,7.196378410367351908e-06,3.115177067632223206e-05,4.670847635638197321e-05
8.607951066793968664e+01,8.173619878880184419e-05,9.953550346181035634e-05,1.132726272875793518e-04,7.076675361553703985e-06,3.063728327319914627e-05,4.594835249844003174e-05
8.669614755880925827e+01,8.095239914653146684e-05,9.859274217143424780e-05,1.122270167829520166e-04,6.958963372711269979e-06,3.013125149881448048e-05,4.520041049789065129e-05
8.731720177329313515e+01,8.017611502714030514e-05,9.765877770917210559e-05,1.111906004291948323e-04,6.843209327429244565e-06,2.963353753387314507e-05,4.446446034154321166e-05
8.794270495521305975e+01,7.940727438061827661e-05,9.673353075997484008e-05,1.101633069638245936e-04,6.729380660064460096e-06,2.914400577344554151e-05,4.374031483479398890e-05
8.857268897507390193e+01,7.864580584741168493e-05,9.581692266565261290e-05,1.091450654697098530e-04,6.617445346582543004e-06,2.866252279228101769e-05,4.302778956391539473e-05
8.920718593168693644e+01,7.789163875181304261e-05,9.490887542069470896e-05,1.081358053783561355e-04,6.507371895551528518e-06,2.818895731064035114e-05,4.232670285873129350e-05
8.984622815380573968e+01,7.714470309541273383e-05,9.400931166808522085e-05,1.071354564730347692e-04,6.399129339285024130e-06,2.772318016063865775e-05,4.163687575567630972e-05
9.048984820177327038e+01,7.640492955061407594e-05,9.311815469511767606e-05,1.061439488917610268e-04,6.292687225132718675e-06,2.726506425309290838e-05,4.095813196124010194e-05
9.113807886918080214e+01,7.567224945421003148e-05,9.223532842920882397e-05,1.051612131301244481e-04,6.188015606915686610e-06,2.681448454486684032e-05,4.029029781579589810e-05
9.179095318453920527e+01,7.494659480102112341e-05,9.136075743371150130e-05,1.041871800439741520e-04,6.085085036504014159e-06,2.637131800670606350e-05,3.963320225781199828e-05
9.244850441296119925e+01,7.422789823759496004e-05,9.049436690372978786e-05,1.032217808519646376e-04,5.983866555534611109e-06,2.593544359155774425e-05,3.898667678844721377e-05
9.311076605785670779e+01,7.351609305596516080e-05,8.963608266193395910e-05,1.022649471379627131e-04,5.884331687266563805e-06,2.550674220336669748e-05,3.835055543652704399e-05
9.377777186263976716e+01,7.281111318747017058e-05,8.878583115437866410e-05,1.013166108533208377e-04,5.786452428571984630e-06,2.508509666634252419e-05,3.772467472390156042e-05
9.444955581244774123e+01,7.211289319663144763e-05,8.794353944632373279e-05,1.003767043190195859e-04,5.690201242060018442e-06,2.467039169469076372e-05,3.710887363118296452e-05
9.512615213587329777e+01,7.142136827508950732e-05,8.710913521805846611e-05,9.944516022768158051e-05,5.595551048331735091e-06,2.426251386280146077e-05,3.650299356386142382e-05
9.580759530670789559e+01,7.073647423559891931e-05,8.628254676073091360e-05,9.852191164546211073e-05,5.502475218363914934e-06,2.386135157588950247e-05,3.590687831879906417e-05
9.649392004569855885e+01,7.005814750607992718e-05,8.546370297218167740e-05,9.760689201381705926e-05,5.410947566019363287e-06,2.346679504107954958e-05,3.532037405109903492e-05
9.718516132231698634e+01,6.938632512372711069e-05,8.465253335278332715e-05,9.670003515115244825e-05,5.320942340681781072e-06,2.307873623892985938e-05,3.474332924134930831e-05
9.788135435654113792e+01,6.872094472917460270e-05,8.384896800128648260e-05,9.580127525435876146e-05,5.232434220013123205e-06,2.269706889538882397e-05,3.417559466323924787e-05
9.858253462065015071e+01,6.806194456071668173e-05,8.305293761067233374e-05,9.491054690023183193e-05,5.145398302831302578e-06,2.232168845417780315e-05,3.361702335154677742e-05
9.928873784103113564e+01,6.740926344858426866e-05,8.226437346401346861e-05,9.402778504678487568e-05,5.059810102106442226e-06,2.195249204959499718e-05,3.306747057049566288e-05
1.000000000000000000e+02,6.676284080927545746e-05,8.148320743034174844e-05,9.315292503445228133e-05,4.975645538073444608e-06,2.158937847973335593e-05,3.252679378247915945e-05
